nohup: ignoring input
ToxinPred3 scoring server starting on port 8765...
 * Serving Flask app 'toxinpred3_server'
 * Debug mode: off
[31m[1mWARNING: This is a development server. Do not use it in a production deployment. Use a production WSGI server instead.[0m
 * Running on http://127.0.0.1:8765
[33mPress CTRL+C to quit[0m
127.0.0.1 - - [26/Jul/2026 05:08:37] "GET /health HTTP/1.1" 200 -
/home/praghuram23/miniconda3/envs/toxin_hemo/lib/python3.10/site-packages/sklearn/base.py:439: UserWarning: X does not have valid feature names, but ExtraTreesClassifier was fitted with feature names
  warnings.warn(

This is the MERCI (Motif - EmeRging and with Classes - Identification) motif locator program.

   * Loading hierarchy NONE
   * Reading data
       input file Sequence_1 read -> 2 sequences found
   * Motif locations written to merci_p.txt

This is the MERCI (Motif - EmeRging and with Classes - Identification) motif locator program.

   * Loading hierarchy NONE
   * Reading data
       input file Sequence_1 read -> 2 sequences found
   * Motif locations written to merci_n.txt
127.0.0.1 - - [26/Jul/2026 05:08:42] "POST /score HTTP/1.1" 200 -
/home/praghuram23/miniconda3/envs/toxin_hemo/lib/python3.10/site-packages/sklearn/base.py:439: UserWarning: X does not have valid feature names, but ExtraTreesClassifier was fitted with feature names
  warnings.warn(

This is the MERCI (Motif - EmeRging and with Classes - Identification) motif locator program.

   * Loading hierarchy NONE
   * Reading data
       input file Sequence_1 read -> 2 sequences found
   * Motif locations written to merci_p.txt

This is the MERCI (Motif - EmeRging and with Classes - Identification) motif locator program.

   * Loading hierarchy NONE
   * Reading data
       input file Sequence_1 read -> 2 sequences found
   * Motif locations written to merci_n.txt
127.0.0.1 - - [26/Jul/2026 05:10:50] "POST /score HTTP/1.1" 200 -
127.0.0.1 - - [26/Jul/2026 05:12:04] "GET /health HTTP/1.1" 200 -
/home/praghuram23/miniconda3/envs/toxin_hemo/lib/python3.10/site-packages/sklearn/base.py:439: UserWarning: X does not have valid feature names, but ExtraTreesClassifier was fitted with feature names
  warnings.warn(

This is the MERCI (Motif - EmeRging and with Classes - Identification) motif locator program.

   * Loading hierarchy NONE
   * Reading data
       input file Sequence_1 read -> 256 sequences found
   * Motif locations written to merci_p.txt

This is the MERCI (Motif - EmeRging and with Classes - Identification) motif locator program.

   * Loading hierarchy NONE
   * Reading data
       input file Sequence_1 read -> 256 sequences found
   * Motif locations written to merci_n.txt
/home/praghuram23/miniconda3/envs/toxin_hemo/lib/python3.10/site-packages/toxinpred3/python_scripts/toxinpred3.py:142: SettingWithCopyWarning: 
A value is trying to be set on a copy of a slice from a DataFrame

See the caveats in the documentation: https://pandas.pydata.org/pandas-docs/stable/user_guide/indexing.html#returning-a-view-versus-a-copy
  df2.replace(to_replace=r"\)", value='', regex=True, inplace=True)
/home/praghuram23/miniconda3/envs/toxin_hemo/lib/python3.10/site-packages/toxinpred3/python_scripts/toxinpred3.py:143: SettingWithCopyWarning: 
A value is trying to be set on a copy of a slice from a DataFrame

See the caveats in the documentation: https://pandas.pydata.org/pandas-docs/stable/user_guide/indexing.html#returning-a-view-versus-a-copy
  df2.replace(to_replace=r'motifs match', value='', regex=True, inplace=True)
/home/praghuram23/miniconda3/envs/toxin_hemo/lib/python3.10/site-packages/toxinpred3/python_scripts/toxinpred3.py:144: SettingWithCopyWarning: 
A value is trying to be set on a copy of a slice from a DataFrame

See the caveats in the documentation: https://pandas.pydata.org/pandas-docs/stable/user_guide/indexing.html#returning-a-view-versus-a-copy
  df2.replace(to_replace=r' $', value='', regex=True,inplace=True)
/home/praghuram23/miniconda3/envs/toxin_hemo/lib/python3.10/site-packages/toxinpred3/python_scripts/toxinpred3.py:209: SettingWithCopyWarning: 
A value is trying to be set on a copy of a slice from a DataFrame

See the caveats in the documentation: https://pandas.pydata.org/pandas-docs/stable/user_guide/indexing.html#returning-a-view-versus-a-copy
  df2.replace(to_replace=r"\)", value='', regex=True, inplace=True)
/home/praghuram23/miniconda3/envs/toxin_hemo/lib/python3.10/site-packages/toxinpred3/python_scripts/toxinpred3.py:210: SettingWithCopyWarning: 
A value is trying to be set on a copy of a slice from a DataFrame

See the caveats in the documentation: https://pandas.pydata.org/pandas-docs/stable/user_guide/indexing.html#returning-a-view-versus-a-copy
  df2.replace(to_replace=r'motifs match', value='', regex=True, inplace=True)
/home/praghuram23/miniconda3/envs/toxin_hemo/lib/python3.10/site-packages/toxinpred3/python_scripts/toxinpred3.py:211: SettingWithCopyWarning: 
A value is trying to be set on a copy of a slice from a DataFrame

See the caveats in the documentation: https://pandas.pydata.org/pandas-docs/stable/user_guide/indexing.html#returning-a-view-versus-a-copy
  df2.replace(to_replace=r' $', value='', regex=True,inplace=True)
127.0.0.1 - - [26/Jul/2026 05:12:54] "POST /score HTTP/1.1" 200 -
/home/praghuram23/miniconda3/envs/toxin_hemo/lib/python3.10/site-packages/sklearn/base.py:439: UserWarning: X does not have valid feature names, but ExtraTreesClassifier was fitted with feature names
  warnings.warn(

This is the MERCI (Motif - EmeRging and with Classes - Identification) motif locator program.

   * Loading hierarchy NONE
   * Reading data
       input file Sequence_1 read -> 256 sequences found
   * Motif locations written to merci_p.txt

This is the MERCI (Motif - EmeRging and with Classes - Identification) motif locator program.

   * Loading hierarchy NONE
   * Reading data
       input file Sequence_1 read -> 256 sequences found
   * Motif locations written to merci_n.txt
/home/praghuram23/miniconda3/envs/toxin_hemo/lib/python3.10/site-packages/toxinpred3/python_scripts/toxinpred3.py:142: SettingWithCopyWarning: 
A value is trying to be set on a copy of a slice from a DataFrame

See the caveats in the documentation: https://pandas.pydata.org/pandas-docs/stable/user_guide/indexing.html#returning-a-view-versus-a-copy
  df2.replace(to_replace=r"\)", value='', regex=True, inplace=True)
/home/praghuram23/miniconda3/envs/toxin_hemo/lib/python3.10/site-packages/toxinpred3/python_scripts/toxinpred3.py:143: SettingWithCopyWarning: 
A value is trying to be set on a copy of a slice from a DataFrame

See the caveats in the documentation: https://pandas.pydata.org/pandas-docs/stable/user_guide/indexing.html#returning-a-view-versus-a-copy
  df2.replace(to_replace=r'motifs match', value='', regex=True, inplace=True)
/home/praghuram23/miniconda3/envs/toxin_hemo/lib/python3.10/site-packages/toxinpred3/python_scripts/toxinpred3.py:144: SettingWithCopyWarning: 
A value is trying to be set on a copy of a slice from a DataFrame

See the caveats in the documentation: https://pandas.pydata.org/pandas-docs/stable/user_guide/indexing.html#returning-a-view-versus-a-copy
  df2.replace(to_replace=r' $', value='', regex=True,inplace=True)
/home/praghuram23/miniconda3/envs/toxin_hemo/lib/python3.10/site-packages/toxinpred3/python_scripts/toxinpred3.py:209: SettingWithCopyWarning: 
A value is trying to be set on a copy of a slice from a DataFrame

See the caveats in the documentation: https://pandas.pydata.org/pandas-docs/stable/user_guide/indexing.html#returning-a-view-versus-a-copy
  df2.replace(to_replace=r"\)", value='', regex=True, inplace=True)
/home/praghuram23/miniconda3/envs/toxin_hemo/lib/python3.10/site-packages/toxinpred3/python_scripts/toxinpred3.py:210: SettingWithCopyWarning: 
A value is trying to be set on a copy of a slice from a DataFrame

See the caveats in the documentation: https://pandas.pydata.org/pandas-docs/stable/user_guide/indexing.html#returning-a-view-versus-a-copy
  df2.replace(to_replace=r'motifs match', value='', regex=True, inplace=True)
/home/praghuram23/miniconda3/envs/toxin_hemo/lib/python3.10/site-packages/toxinpred3/python_scripts/toxinpred3.py:211: SettingWithCopyWarning: 
A value is trying to be set on a copy of a slice from a DataFrame

See the caveats in the documentation: https://pandas.pydata.org/pandas-docs/stable/user_guide/indexing.html#returning-a-view-versus-a-copy
  df2.replace(to_replace=r' $', value='', regex=True,inplace=True)
127.0.0.1 - - [26/Jul/2026 05:13:42] "POST /score HTTP/1.1" 200 -
/home/praghuram23/miniconda3/envs/toxin_hemo/lib/python3.10/site-packages/sklearn/base.py:439: UserWarning: X does not have valid feature names, but ExtraTreesClassifier was fitted with feature names
  warnings.warn(

This is the MERCI (Motif - EmeRging and with Classes - Identification) motif locator program.

   * Loading hierarchy NONE
   * Reading data
       input file Sequence_1 read -> 256 sequences found
   * Motif locations written to merci_p.txt

This is the MERCI (Motif - EmeRging and with Classes - Identification) motif locator program.

   * Loading hierarchy NONE
   * Reading data
       input file Sequence_1 read -> 256 sequences found
   * Motif locations written to merci_n.txt
/home/praghuram23/miniconda3/envs/toxin_hemo/lib/python3.10/site-packages/toxinpred3/python_scripts/toxinpred3.py:142: SettingWithCopyWarning: 
A value is trying to be set on a copy of a slice from a DataFrame

See the caveats in the documentation: https://pandas.pydata.org/pandas-docs/stable/user_guide/indexing.html#returning-a-view-versus-a-copy
  df2.replace(to_replace=r"\)", value='', regex=True, inplace=True)
/home/praghuram23/miniconda3/envs/toxin_hemo/lib/python3.10/site-packages/toxinpred3/python_scripts/toxinpred3.py:143: SettingWithCopyWarning: 
A value is trying to be set on a copy of a slice from a DataFrame

See the caveats in the documentation: https://pandas.pydata.org/pandas-docs/stable/user_guide/indexing.html#returning-a-view-versus-a-copy
  df2.replace(to_replace=r'motifs match', value='', regex=True, inplace=True)
/home/praghuram23/miniconda3/envs/toxin_hemo/lib/python3.10/site-packages/toxinpred3/python_scripts/toxinpred3.py:144: SettingWithCopyWarning: 
A value is trying to be set on a copy of a slice from a DataFrame

See the caveats in the documentation: https://pandas.pydata.org/pandas-docs/stable/user_guide/indexing.html#returning-a-view-versus-a-copy
  df2.replace(to_replace=r' $', value='', regex=True,inplace=True)
/home/praghuram23/miniconda3/envs/toxin_hemo/lib/python3.10/site-packages/toxinpred3/python_scripts/toxinpred3.py:209: SettingWithCopyWarning: 
A value is trying to be set on a copy of a slice from a DataFrame

See the caveats in the documentation: https://pandas.pydata.org/pandas-docs/stable/user_guide/indexing.html#returning-a-view-versus-a-copy
  df2.replace(to_replace=r"\)", value='', regex=True, inplace=True)
/home/praghuram23/miniconda3/envs/toxin_hemo/lib/python3.10/site-packages/toxinpred3/python_scripts/toxinpred3.py:210: SettingWithCopyWarning: 
A value is trying to be set on a copy of a slice from a DataFrame

See the caveats in the documentation: https://pandas.pydata.org/pandas-docs/stable/user_guide/indexing.html#returning-a-view-versus-a-copy
  df2.replace(to_replace=r'motifs match', value='', regex=True, inplace=True)
/home/praghuram23/miniconda3/envs/toxin_hemo/lib/python3.10/site-packages/toxinpred3/python_scripts/toxinpred3.py:211: SettingWithCopyWarning: 
A value is trying to be set on a copy of a slice from a DataFrame

See the caveats in the documentation: https://pandas.pydata.org/pandas-docs/stable/user_guide/indexing.html#returning-a-view-versus-a-copy
  df2.replace(to_replace=r' $', value='', regex=True,inplace=True)
127.0.0.1 - - [26/Jul/2026 05:14:26] "POST /score HTTP/1.1" 200 -
/home/praghuram23/miniconda3/envs/toxin_hemo/lib/python3.10/site-packages/sklearn/base.py:439: UserWarning: X does not have valid feature names, but ExtraTreesClassifier was fitted with feature names
  warnings.warn(

This is the MERCI (Motif - EmeRging and with Classes - Identification) motif locator program.

   * Loading hierarchy NONE
   * Reading data
       input file Sequence_1 read -> 256 sequences found
   * Motif locations written to merci_p.txt

This is the MERCI (Motif - EmeRging and with Classes - Identification) motif locator program.

   * Loading hierarchy NONE
   * Reading data
       input file Sequence_1 read -> 256 sequences found
   * Motif locations written to merci_n.txt
/home/praghuram23/miniconda3/envs/toxin_hemo/lib/python3.10/site-packages/toxinpred3/python_scripts/toxinpred3.py:142: SettingWithCopyWarning: 
A value is trying to be set on a copy of a slice from a DataFrame

See the caveats in the documentation: https://pandas.pydata.org/pandas-docs/stable/user_guide/indexing.html#returning-a-view-versus-a-copy
  df2.replace(to_replace=r"\)", value='', regex=True, inplace=True)
/home/praghuram23/miniconda3/envs/toxin_hemo/lib/python3.10/site-packages/toxinpred3/python_scripts/toxinpred3.py:143: SettingWithCopyWarning: 
A value is trying to be set on a copy of a slice from a DataFrame

See the caveats in the documentation: https://pandas.pydata.org/pandas-docs/stable/user_guide/indexing.html#returning-a-view-versus-a-copy
  df2.replace(to_replace=r'motifs match', value='', regex=True, inplace=True)
/home/praghuram23/miniconda3/envs/toxin_hemo/lib/python3.10/site-packages/toxinpred3/python_scripts/toxinpred3.py:144: SettingWithCopyWarning: 
A value is trying to be set on a copy of a slice from a DataFrame

See the caveats in the documentation: https://pandas.pydata.org/pandas-docs/stable/user_guide/indexing.html#returning-a-view-versus-a-copy
  df2.replace(to_replace=r' $', value='', regex=True,inplace=True)
/home/praghuram23/miniconda3/envs/toxin_hemo/lib/python3.10/site-packages/toxinpred3/python_scripts/toxinpred3.py:209: SettingWithCopyWarning: 
A value is trying to be set on a copy of a slice from a DataFrame

See the caveats in the documentation: https://pandas.pydata.org/pandas-docs/stable/user_guide/indexing.html#returning-a-view-versus-a-copy
  df2.replace(to_replace=r"\)", value='', regex=True, inplace=True)
/home/praghuram23/miniconda3/envs/toxin_hemo/lib/python3.10/site-packages/toxinpred3/python_scripts/toxinpred3.py:210: SettingWithCopyWarning: 
A value is trying to be set on a copy of a slice from a DataFrame

See the caveats in the documentation: https://pandas.pydata.org/pandas-docs/stable/user_guide/indexing.html#returning-a-view-versus-a-copy
  df2.replace(to_replace=r'motifs match', value='', regex=True, inplace=True)
/home/praghuram23/miniconda3/envs/toxin_hemo/lib/python3.10/site-packages/toxinpred3/python_scripts/toxinpred3.py:211: SettingWithCopyWarning: 
A value is trying to be set on a copy of a slice from a DataFrame

See the caveats in the documentation: https://pandas.pydata.org/pandas-docs/stable/user_guide/indexing.html#returning-a-view-versus-a-copy
  df2.replace(to_replace=r' $', value='', regex=True,inplace=True)
127.0.0.1 - - [26/Jul/2026 05:15:06] "POST /score HTTP/1.1" 200 -
/home/praghuram23/miniconda3/envs/toxin_hemo/lib/python3.10/site-packages/sklearn/base.py:439: UserWarning: X does not have valid feature names, but ExtraTreesClassifier was fitted with feature names
  warnings.warn(

This is the MERCI (Motif - EmeRging and with Classes - Identification) motif locator program.

   * Loading hierarchy NONE
   * Reading data
       input file Sequence_1 read -> 256 sequences found
   * Motif locations written to merci_p.txt

This is the MERCI (Motif - EmeRging and with Classes - Identification) motif locator program.

   * Loading hierarchy NONE
   * Reading data
       input file Sequence_1 read -> 256 sequences found
   * Motif locations written to merci_n.txt
/home/praghuram23/miniconda3/envs/toxin_hemo/lib/python3.10/site-packages/toxinpred3/python_scripts/toxinpred3.py:142: SettingWithCopyWarning: 
A value is trying to be set on a copy of a slice from a DataFrame

See the caveats in the documentation: https://pandas.pydata.org/pandas-docs/stable/user_guide/indexing.html#returning-a-view-versus-a-copy
  df2.replace(to_replace=r"\)", value='', regex=True, inplace=True)
/home/praghuram23/miniconda3/envs/toxin_hemo/lib/python3.10/site-packages/toxinpred3/python_scripts/toxinpred3.py:143: SettingWithCopyWarning: 
A value is trying to be set on a copy of a slice from a DataFrame

See the caveats in the documentation: https://pandas.pydata.org/pandas-docs/stable/user_guide/indexing.html#returning-a-view-versus-a-copy
  df2.replace(to_replace=r'motifs match', value='', regex=True, inplace=True)
/home/praghuram23/miniconda3/envs/toxin_hemo/lib/python3.10/site-packages/toxinpred3/python_scripts/toxinpred3.py:144: SettingWithCopyWarning: 
A value is trying to be set on a copy of a slice from a DataFrame

See the caveats in the documentation: https://pandas.pydata.org/pandas-docs/stable/user_guide/indexing.html#returning-a-view-versus-a-copy
  df2.replace(to_replace=r' $', value='', regex=True,inplace=True)
/home/praghuram23/miniconda3/envs/toxin_hemo/lib/python3.10/site-packages/toxinpred3/python_scripts/toxinpred3.py:209: SettingWithCopyWarning: 
A value is trying to be set on a copy of a slice from a DataFrame

See the caveats in the documentation: https://pandas.pydata.org/pandas-docs/stable/user_guide/indexing.html#returning-a-view-versus-a-copy
  df2.replace(to_replace=r"\)", value='', regex=True, inplace=True)
/home/praghuram23/miniconda3/envs/toxin_hemo/lib/python3.10/site-packages/toxinpred3/python_scripts/toxinpred3.py:210: SettingWithCopyWarning: 
A value is trying to be set on a copy of a slice from a DataFrame

See the caveats in the documentation: https://pandas.pydata.org/pandas-docs/stable/user_guide/indexing.html#returning-a-view-versus-a-copy
  df2.replace(to_replace=r'motifs match', value='', regex=True, inplace=True)
/home/praghuram23/miniconda3/envs/toxin_hemo/lib/python3.10/site-packages/toxinpred3/python_scripts/toxinpred3.py:211: SettingWithCopyWarning: 
A value is trying to be set on a copy of a slice from a DataFrame

See the caveats in the documentation: https://pandas.pydata.org/pandas-docs/stable/user_guide/indexing.html#returning-a-view-versus-a-copy
  df2.replace(to_replace=r' $', value='', regex=True,inplace=True)
127.0.0.1 - - [26/Jul/2026 05:15:45] "POST /score HTTP/1.1" 200 -
/home/praghuram23/miniconda3/envs/toxin_hemo/lib/python3.10/site-packages/sklearn/base.py:439: UserWarning: X does not have valid feature names, but ExtraTreesClassifier was fitted with feature names
  warnings.warn(

This is the MERCI (Motif - EmeRging and with Classes - Identification) motif locator program.

   * Loading hierarchy NONE
   * Reading data
       input file Sequence_1 read -> 256 sequences found
   * Motif locations written to merci_p.txt

This is the MERCI (Motif - EmeRging and with Classes - Identification) motif locator program.

   * Loading hierarchy NONE
   * Reading data
       input file Sequence_1 read -> 256 sequences found
   * Motif locations written to merci_n.txt
/home/praghuram23/miniconda3/envs/toxin_hemo/lib/python3.10/site-packages/toxinpred3/python_scripts/toxinpred3.py:142: SettingWithCopyWarning: 
A value is trying to be set on a copy of a slice from a DataFrame

See the caveats in the documentation: https://pandas.pydata.org/pandas-docs/stable/user_guide/indexing.html#returning-a-view-versus-a-copy
  df2.replace(to_replace=r"\)", value='', regex=True, inplace=True)
/home/praghuram23/miniconda3/envs/toxin_hemo/lib/python3.10/site-packages/toxinpred3/python_scripts/toxinpred3.py:143: SettingWithCopyWarning: 
A value is trying to be set on a copy of a slice from a DataFrame

See the caveats in the documentation: https://pandas.pydata.org/pandas-docs/stable/user_guide/indexing.html#returning-a-view-versus-a-copy
  df2.replace(to_replace=r'motifs match', value='', regex=True, inplace=True)
/home/praghuram23/miniconda3/envs/toxin_hemo/lib/python3.10/site-packages/toxinpred3/python_scripts/toxinpred3.py:144: SettingWithCopyWarning: 
A value is trying to be set on a copy of a slice from a DataFrame

See the caveats in the documentation: https://pandas.pydata.org/pandas-docs/stable/user_guide/indexing.html#returning-a-view-versus-a-copy
  df2.replace(to_replace=r' $', value='', regex=True,inplace=True)
/home/praghuram23/miniconda3/envs/toxin_hemo/lib/python3.10/site-packages/toxinpred3/python_scripts/toxinpred3.py:209: SettingWithCopyWarning: 
A value is trying to be set on a copy of a slice from a DataFrame

See the caveats in the documentation: https://pandas.pydata.org/pandas-docs/stable/user_guide/indexing.html#returning-a-view-versus-a-copy
  df2.replace(to_replace=r"\)", value='', regex=True, inplace=True)
/home/praghuram23/miniconda3/envs/toxin_hemo/lib/python3.10/site-packages/toxinpred3/python_scripts/toxinpred3.py:210: SettingWithCopyWarning: 
A value is trying to be set on a copy of a slice from a DataFrame

See the caveats in the documentation: https://pandas.pydata.org/pandas-docs/stable/user_guide/indexing.html#returning-a-view-versus-a-copy
  df2.replace(to_replace=r'motifs match', value='', regex=True, inplace=True)
/home/praghuram23/miniconda3/envs/toxin_hemo/lib/python3.10/site-packages/toxinpred3/python_scripts/toxinpred3.py:211: SettingWithCopyWarning: 
A value is trying to be set on a copy of a slice from a DataFrame

See the caveats in the documentation: https://pandas.pydata.org/pandas-docs/stable/user_guide/indexing.html#returning-a-view-versus-a-copy
  df2.replace(to_replace=r' $', value='', regex=True,inplace=True)
127.0.0.1 - - [26/Jul/2026 05:16:22] "POST /score HTTP/1.1" 200 -
/home/praghuram23/miniconda3/envs/toxin_hemo/lib/python3.10/site-packages/sklearn/base.py:439: UserWarning: X does not have valid feature names, but ExtraTreesClassifier was fitted with feature names
  warnings.warn(

This is the MERCI (Motif - EmeRging and with Classes - Identification) motif locator program.

   * Loading hierarchy NONE
   * Reading data
       input file Sequence_1 read -> 256 sequences found
   * Motif locations written to merci_p.txt

This is the MERCI (Motif - EmeRging and with Classes - Identification) motif locator program.

   * Loading hierarchy NONE
   * Reading data
       input file Sequence_1 read -> 256 sequences found
   * Motif locations written to merci_n.txt
/home/praghuram23/miniconda3/envs/toxin_hemo/lib/python3.10/site-packages/toxinpred3/python_scripts/toxinpred3.py:142: SettingWithCopyWarning: 
A value is trying to be set on a copy of a slice from a DataFrame

See the caveats in the documentation: https://pandas.pydata.org/pandas-docs/stable/user_guide/indexing.html#returning-a-view-versus-a-copy
  df2.replace(to_replace=r"\)", value='', regex=True, inplace=True)
/home/praghuram23/miniconda3/envs/toxin_hemo/lib/python3.10/site-packages/toxinpred3/python_scripts/toxinpred3.py:143: SettingWithCopyWarning: 
A value is trying to be set on a copy of a slice from a DataFrame

See the caveats in the documentation: https://pandas.pydata.org/pandas-docs/stable/user_guide/indexing.html#returning-a-view-versus-a-copy
  df2.replace(to_replace=r'motifs match', value='', regex=True, inplace=True)
/home/praghuram23/miniconda3/envs/toxin_hemo/lib/python3.10/site-packages/toxinpred3/python_scripts/toxinpred3.py:144: SettingWithCopyWarning: 
A value is trying to be set on a copy of a slice from a DataFrame

See the caveats in the documentation: https://pandas.pydata.org/pandas-docs/stable/user_guide/indexing.html#returning-a-view-versus-a-copy
  df2.replace(to_replace=r' $', value='', regex=True,inplace=True)
/home/praghuram23/miniconda3/envs/toxin_hemo/lib/python3.10/site-packages/toxinpred3/python_scripts/toxinpred3.py:209: SettingWithCopyWarning: 
A value is trying to be set on a copy of a slice from a DataFrame

See the caveats in the documentation: https://pandas.pydata.org/pandas-docs/stable/user_guide/indexing.html#returning-a-view-versus-a-copy
  df2.replace(to_replace=r"\)", value='', regex=True, inplace=True)
/home/praghuram23/miniconda3/envs/toxin_hemo/lib/python3.10/site-packages/toxinpred3/python_scripts/toxinpred3.py:210: SettingWithCopyWarning: 
A value is trying to be set on a copy of a slice from a DataFrame

See the caveats in the documentation: https://pandas.pydata.org/pandas-docs/stable/user_guide/indexing.html#returning-a-view-versus-a-copy
  df2.replace(to_replace=r'motifs match', value='', regex=True, inplace=True)
/home/praghuram23/miniconda3/envs/toxin_hemo/lib/python3.10/site-packages/toxinpred3/python_scripts/toxinpred3.py:211: SettingWithCopyWarning: 
A value is trying to be set on a copy of a slice from a DataFrame

See the caveats in the documentation: https://pandas.pydata.org/pandas-docs/stable/user_guide/indexing.html#returning-a-view-versus-a-copy
  df2.replace(to_replace=r' $', value='', regex=True,inplace=True)
127.0.0.1 - - [26/Jul/2026 05:17:00] "POST /score HTTP/1.1" 200 -
/home/praghuram23/miniconda3/envs/toxin_hemo/lib/python3.10/site-packages/sklearn/base.py:439: UserWarning: X does not have valid feature names, but ExtraTreesClassifier was fitted with feature names
  warnings.warn(

This is the MERCI (Motif - EmeRging and with Classes - Identification) motif locator program.

   * Loading hierarchy NONE
   * Reading data
       input file Sequence_1 read -> 256 sequences found
   * Motif locations written to merci_p.txt

This is the MERCI (Motif - EmeRging and with Classes - Identification) motif locator program.

   * Loading hierarchy NONE
   * Reading data
       input file Sequence_1 read -> 256 sequences found
   * Motif locations written to merci_n.txt
/home/praghuram23/miniconda3/envs/toxin_hemo/lib/python3.10/site-packages/toxinpred3/python_scripts/toxinpred3.py:142: SettingWithCopyWarning: 
A value is trying to be set on a copy of a slice from a DataFrame

See the caveats in the documentation: https://pandas.pydata.org/pandas-docs/stable/user_guide/indexing.html#returning-a-view-versus-a-copy
  df2.replace(to_replace=r"\)", value='', regex=True, inplace=True)
/home/praghuram23/miniconda3/envs/toxin_hemo/lib/python3.10/site-packages/toxinpred3/python_scripts/toxinpred3.py:143: SettingWithCopyWarning: 
A value is trying to be set on a copy of a slice from a DataFrame

See the caveats in the documentation: https://pandas.pydata.org/pandas-docs/stable/user_guide/indexing.html#returning-a-view-versus-a-copy
  df2.replace(to_replace=r'motifs match', value='', regex=True, inplace=True)
/home/praghuram23/miniconda3/envs/toxin_hemo/lib/python3.10/site-packages/toxinpred3/python_scripts/toxinpred3.py:144: SettingWithCopyWarning: 
A value is trying to be set on a copy of a slice from a DataFrame

See the caveats in the documentation: https://pandas.pydata.org/pandas-docs/stable/user_guide/indexing.html#returning-a-view-versus-a-copy
  df2.replace(to_replace=r' $', value='', regex=True,inplace=True)
/home/praghuram23/miniconda3/envs/toxin_hemo/lib/python3.10/site-packages/toxinpred3/python_scripts/toxinpred3.py:209: SettingWithCopyWarning: 
A value is trying to be set on a copy of a slice from a DataFrame

See the caveats in the documentation: https://pandas.pydata.org/pandas-docs/stable/user_guide/indexing.html#returning-a-view-versus-a-copy
  df2.replace(to_replace=r"\)", value='', regex=True, inplace=True)
/home/praghuram23/miniconda3/envs/toxin_hemo/lib/python3.10/site-packages/toxinpred3/python_scripts/toxinpred3.py:210: SettingWithCopyWarning: 
A value is trying to be set on a copy of a slice from a DataFrame

See the caveats in the documentation: https://pandas.pydata.org/pandas-docs/stable/user_guide/indexing.html#returning-a-view-versus-a-copy
  df2.replace(to_replace=r'motifs match', value='', regex=True, inplace=True)
/home/praghuram23/miniconda3/envs/toxin_hemo/lib/python3.10/site-packages/toxinpred3/python_scripts/toxinpred3.py:211: SettingWithCopyWarning: 
A value is trying to be set on a copy of a slice from a DataFrame

See the caveats in the documentation: https://pandas.pydata.org/pandas-docs/stable/user_guide/indexing.html#returning-a-view-versus-a-copy
  df2.replace(to_replace=r' $', value='', regex=True,inplace=True)
127.0.0.1 - - [26/Jul/2026 05:17:34] "POST /score HTTP/1.1" 200 -
/home/praghuram23/miniconda3/envs/toxin_hemo/lib/python3.10/site-packages/sklearn/base.py:439: UserWarning: X does not have valid feature names, but ExtraTreesClassifier was fitted with feature names
  warnings.warn(

This is the MERCI (Motif - EmeRging and with Classes - Identification) motif locator program.

   * Loading hierarchy NONE
   * Reading data
       input file Sequence_1 read -> 256 sequences found
   * Motif locations written to merci_p.txt

This is the MERCI (Motif - EmeRging and with Classes - Identification) motif locator program.

   * Loading hierarchy NONE
   * Reading data
       input file Sequence_1 read -> 256 sequences found
   * Motif locations written to merci_n.txt
/home/praghuram23/miniconda3/envs/toxin_hemo/lib/python3.10/site-packages/toxinpred3/python_scripts/toxinpred3.py:142: SettingWithCopyWarning: 
A value is trying to be set on a copy of a slice from a DataFrame

See the caveats in the documentation: https://pandas.pydata.org/pandas-docs/stable/user_guide/indexing.html#returning-a-view-versus-a-copy
  df2.replace(to_replace=r"\)", value='', regex=True, inplace=True)
/home/praghuram23/miniconda3/envs/toxin_hemo/lib/python3.10/site-packages/toxinpred3/python_scripts/toxinpred3.py:143: SettingWithCopyWarning: 
A value is trying to be set on a copy of a slice from a DataFrame

See the caveats in the documentation: https://pandas.pydata.org/pandas-docs/stable/user_guide/indexing.html#returning-a-view-versus-a-copy
  df2.replace(to_replace=r'motifs match', value='', regex=True, inplace=True)
/home/praghuram23/miniconda3/envs/toxin_hemo/lib/python3.10/site-packages/toxinpred3/python_scripts/toxinpred3.py:144: SettingWithCopyWarning: 
A value is trying to be set on a copy of a slice from a DataFrame

See the caveats in the documentation: https://pandas.pydata.org/pandas-docs/stable/user_guide/indexing.html#returning-a-view-versus-a-copy
  df2.replace(to_replace=r' $', value='', regex=True,inplace=True)
/home/praghuram23/miniconda3/envs/toxin_hemo/lib/python3.10/site-packages/toxinpred3/python_scripts/toxinpred3.py:209: SettingWithCopyWarning: 
A value is trying to be set on a copy of a slice from a DataFrame

See the caveats in the documentation: https://pandas.pydata.org/pandas-docs/stable/user_guide/indexing.html#returning-a-view-versus-a-copy
  df2.replace(to_replace=r"\)", value='', regex=True, inplace=True)
/home/praghuram23/miniconda3/envs/toxin_hemo/lib/python3.10/site-packages/toxinpred3/python_scripts/toxinpred3.py:210: SettingWithCopyWarning: 
A value is trying to be set on a copy of a slice from a DataFrame

See the caveats in the documentation: https://pandas.pydata.org/pandas-docs/stable/user_guide/indexing.html#returning-a-view-versus-a-copy
  df2.replace(to_replace=r'motifs match', value='', regex=True, inplace=True)
/home/praghuram23/miniconda3/envs/toxin_hemo/lib/python3.10/site-packages/toxinpred3/python_scripts/toxinpred3.py:211: SettingWithCopyWarning: 
A value is trying to be set on a copy of a slice from a DataFrame

See the caveats in the documentation: https://pandas.pydata.org/pandas-docs/stable/user_guide/indexing.html#returning-a-view-versus-a-copy
  df2.replace(to_replace=r' $', value='', regex=True,inplace=True)
127.0.0.1 - - [26/Jul/2026 05:18:11] "POST /score HTTP/1.1" 200 -
/home/praghuram23/miniconda3/envs/toxin_hemo/lib/python3.10/site-packages/sklearn/base.py:439: UserWarning: X does not have valid feature names, but ExtraTreesClassifier was fitted with feature names
  warnings.warn(

This is the MERCI (Motif - EmeRging and with Classes - Identification) motif locator program.

   * Loading hierarchy NONE
   * Reading data
       input file Sequence_1 read -> 256 sequences found
   * Motif locations written to merci_p.txt

This is the MERCI (Motif - EmeRging and with Classes - Identification) motif locator program.

   * Loading hierarchy NONE
   * Reading data
       input file Sequence_1 read -> 256 sequences found
   * Motif locations written to merci_n.txt
/home/praghuram23/miniconda3/envs/toxin_hemo/lib/python3.10/site-packages/toxinpred3/python_scripts/toxinpred3.py:142: SettingWithCopyWarning: 
A value is trying to be set on a copy of a slice from a DataFrame

See the caveats in the documentation: https://pandas.pydata.org/pandas-docs/stable/user_guide/indexing.html#returning-a-view-versus-a-copy
  df2.replace(to_replace=r"\)", value='', regex=True, inplace=True)
/home/praghuram23/miniconda3/envs/toxin_hemo/lib/python3.10/site-packages/toxinpred3/python_scripts/toxinpred3.py:143: SettingWithCopyWarning: 
A value is trying to be set on a copy of a slice from a DataFrame

See the caveats in the documentation: https://pandas.pydata.org/pandas-docs/stable/user_guide/indexing.html#returning-a-view-versus-a-copy
  df2.replace(to_replace=r'motifs match', value='', regex=True, inplace=True)
/home/praghuram23/miniconda3/envs/toxin_hemo/lib/python3.10/site-packages/toxinpred3/python_scripts/toxinpred3.py:144: SettingWithCopyWarning: 
A value is trying to be set on a copy of a slice from a DataFrame

See the caveats in the documentation: https://pandas.pydata.org/pandas-docs/stable/user_guide/indexing.html#returning-a-view-versus-a-copy
  df2.replace(to_replace=r' $', value='', regex=True,inplace=True)
/home/praghuram23/miniconda3/envs/toxin_hemo/lib/python3.10/site-packages/toxinpred3/python_scripts/toxinpred3.py:209: SettingWithCopyWarning: 
A value is trying to be set on a copy of a slice from a DataFrame

See the caveats in the documentation: https://pandas.pydata.org/pandas-docs/stable/user_guide/indexing.html#returning-a-view-versus-a-copy
  df2.replace(to_replace=r"\)", value='', regex=True, inplace=True)
/home/praghuram23/miniconda3/envs/toxin_hemo/lib/python3.10/site-packages/toxinpred3/python_scripts/toxinpred3.py:210: SettingWithCopyWarning: 
A value is trying to be set on a copy of a slice from a DataFrame

See the caveats in the documentation: https://pandas.pydata.org/pandas-docs/stable/user_guide/indexing.html#returning-a-view-versus-a-copy
  df2.replace(to_replace=r'motifs match', value='', regex=True, inplace=True)
/home/praghuram23/miniconda3/envs/toxin_hemo/lib/python3.10/site-packages/toxinpred3/python_scripts/toxinpred3.py:211: SettingWithCopyWarning: 
A value is trying to be set on a copy of a slice from a DataFrame

See the caveats in the documentation: https://pandas.pydata.org/pandas-docs/stable/user_guide/indexing.html#returning-a-view-versus-a-copy
  df2.replace(to_replace=r' $', value='', regex=True,inplace=True)
127.0.0.1 - - [26/Jul/2026 05:18:47] "POST /score HTTP/1.1" 200 -
/home/praghuram23/miniconda3/envs/toxin_hemo/lib/python3.10/site-packages/sklearn/base.py:439: UserWarning: X does not have valid feature names, but ExtraTreesClassifier was fitted with feature names
  warnings.warn(

This is the MERCI (Motif - EmeRging and with Classes - Identification) motif locator program.

   * Loading hierarchy NONE
   * Reading data
       input file Sequence_1 read -> 256 sequences found
   * Motif locations written to merci_p.txt

This is the MERCI (Motif - EmeRging and with Classes - Identification) motif locator program.

   * Loading hierarchy NONE
   * Reading data
       input file Sequence_1 read -> 256 sequences found
   * Motif locations written to merci_n.txt
/home/praghuram23/miniconda3/envs/toxin_hemo/lib/python3.10/site-packages/toxinpred3/python_scripts/toxinpred3.py:142: SettingWithCopyWarning: 
A value is trying to be set on a copy of a slice from a DataFrame

See the caveats in the documentation: https://pandas.pydata.org/pandas-docs/stable/user_guide/indexing.html#returning-a-view-versus-a-copy
  df2.replace(to_replace=r"\)", value='', regex=True, inplace=True)
/home/praghuram23/miniconda3/envs/toxin_hemo/lib/python3.10/site-packages/toxinpred3/python_scripts/toxinpred3.py:143: SettingWithCopyWarning: 
A value is trying to be set on a copy of a slice from a DataFrame

See the caveats in the documentation: https://pandas.pydata.org/pandas-docs/stable/user_guide/indexing.html#returning-a-view-versus-a-copy
  df2.replace(to_replace=r'motifs match', value='', regex=True, inplace=True)
/home/praghuram23/miniconda3/envs/toxin_hemo/lib/python3.10/site-packages/toxinpred3/python_scripts/toxinpred3.py:144: SettingWithCopyWarning: 
A value is trying to be set on a copy of a slice from a DataFrame

See the caveats in the documentation: https://pandas.pydata.org/pandas-docs/stable/user_guide/indexing.html#returning-a-view-versus-a-copy
  df2.replace(to_replace=r' $', value='', regex=True,inplace=True)
/home/praghuram23/miniconda3/envs/toxin_hemo/lib/python3.10/site-packages/toxinpred3/python_scripts/toxinpred3.py:209: SettingWithCopyWarning: 
A value is trying to be set on a copy of a slice from a DataFrame

See the caveats in the documentation: https://pandas.pydata.org/pandas-docs/stable/user_guide/indexing.html#returning-a-view-versus-a-copy
  df2.replace(to_replace=r"\)", value='', regex=True, inplace=True)
/home/praghuram23/miniconda3/envs/toxin_hemo/lib/python3.10/site-packages/toxinpred3/python_scripts/toxinpred3.py:210: SettingWithCopyWarning: 
A value is trying to be set on a copy of a slice from a DataFrame

See the caveats in the documentation: https://pandas.pydata.org/pandas-docs/stable/user_guide/indexing.html#returning-a-view-versus-a-copy
  df2.replace(to_replace=r'motifs match', value='', regex=True, inplace=True)
/home/praghuram23/miniconda3/envs/toxin_hemo/lib/python3.10/site-packages/toxinpred3/python_scripts/toxinpred3.py:211: SettingWithCopyWarning: 
A value is trying to be set on a copy of a slice from a DataFrame

See the caveats in the documentation: https://pandas.pydata.org/pandas-docs/stable/user_guide/indexing.html#returning-a-view-versus-a-copy
  df2.replace(to_replace=r' $', value='', regex=True,inplace=True)
127.0.0.1 - - [26/Jul/2026 05:19:23] "POST /score HTTP/1.1" 200 -
/home/praghuram23/miniconda3/envs/toxin_hemo/lib/python3.10/site-packages/sklearn/base.py:439: UserWarning: X does not have valid feature names, but ExtraTreesClassifier was fitted with feature names
  warnings.warn(

This is the MERCI (Motif - EmeRging and with Classes - Identification) motif locator program.

   * Loading hierarchy NONE
   * Reading data
       input file Sequence_1 read -> 256 sequences found
   * Motif locations written to merci_p.txt

This is the MERCI (Motif - EmeRging and with Classes - Identification) motif locator program.

   * Loading hierarchy NONE
   * Reading data
       input file Sequence_1 read -> 256 sequences found
   * Motif locations written to merci_n.txt
/home/praghuram23/miniconda3/envs/toxin_hemo/lib/python3.10/site-packages/toxinpred3/python_scripts/toxinpred3.py:142: SettingWithCopyWarning: 
A value is trying to be set on a copy of a slice from a DataFrame

See the caveats in the documentation: https://pandas.pydata.org/pandas-docs/stable/user_guide/indexing.html#returning-a-view-versus-a-copy
  df2.replace(to_replace=r"\)", value='', regex=True, inplace=True)
/home/praghuram23/miniconda3/envs/toxin_hemo/lib/python3.10/site-packages/toxinpred3/python_scripts/toxinpred3.py:143: SettingWithCopyWarning: 
A value is trying to be set on a copy of a slice from a DataFrame

See the caveats in the documentation: https://pandas.pydata.org/pandas-docs/stable/user_guide/indexing.html#returning-a-view-versus-a-copy
  df2.replace(to_replace=r'motifs match', value='', regex=True, inplace=True)
/home/praghuram23/miniconda3/envs/toxin_hemo/lib/python3.10/site-packages/toxinpred3/python_scripts/toxinpred3.py:144: SettingWithCopyWarning: 
A value is trying to be set on a copy of a slice from a DataFrame

See the caveats in the documentation: https://pandas.pydata.org/pandas-docs/stable/user_guide/indexing.html#returning-a-view-versus-a-copy
  df2.replace(to_replace=r' $', value='', regex=True,inplace=True)
/home/praghuram23/miniconda3/envs/toxin_hemo/lib/python3.10/site-packages/toxinpred3/python_scripts/toxinpred3.py:209: SettingWithCopyWarning: 
A value is trying to be set on a copy of a slice from a DataFrame

See the caveats in the documentation: https://pandas.pydata.org/pandas-docs/stable/user_guide/indexing.html#returning-a-view-versus-a-copy
  df2.replace(to_replace=r"\)", value='', regex=True, inplace=True)
/home/praghuram23/miniconda3/envs/toxin_hemo/lib/python3.10/site-packages/toxinpred3/python_scripts/toxinpred3.py:210: SettingWithCopyWarning: 
A value is trying to be set on a copy of a slice from a DataFrame

See the caveats in the documentation: https://pandas.pydata.org/pandas-docs/stable/user_guide/indexing.html#returning-a-view-versus-a-copy
  df2.replace(to_replace=r'motifs match', value='', regex=True, inplace=True)
/home/praghuram23/miniconda3/envs/toxin_hemo/lib/python3.10/site-packages/toxinpred3/python_scripts/toxinpred3.py:211: SettingWithCopyWarning: 
A value is trying to be set on a copy of a slice from a DataFrame

See the caveats in the documentation: https://pandas.pydata.org/pandas-docs/stable/user_guide/indexing.html#returning-a-view-versus-a-copy
  df2.replace(to_replace=r' $', value='', regex=True,inplace=True)
127.0.0.1 - - [26/Jul/2026 05:19:59] "POST /score HTTP/1.1" 200 -
/home/praghuram23/miniconda3/envs/toxin_hemo/lib/python3.10/site-packages/sklearn/base.py:439: UserWarning: X does not have valid feature names, but ExtraTreesClassifier was fitted with feature names
  warnings.warn(

This is the MERCI (Motif - EmeRging and with Classes - Identification) motif locator program.

   * Loading hierarchy NONE
   * Reading data
       input file Sequence_1 read -> 256 sequences found
   * Motif locations written to merci_p.txt

This is the MERCI (Motif - EmeRging and with Classes - Identification) motif locator program.

   * Loading hierarchy NONE
   * Reading data
       input file Sequence_1 read -> 256 sequences found
   * Motif locations written to merci_n.txt
/home/praghuram23/miniconda3/envs/toxin_hemo/lib/python3.10/site-packages/toxinpred3/python_scripts/toxinpred3.py:142: SettingWithCopyWarning: 
A value is trying to be set on a copy of a slice from a DataFrame

See the caveats in the documentation: https://pandas.pydata.org/pandas-docs/stable/user_guide/indexing.html#returning-a-view-versus-a-copy
  df2.replace(to_replace=r"\)", value='', regex=True, inplace=True)
/home/praghuram23/miniconda3/envs/toxin_hemo/lib/python3.10/site-packages/toxinpred3/python_scripts/toxinpred3.py:143: SettingWithCopyWarning: 
A value is trying to be set on a copy of a slice from a DataFrame

See the caveats in the documentation: https://pandas.pydata.org/pandas-docs/stable/user_guide/indexing.html#returning-a-view-versus-a-copy
  df2.replace(to_replace=r'motifs match', value='', regex=True, inplace=True)
/home/praghuram23/miniconda3/envs/toxin_hemo/lib/python3.10/site-packages/toxinpred3/python_scripts/toxinpred3.py:144: SettingWithCopyWarning: 
A value is trying to be set on a copy of a slice from a DataFrame

See the caveats in the documentation: https://pandas.pydata.org/pandas-docs/stable/user_guide/indexing.html#returning-a-view-versus-a-copy
  df2.replace(to_replace=r' $', value='', regex=True,inplace=True)
/home/praghuram23/miniconda3/envs/toxin_hemo/lib/python3.10/site-packages/toxinpred3/python_scripts/toxinpred3.py:209: SettingWithCopyWarning: 
A value is trying to be set on a copy of a slice from a DataFrame

See the caveats in the documentation: https://pandas.pydata.org/pandas-docs/stable/user_guide/indexing.html#returning-a-view-versus-a-copy
  df2.replace(to_replace=r"\)", value='', regex=True, inplace=True)
/home/praghuram23/miniconda3/envs/toxin_hemo/lib/python3.10/site-packages/toxinpred3/python_scripts/toxinpred3.py:210: SettingWithCopyWarning: 
A value is trying to be set on a copy of a slice from a DataFrame

See the caveats in the documentation: https://pandas.pydata.org/pandas-docs/stable/user_guide/indexing.html#returning-a-view-versus-a-copy
  df2.replace(to_replace=r'motifs match', value='', regex=True, inplace=True)
/home/praghuram23/miniconda3/envs/toxin_hemo/lib/python3.10/site-packages/toxinpred3/python_scripts/toxinpred3.py:211: SettingWithCopyWarning: 
A value is trying to be set on a copy of a slice from a DataFrame

See the caveats in the documentation: https://pandas.pydata.org/pandas-docs/stable/user_guide/indexing.html#returning-a-view-versus-a-copy
  df2.replace(to_replace=r' $', value='', regex=True,inplace=True)
127.0.0.1 - - [26/Jul/2026 05:20:35] "POST /score HTTP/1.1" 200 -
/home/praghuram23/miniconda3/envs/toxin_hemo/lib/python3.10/site-packages/sklearn/base.py:439: UserWarning: X does not have valid feature names, but ExtraTreesClassifier was fitted with feature names
  warnings.warn(

This is the MERCI (Motif - EmeRging and with Classes - Identification) motif locator program.

   * Loading hierarchy NONE
   * Reading data
       input file Sequence_1 read -> 256 sequences found
   * Motif locations written to merci_p.txt

This is the MERCI (Motif - EmeRging and with Classes - Identification) motif locator program.

   * Loading hierarchy NONE
   * Reading data
       input file Sequence_1 read -> 256 sequences found
   * Motif locations written to merci_n.txt
/home/praghuram23/miniconda3/envs/toxin_hemo/lib/python3.10/site-packages/toxinpred3/python_scripts/toxinpred3.py:142: SettingWithCopyWarning: 
A value is trying to be set on a copy of a slice from a DataFrame

See the caveats in the documentation: https://pandas.pydata.org/pandas-docs/stable/user_guide/indexing.html#returning-a-view-versus-a-copy
  df2.replace(to_replace=r"\)", value='', regex=True, inplace=True)
/home/praghuram23/miniconda3/envs/toxin_hemo/lib/python3.10/site-packages/toxinpred3/python_scripts/toxinpred3.py:143: SettingWithCopyWarning: 
A value is trying to be set on a copy of a slice from a DataFrame

See the caveats in the documentation: https://pandas.pydata.org/pandas-docs/stable/user_guide/indexing.html#returning-a-view-versus-a-copy
  df2.replace(to_replace=r'motifs match', value='', regex=True, inplace=True)
/home/praghuram23/miniconda3/envs/toxin_hemo/lib/python3.10/site-packages/toxinpred3/python_scripts/toxinpred3.py:144: SettingWithCopyWarning: 
A value is trying to be set on a copy of a slice from a DataFrame

See the caveats in the documentation: https://pandas.pydata.org/pandas-docs/stable/user_guide/indexing.html#returning-a-view-versus-a-copy
  df2.replace(to_replace=r' $', value='', regex=True,inplace=True)
/home/praghuram23/miniconda3/envs/toxin_hemo/lib/python3.10/site-packages/toxinpred3/python_scripts/toxinpred3.py:209: SettingWithCopyWarning: 
A value is trying to be set on a copy of a slice from a DataFrame

See the caveats in the documentation: https://pandas.pydata.org/pandas-docs/stable/user_guide/indexing.html#returning-a-view-versus-a-copy
  df2.replace(to_replace=r"\)", value='', regex=True, inplace=True)
/home/praghuram23/miniconda3/envs/toxin_hemo/lib/python3.10/site-packages/toxinpred3/python_scripts/toxinpred3.py:210: SettingWithCopyWarning: 
A value is trying to be set on a copy of a slice from a DataFrame

See the caveats in the documentation: https://pandas.pydata.org/pandas-docs/stable/user_guide/indexing.html#returning-a-view-versus-a-copy
  df2.replace(to_replace=r'motifs match', value='', regex=True, inplace=True)
/home/praghuram23/miniconda3/envs/toxin_hemo/lib/python3.10/site-packages/toxinpred3/python_scripts/toxinpred3.py:211: SettingWithCopyWarning: 
A value is trying to be set on a copy of a slice from a DataFrame

See the caveats in the documentation: https://pandas.pydata.org/pandas-docs/stable/user_guide/indexing.html#returning-a-view-versus-a-copy
  df2.replace(to_replace=r' $', value='', regex=True,inplace=True)
127.0.0.1 - - [26/Jul/2026 05:21:11] "POST /score HTTP/1.1" 200 -
/home/praghuram23/miniconda3/envs/toxin_hemo/lib/python3.10/site-packages/sklearn/base.py:439: UserWarning: X does not have valid feature names, but ExtraTreesClassifier was fitted with feature names
  warnings.warn(

This is the MERCI (Motif - EmeRging and with Classes - Identification) motif locator program.

   * Loading hierarchy NONE
   * Reading data
       input file Sequence_1 read -> 256 sequences found
   * Motif locations written to merci_p.txt

This is the MERCI (Motif - EmeRging and with Classes - Identification) motif locator program.

   * Loading hierarchy NONE
   * Reading data
       input file Sequence_1 read -> 256 sequences found
   * Motif locations written to merci_n.txt
/home/praghuram23/miniconda3/envs/toxin_hemo/lib/python3.10/site-packages/toxinpred3/python_scripts/toxinpred3.py:142: SettingWithCopyWarning: 
A value is trying to be set on a copy of a slice from a DataFrame

See the caveats in the documentation: https://pandas.pydata.org/pandas-docs/stable/user_guide/indexing.html#returning-a-view-versus-a-copy
  df2.replace(to_replace=r"\)", value='', regex=True, inplace=True)
/home/praghuram23/miniconda3/envs/toxin_hemo/lib/python3.10/site-packages/toxinpred3/python_scripts/toxinpred3.py:143: SettingWithCopyWarning: 
A value is trying to be set on a copy of a slice from a DataFrame

See the caveats in the documentation: https://pandas.pydata.org/pandas-docs/stable/user_guide/indexing.html#returning-a-view-versus-a-copy
  df2.replace(to_replace=r'motifs match', value='', regex=True, inplace=True)
/home/praghuram23/miniconda3/envs/toxin_hemo/lib/python3.10/site-packages/toxinpred3/python_scripts/toxinpred3.py:144: SettingWithCopyWarning: 
A value is trying to be set on a copy of a slice from a DataFrame

See the caveats in the documentation: https://pandas.pydata.org/pandas-docs/stable/user_guide/indexing.html#returning-a-view-versus-a-copy
  df2.replace(to_replace=r' $', value='', regex=True,inplace=True)
/home/praghuram23/miniconda3/envs/toxin_hemo/lib/python3.10/site-packages/toxinpred3/python_scripts/toxinpred3.py:209: SettingWithCopyWarning: 
A value is trying to be set on a copy of a slice from a DataFrame

See the caveats in the documentation: https://pandas.pydata.org/pandas-docs/stable/user_guide/indexing.html#returning-a-view-versus-a-copy
  df2.replace(to_replace=r"\)", value='', regex=True, inplace=True)
/home/praghuram23/miniconda3/envs/toxin_hemo/lib/python3.10/site-packages/toxinpred3/python_scripts/toxinpred3.py:210: SettingWithCopyWarning: 
A value is trying to be set on a copy of a slice from a DataFrame

See the caveats in the documentation: https://pandas.pydata.org/pandas-docs/stable/user_guide/indexing.html#returning-a-view-versus-a-copy
  df2.replace(to_replace=r'motifs match', value='', regex=True, inplace=True)
/home/praghuram23/miniconda3/envs/toxin_hemo/lib/python3.10/site-packages/toxinpred3/python_scripts/toxinpred3.py:211: SettingWithCopyWarning: 
A value is trying to be set on a copy of a slice from a DataFrame

See the caveats in the documentation: https://pandas.pydata.org/pandas-docs/stable/user_guide/indexing.html#returning-a-view-versus-a-copy
  df2.replace(to_replace=r' $', value='', regex=True,inplace=True)
127.0.0.1 - - [26/Jul/2026 05:21:44] "POST /score HTTP/1.1" 200 -
/home/praghuram23/miniconda3/envs/toxin_hemo/lib/python3.10/site-packages/sklearn/base.py:439: UserWarning: X does not have valid feature names, but ExtraTreesClassifier was fitted with feature names
  warnings.warn(

This is the MERCI (Motif - EmeRging and with Classes - Identification) motif locator program.

   * Loading hierarchy NONE
   * Reading data
       input file Sequence_1 read -> 256 sequences found
   * Motif locations written to merci_p.txt

This is the MERCI (Motif - EmeRging and with Classes - Identification) motif locator program.

   * Loading hierarchy NONE
   * Reading data
       input file Sequence_1 read -> 256 sequences found
   * Motif locations written to merci_n.txt
/home/praghuram23/miniconda3/envs/toxin_hemo/lib/python3.10/site-packages/toxinpred3/python_scripts/toxinpred3.py:142: SettingWithCopyWarning: 
A value is trying to be set on a copy of a slice from a DataFrame

See the caveats in the documentation: https://pandas.pydata.org/pandas-docs/stable/user_guide/indexing.html#returning-a-view-versus-a-copy
  df2.replace(to_replace=r"\)", value='', regex=True, inplace=True)
/home/praghuram23/miniconda3/envs/toxin_hemo/lib/python3.10/site-packages/toxinpred3/python_scripts/toxinpred3.py:143: SettingWithCopyWarning: 
A value is trying to be set on a copy of a slice from a DataFrame

See the caveats in the documentation: https://pandas.pydata.org/pandas-docs/stable/user_guide/indexing.html#returning-a-view-versus-a-copy
  df2.replace(to_replace=r'motifs match', value='', regex=True, inplace=True)
/home/praghuram23/miniconda3/envs/toxin_hemo/lib/python3.10/site-packages/toxinpred3/python_scripts/toxinpred3.py:144: SettingWithCopyWarning: 
A value is trying to be set on a copy of a slice from a DataFrame

See the caveats in the documentation: https://pandas.pydata.org/pandas-docs/stable/user_guide/indexing.html#returning-a-view-versus-a-copy
  df2.replace(to_replace=r' $', value='', regex=True,inplace=True)
/home/praghuram23/miniconda3/envs/toxin_hemo/lib/python3.10/site-packages/toxinpred3/python_scripts/toxinpred3.py:209: SettingWithCopyWarning: 
A value is trying to be set on a copy of a slice from a DataFrame

See the caveats in the documentation: https://pandas.pydata.org/pandas-docs/stable/user_guide/indexing.html#returning-a-view-versus-a-copy
  df2.replace(to_replace=r"\)", value='', regex=True, inplace=True)
/home/praghuram23/miniconda3/envs/toxin_hemo/lib/python3.10/site-packages/toxinpred3/python_scripts/toxinpred3.py:210: SettingWithCopyWarning: 
A value is trying to be set on a copy of a slice from a DataFrame

See the caveats in the documentation: https://pandas.pydata.org/pandas-docs/stable/user_guide/indexing.html#returning-a-view-versus-a-copy
  df2.replace(to_replace=r'motifs match', value='', regex=True, inplace=True)
/home/praghuram23/miniconda3/envs/toxin_hemo/lib/python3.10/site-packages/toxinpred3/python_scripts/toxinpred3.py:211: SettingWithCopyWarning: 
A value is trying to be set on a copy of a slice from a DataFrame

See the caveats in the documentation: https://pandas.pydata.org/pandas-docs/stable/user_guide/indexing.html#returning-a-view-versus-a-copy
  df2.replace(to_replace=r' $', value='', regex=True,inplace=True)
127.0.0.1 - - [26/Jul/2026 05:22:18] "POST /score HTTP/1.1" 200 -
/home/praghuram23/miniconda3/envs/toxin_hemo/lib/python3.10/site-packages/sklearn/base.py:439: UserWarning: X does not have valid feature names, but ExtraTreesClassifier was fitted with feature names
  warnings.warn(

This is the MERCI (Motif - EmeRging and with Classes - Identification) motif locator program.

   * Loading hierarchy NONE
   * Reading data
       input file Sequence_1 read -> 256 sequences found
   * Motif locations written to merci_p.txt

This is the MERCI (Motif - EmeRging and with Classes - Identification) motif locator program.

   * Loading hierarchy NONE
   * Reading data
       input file Sequence_1 read -> 256 sequences found
   * Motif locations written to merci_n.txt
/home/praghuram23/miniconda3/envs/toxin_hemo/lib/python3.10/site-packages/toxinpred3/python_scripts/toxinpred3.py:142: SettingWithCopyWarning: 
A value is trying to be set on a copy of a slice from a DataFrame

See the caveats in the documentation: https://pandas.pydata.org/pandas-docs/stable/user_guide/indexing.html#returning-a-view-versus-a-copy
  df2.replace(to_replace=r"\)", value='', regex=True, inplace=True)
/home/praghuram23/miniconda3/envs/toxin_hemo/lib/python3.10/site-packages/toxinpred3/python_scripts/toxinpred3.py:143: SettingWithCopyWarning: 
A value is trying to be set on a copy of a slice from a DataFrame

See the caveats in the documentation: https://pandas.pydata.org/pandas-docs/stable/user_guide/indexing.html#returning-a-view-versus-a-copy
  df2.replace(to_replace=r'motifs match', value='', regex=True, inplace=True)
/home/praghuram23/miniconda3/envs/toxin_hemo/lib/python3.10/site-packages/toxinpred3/python_scripts/toxinpred3.py:144: SettingWithCopyWarning: 
A value is trying to be set on a copy of a slice from a DataFrame

See the caveats in the documentation: https://pandas.pydata.org/pandas-docs/stable/user_guide/indexing.html#returning-a-view-versus-a-copy
  df2.replace(to_replace=r' $', value='', regex=True,inplace=True)
/home/praghuram23/miniconda3/envs/toxin_hemo/lib/python3.10/site-packages/toxinpred3/python_scripts/toxinpred3.py:209: SettingWithCopyWarning: 
A value is trying to be set on a copy of a slice from a DataFrame

See the caveats in the documentation: https://pandas.pydata.org/pandas-docs/stable/user_guide/indexing.html#returning-a-view-versus-a-copy
  df2.replace(to_replace=r"\)", value='', regex=True, inplace=True)
/home/praghuram23/miniconda3/envs/toxin_hemo/lib/python3.10/site-packages/toxinpred3/python_scripts/toxinpred3.py:210: SettingWithCopyWarning: 
A value is trying to be set on a copy of a slice from a DataFrame

See the caveats in the documentation: https://pandas.pydata.org/pandas-docs/stable/user_guide/indexing.html#returning-a-view-versus-a-copy
  df2.replace(to_replace=r'motifs match', value='', regex=True, inplace=True)
/home/praghuram23/miniconda3/envs/toxin_hemo/lib/python3.10/site-packages/toxinpred3/python_scripts/toxinpred3.py:211: SettingWithCopyWarning: 
A value is trying to be set on a copy of a slice from a DataFrame

See the caveats in the documentation: https://pandas.pydata.org/pandas-docs/stable/user_guide/indexing.html#returning-a-view-versus-a-copy
  df2.replace(to_replace=r' $', value='', regex=True,inplace=True)
127.0.0.1 - - [26/Jul/2026 05:22:53] "POST /score HTTP/1.1" 200 -
/home/praghuram23/miniconda3/envs/toxin_hemo/lib/python3.10/site-packages/sklearn/base.py:439: UserWarning: X does not have valid feature names, but ExtraTreesClassifier was fitted with feature names
  warnings.warn(

This is the MERCI (Motif - EmeRging and with Classes - Identification) motif locator program.

   * Loading hierarchy NONE
   * Reading data
       input file Sequence_1 read -> 256 sequences found
   * Motif locations written to merci_p.txt

This is the MERCI (Motif - EmeRging and with Classes - Identification) motif locator program.

   * Loading hierarchy NONE
   * Reading data
       input file Sequence_1 read -> 256 sequences found
   * Motif locations written to merci_n.txt
/home/praghuram23/miniconda3/envs/toxin_hemo/lib/python3.10/site-packages/toxinpred3/python_scripts/toxinpred3.py:142: SettingWithCopyWarning: 
A value is trying to be set on a copy of a slice from a DataFrame

See the caveats in the documentation: https://pandas.pydata.org/pandas-docs/stable/user_guide/indexing.html#returning-a-view-versus-a-copy
  df2.replace(to_replace=r"\)", value='', regex=True, inplace=True)
/home/praghuram23/miniconda3/envs/toxin_hemo/lib/python3.10/site-packages/toxinpred3/python_scripts/toxinpred3.py:143: SettingWithCopyWarning: 
A value is trying to be set on a copy of a slice from a DataFrame

See the caveats in the documentation: https://pandas.pydata.org/pandas-docs/stable/user_guide/indexing.html#returning-a-view-versus-a-copy
  df2.replace(to_replace=r'motifs match', value='', regex=True, inplace=True)
/home/praghuram23/miniconda3/envs/toxin_hemo/lib/python3.10/site-packages/toxinpred3/python_scripts/toxinpred3.py:144: SettingWithCopyWarning: 
A value is trying to be set on a copy of a slice from a DataFrame

See the caveats in the documentation: https://pandas.pydata.org/pandas-docs/stable/user_guide/indexing.html#returning-a-view-versus-a-copy
  df2.replace(to_replace=r' $', value='', regex=True,inplace=True)
/home/praghuram23/miniconda3/envs/toxin_hemo/lib/python3.10/site-packages/toxinpred3/python_scripts/toxinpred3.py:209: SettingWithCopyWarning: 
A value is trying to be set on a copy of a slice from a DataFrame

See the caveats in the documentation: https://pandas.pydata.org/pandas-docs/stable/user_guide/indexing.html#returning-a-view-versus-a-copy
  df2.replace(to_replace=r"\)", value='', regex=True, inplace=True)
/home/praghuram23/miniconda3/envs/toxin_hemo/lib/python3.10/site-packages/toxinpred3/python_scripts/toxinpred3.py:210: SettingWithCopyWarning: 
A value is trying to be set on a copy of a slice from a DataFrame

See the caveats in the documentation: https://pandas.pydata.org/pandas-docs/stable/user_guide/indexing.html#returning-a-view-versus-a-copy
  df2.replace(to_replace=r'motifs match', value='', regex=True, inplace=True)
/home/praghuram23/miniconda3/envs/toxin_hemo/lib/python3.10/site-packages/toxinpred3/python_scripts/toxinpred3.py:211: SettingWithCopyWarning: 
A value is trying to be set on a copy of a slice from a DataFrame

See the caveats in the documentation: https://pandas.pydata.org/pandas-docs/stable/user_guide/indexing.html#returning-a-view-versus-a-copy
  df2.replace(to_replace=r' $', value='', regex=True,inplace=True)
127.0.0.1 - - [26/Jul/2026 05:23:28] "POST /score HTTP/1.1" 200 -
/home/praghuram23/miniconda3/envs/toxin_hemo/lib/python3.10/site-packages/sklearn/base.py:439: UserWarning: X does not have valid feature names, but ExtraTreesClassifier was fitted with feature names
  warnings.warn(

This is the MERCI (Motif - EmeRging and with Classes - Identification) motif locator program.

   * Loading hierarchy NONE
   * Reading data
       input file Sequence_1 read -> 256 sequences found
   * Motif locations written to merci_p.txt

This is the MERCI (Motif - EmeRging and with Classes - Identification) motif locator program.

   * Loading hierarchy NONE
   * Reading data
       input file Sequence_1 read -> 256 sequences found
   * Motif locations written to merci_n.txt
/home/praghuram23/miniconda3/envs/toxin_hemo/lib/python3.10/site-packages/toxinpred3/python_scripts/toxinpred3.py:142: SettingWithCopyWarning: 
A value is trying to be set on a copy of a slice from a DataFrame

See the caveats in the documentation: https://pandas.pydata.org/pandas-docs/stable/user_guide/indexing.html#returning-a-view-versus-a-copy
  df2.replace(to_replace=r"\)", value='', regex=True, inplace=True)
/home/praghuram23/miniconda3/envs/toxin_hemo/lib/python3.10/site-packages/toxinpred3/python_scripts/toxinpred3.py:143: SettingWithCopyWarning: 
A value is trying to be set on a copy of a slice from a DataFrame

See the caveats in the documentation: https://pandas.pydata.org/pandas-docs/stable/user_guide/indexing.html#returning-a-view-versus-a-copy
  df2.replace(to_replace=r'motifs match', value='', regex=True, inplace=True)
/home/praghuram23/miniconda3/envs/toxin_hemo/lib/python3.10/site-packages/toxinpred3/python_scripts/toxinpred3.py:144: SettingWithCopyWarning: 
A value is trying to be set on a copy of a slice from a DataFrame

See the caveats in the documentation: https://pandas.pydata.org/pandas-docs/stable/user_guide/indexing.html#returning-a-view-versus-a-copy
  df2.replace(to_replace=r' $', value='', regex=True,inplace=True)
/home/praghuram23/miniconda3/envs/toxin_hemo/lib/python3.10/site-packages/toxinpred3/python_scripts/toxinpred3.py:209: SettingWithCopyWarning: 
A value is trying to be set on a copy of a slice from a DataFrame

See the caveats in the documentation: https://pandas.pydata.org/pandas-docs/stable/user_guide/indexing.html#returning-a-view-versus-a-copy
  df2.replace(to_replace=r"\)", value='', regex=True, inplace=True)
/home/praghuram23/miniconda3/envs/toxin_hemo/lib/python3.10/site-packages/toxinpred3/python_scripts/toxinpred3.py:210: SettingWithCopyWarning: 
A value is trying to be set on a copy of a slice from a DataFrame

See the caveats in the documentation: https://pandas.pydata.org/pandas-docs/stable/user_guide/indexing.html#returning-a-view-versus-a-copy
  df2.replace(to_replace=r'motifs match', value='', regex=True, inplace=True)
/home/praghuram23/miniconda3/envs/toxin_hemo/lib/python3.10/site-packages/toxinpred3/python_scripts/toxinpred3.py:211: SettingWithCopyWarning: 
A value is trying to be set on a copy of a slice from a DataFrame

See the caveats in the documentation: https://pandas.pydata.org/pandas-docs/stable/user_guide/indexing.html#returning-a-view-versus-a-copy
  df2.replace(to_replace=r' $', value='', regex=True,inplace=True)
127.0.0.1 - - [26/Jul/2026 05:24:04] "POST /score HTTP/1.1" 200 -
/home/praghuram23/miniconda3/envs/toxin_hemo/lib/python3.10/site-packages/sklearn/base.py:439: UserWarning: X does not have valid feature names, but ExtraTreesClassifier was fitted with feature names
  warnings.warn(

This is the MERCI (Motif - EmeRging and with Classes - Identification) motif locator program.

   * Loading hierarchy NONE
   * Reading data
       input file Sequence_1 read -> 256 sequences found
   * Motif locations written to merci_p.txt

This is the MERCI (Motif - EmeRging and with Classes - Identification) motif locator program.

   * Loading hierarchy NONE
   * Reading data
       input file Sequence_1 read -> 256 sequences found
   * Motif locations written to merci_n.txt
/home/praghuram23/miniconda3/envs/toxin_hemo/lib/python3.10/site-packages/toxinpred3/python_scripts/toxinpred3.py:142: SettingWithCopyWarning: 
A value is trying to be set on a copy of a slice from a DataFrame

See the caveats in the documentation: https://pandas.pydata.org/pandas-docs/stable/user_guide/indexing.html#returning-a-view-versus-a-copy
  df2.replace(to_replace=r"\)", value='', regex=True, inplace=True)
/home/praghuram23/miniconda3/envs/toxin_hemo/lib/python3.10/site-packages/toxinpred3/python_scripts/toxinpred3.py:143: SettingWithCopyWarning: 
A value is trying to be set on a copy of a slice from a DataFrame

See the caveats in the documentation: https://pandas.pydata.org/pandas-docs/stable/user_guide/indexing.html#returning-a-view-versus-a-copy
  df2.replace(to_replace=r'motifs match', value='', regex=True, inplace=True)
/home/praghuram23/miniconda3/envs/toxin_hemo/lib/python3.10/site-packages/toxinpred3/python_scripts/toxinpred3.py:144: SettingWithCopyWarning: 
A value is trying to be set on a copy of a slice from a DataFrame

See the caveats in the documentation: https://pandas.pydata.org/pandas-docs/stable/user_guide/indexing.html#returning-a-view-versus-a-copy
  df2.replace(to_replace=r' $', value='', regex=True,inplace=True)
/home/praghuram23/miniconda3/envs/toxin_hemo/lib/python3.10/site-packages/toxinpred3/python_scripts/toxinpred3.py:209: SettingWithCopyWarning: 
A value is trying to be set on a copy of a slice from a DataFrame

See the caveats in the documentation: https://pandas.pydata.org/pandas-docs/stable/user_guide/indexing.html#returning-a-view-versus-a-copy
  df2.replace(to_replace=r"\)", value='', regex=True, inplace=True)
/home/praghuram23/miniconda3/envs/toxin_hemo/lib/python3.10/site-packages/toxinpred3/python_scripts/toxinpred3.py:210: SettingWithCopyWarning: 
A value is trying to be set on a copy of a slice from a DataFrame

See the caveats in the documentation: https://pandas.pydata.org/pandas-docs/stable/user_guide/indexing.html#returning-a-view-versus-a-copy
  df2.replace(to_replace=r'motifs match', value='', regex=True, inplace=True)
/home/praghuram23/miniconda3/envs/toxin_hemo/lib/python3.10/site-packages/toxinpred3/python_scripts/toxinpred3.py:211: SettingWithCopyWarning: 
A value is trying to be set on a copy of a slice from a DataFrame

See the caveats in the documentation: https://pandas.pydata.org/pandas-docs/stable/user_guide/indexing.html#returning-a-view-versus-a-copy
  df2.replace(to_replace=r' $', value='', regex=True,inplace=True)
127.0.0.1 - - [26/Jul/2026 05:24:39] "POST /score HTTP/1.1" 200 -
/home/praghuram23/miniconda3/envs/toxin_hemo/lib/python3.10/site-packages/sklearn/base.py:439: UserWarning: X does not have valid feature names, but ExtraTreesClassifier was fitted with feature names
  warnings.warn(

This is the MERCI (Motif - EmeRging and with Classes - Identification) motif locator program.

   * Loading hierarchy NONE
   * Reading data
       input file Sequence_1 read -> 256 sequences found
   * Motif locations written to merci_p.txt

This is the MERCI (Motif - EmeRging and with Classes - Identification) motif locator program.

   * Loading hierarchy NONE
   * Reading data
       input file Sequence_1 read -> 256 sequences found
   * Motif locations written to merci_n.txt
/home/praghuram23/miniconda3/envs/toxin_hemo/lib/python3.10/site-packages/toxinpred3/python_scripts/toxinpred3.py:142: SettingWithCopyWarning: 
A value is trying to be set on a copy of a slice from a DataFrame

See the caveats in the documentation: https://pandas.pydata.org/pandas-docs/stable/user_guide/indexing.html#returning-a-view-versus-a-copy
  df2.replace(to_replace=r"\)", value='', regex=True, inplace=True)
/home/praghuram23/miniconda3/envs/toxin_hemo/lib/python3.10/site-packages/toxinpred3/python_scripts/toxinpred3.py:143: SettingWithCopyWarning: 
A value is trying to be set on a copy of a slice from a DataFrame

See the caveats in the documentation: https://pandas.pydata.org/pandas-docs/stable/user_guide/indexing.html#returning-a-view-versus-a-copy
  df2.replace(to_replace=r'motifs match', value='', regex=True, inplace=True)
/home/praghuram23/miniconda3/envs/toxin_hemo/lib/python3.10/site-packages/toxinpred3/python_scripts/toxinpred3.py:144: SettingWithCopyWarning: 
A value is trying to be set on a copy of a slice from a DataFrame

See the caveats in the documentation: https://pandas.pydata.org/pandas-docs/stable/user_guide/indexing.html#returning-a-view-versus-a-copy
  df2.replace(to_replace=r' $', value='', regex=True,inplace=True)
/home/praghuram23/miniconda3/envs/toxin_hemo/lib/python3.10/site-packages/toxinpred3/python_scripts/toxinpred3.py:209: SettingWithCopyWarning: 
A value is trying to be set on a copy of a slice from a DataFrame

See the caveats in the documentation: https://pandas.pydata.org/pandas-docs/stable/user_guide/indexing.html#returning-a-view-versus-a-copy
  df2.replace(to_replace=r"\)", value='', regex=True, inplace=True)
/home/praghuram23/miniconda3/envs/toxin_hemo/lib/python3.10/site-packages/toxinpred3/python_scripts/toxinpred3.py:210: SettingWithCopyWarning: 
A value is trying to be set on a copy of a slice from a DataFrame

See the caveats in the documentation: https://pandas.pydata.org/pandas-docs/stable/user_guide/indexing.html#returning-a-view-versus-a-copy
  df2.replace(to_replace=r'motifs match', value='', regex=True, inplace=True)
/home/praghuram23/miniconda3/envs/toxin_hemo/lib/python3.10/site-packages/toxinpred3/python_scripts/toxinpred3.py:211: SettingWithCopyWarning: 
A value is trying to be set on a copy of a slice from a DataFrame

See the caveats in the documentation: https://pandas.pydata.org/pandas-docs/stable/user_guide/indexing.html#returning-a-view-versus-a-copy
  df2.replace(to_replace=r' $', value='', regex=True,inplace=True)
127.0.0.1 - - [26/Jul/2026 05:25:14] "POST /score HTTP/1.1" 200 -
/home/praghuram23/miniconda3/envs/toxin_hemo/lib/python3.10/site-packages/sklearn/base.py:439: UserWarning: X does not have valid feature names, but ExtraTreesClassifier was fitted with feature names
  warnings.warn(

This is the MERCI (Motif - EmeRging and with Classes - Identification) motif locator program.

   * Loading hierarchy NONE
   * Reading data
       input file Sequence_1 read -> 256 sequences found
   * Motif locations written to merci_p.txt

This is the MERCI (Motif - EmeRging and with Classes - Identification) motif locator program.

   * Loading hierarchy NONE
   * Reading data
       input file Sequence_1 read -> 256 sequences found
   * Motif locations written to merci_n.txt
/home/praghuram23/miniconda3/envs/toxin_hemo/lib/python3.10/site-packages/toxinpred3/python_scripts/toxinpred3.py:209: SettingWithCopyWarning: 
A value is trying to be set on a copy of a slice from a DataFrame

See the caveats in the documentation: https://pandas.pydata.org/pandas-docs/stable/user_guide/indexing.html#returning-a-view-versus-a-copy
  df2.replace(to_replace=r"\)", value='', regex=True, inplace=True)
/home/praghuram23/miniconda3/envs/toxin_hemo/lib/python3.10/site-packages/toxinpred3/python_scripts/toxinpred3.py:210: SettingWithCopyWarning: 
A value is trying to be set on a copy of a slice from a DataFrame

See the caveats in the documentation: https://pandas.pydata.org/pandas-docs/stable/user_guide/indexing.html#returning-a-view-versus-a-copy
  df2.replace(to_replace=r'motifs match', value='', regex=True, inplace=True)
/home/praghuram23/miniconda3/envs/toxin_hemo/lib/python3.10/site-packages/toxinpred3/python_scripts/toxinpred3.py:211: SettingWithCopyWarning: 
A value is trying to be set on a copy of a slice from a DataFrame

See the caveats in the documentation: https://pandas.pydata.org/pandas-docs/stable/user_guide/indexing.html#returning-a-view-versus-a-copy
  df2.replace(to_replace=r' $', value='', regex=True,inplace=True)
127.0.0.1 - - [26/Jul/2026 05:25:48] "POST /score HTTP/1.1" 200 -
/home/praghuram23/miniconda3/envs/toxin_hemo/lib/python3.10/site-packages/sklearn/base.py:439: UserWarning: X does not have valid feature names, but ExtraTreesClassifier was fitted with feature names
  warnings.warn(

This is the MERCI (Motif - EmeRging and with Classes - Identification) motif locator program.

   * Loading hierarchy NONE
   * Reading data
       input file Sequence_1 read -> 256 sequences found
   * Motif locations written to merci_p.txt

This is the MERCI (Motif - EmeRging and with Classes - Identification) motif locator program.

   * Loading hierarchy NONE
   * Reading data
       input file Sequence_1 read -> 256 sequences found
   * Motif locations written to merci_n.txt
/home/praghuram23/miniconda3/envs/toxin_hemo/lib/python3.10/site-packages/toxinpred3/python_scripts/toxinpred3.py:142: SettingWithCopyWarning: 
A value is trying to be set on a copy of a slice from a DataFrame

See the caveats in the documentation: https://pandas.pydata.org/pandas-docs/stable/user_guide/indexing.html#returning-a-view-versus-a-copy
  df2.replace(to_replace=r"\)", value='', regex=True, inplace=True)
/home/praghuram23/miniconda3/envs/toxin_hemo/lib/python3.10/site-packages/toxinpred3/python_scripts/toxinpred3.py:143: SettingWithCopyWarning: 
A value is trying to be set on a copy of a slice from a DataFrame

See the caveats in the documentation: https://pandas.pydata.org/pandas-docs/stable/user_guide/indexing.html#returning-a-view-versus-a-copy
  df2.replace(to_replace=r'motifs match', value='', regex=True, inplace=True)
/home/praghuram23/miniconda3/envs/toxin_hemo/lib/python3.10/site-packages/toxinpred3/python_scripts/toxinpred3.py:144: SettingWithCopyWarning: 
A value is trying to be set on a copy of a slice from a DataFrame

See the caveats in the documentation: https://pandas.pydata.org/pandas-docs/stable/user_guide/indexing.html#returning-a-view-versus-a-copy
  df2.replace(to_replace=r' $', value='', regex=True,inplace=True)
/home/praghuram23/miniconda3/envs/toxin_hemo/lib/python3.10/site-packages/toxinpred3/python_scripts/toxinpred3.py:209: SettingWithCopyWarning: 
A value is trying to be set on a copy of a slice from a DataFrame

See the caveats in the documentation: https://pandas.pydata.org/pandas-docs/stable/user_guide/indexing.html#returning-a-view-versus-a-copy
  df2.replace(to_replace=r"\)", value='', regex=True, inplace=True)
/home/praghuram23/miniconda3/envs/toxin_hemo/lib/python3.10/site-packages/toxinpred3/python_scripts/toxinpred3.py:210: SettingWithCopyWarning: 
A value is trying to be set on a copy of a slice from a DataFrame

See the caveats in the documentation: https://pandas.pydata.org/pandas-docs/stable/user_guide/indexing.html#returning-a-view-versus-a-copy
  df2.replace(to_replace=r'motifs match', value='', regex=True, inplace=True)
/home/praghuram23/miniconda3/envs/toxin_hemo/lib/python3.10/site-packages/toxinpred3/python_scripts/toxinpred3.py:211: SettingWithCopyWarning: 
A value is trying to be set on a copy of a slice from a DataFrame

See the caveats in the documentation: https://pandas.pydata.org/pandas-docs/stable/user_guide/indexing.html#returning-a-view-versus-a-copy
  df2.replace(to_replace=r' $', value='', regex=True,inplace=True)
127.0.0.1 - - [26/Jul/2026 05:26:21] "POST /score HTTP/1.1" 200 -
/home/praghuram23/miniconda3/envs/toxin_hemo/lib/python3.10/site-packages/sklearn/base.py:439: UserWarning: X does not have valid feature names, but ExtraTreesClassifier was fitted with feature names
  warnings.warn(

This is the MERCI (Motif - EmeRging and with Classes - Identification) motif locator program.

   * Loading hierarchy NONE
   * Reading data
       input file Sequence_1 read -> 256 sequences found
   * Motif locations written to merci_p.txt

This is the MERCI (Motif - EmeRging and with Classes - Identification) motif locator program.

   * Loading hierarchy NONE
   * Reading data
       input file Sequence_1 read -> 256 sequences found
   * Motif locations written to merci_n.txt
/home/praghuram23/miniconda3/envs/toxin_hemo/lib/python3.10/site-packages/toxinpred3/python_scripts/toxinpred3.py:209: SettingWithCopyWarning: 
A value is trying to be set on a copy of a slice from a DataFrame

See the caveats in the documentation: https://pandas.pydata.org/pandas-docs/stable/user_guide/indexing.html#returning-a-view-versus-a-copy
  df2.replace(to_replace=r"\)", value='', regex=True, inplace=True)
/home/praghuram23/miniconda3/envs/toxin_hemo/lib/python3.10/site-packages/toxinpred3/python_scripts/toxinpred3.py:210: SettingWithCopyWarning: 
A value is trying to be set on a copy of a slice from a DataFrame

See the caveats in the documentation: https://pandas.pydata.org/pandas-docs/stable/user_guide/indexing.html#returning-a-view-versus-a-copy
  df2.replace(to_replace=r'motifs match', value='', regex=True, inplace=True)
/home/praghuram23/miniconda3/envs/toxin_hemo/lib/python3.10/site-packages/toxinpred3/python_scripts/toxinpred3.py:211: SettingWithCopyWarning: 
A value is trying to be set on a copy of a slice from a DataFrame

See the caveats in the documentation: https://pandas.pydata.org/pandas-docs/stable/user_guide/indexing.html#returning-a-view-versus-a-copy
  df2.replace(to_replace=r' $', value='', regex=True,inplace=True)
127.0.0.1 - - [26/Jul/2026 05:26:54] "POST /score HTTP/1.1" 200 -
/home/praghuram23/miniconda3/envs/toxin_hemo/lib/python3.10/site-packages/sklearn/base.py:439: UserWarning: X does not have valid feature names, but ExtraTreesClassifier was fitted with feature names
  warnings.warn(

This is the MERCI (Motif - EmeRging and with Classes - Identification) motif locator program.

   * Loading hierarchy NONE
   * Reading data
       input file Sequence_1 read -> 256 sequences found
   * Motif locations written to merci_p.txt

This is the MERCI (Motif - EmeRging and with Classes - Identification) motif locator program.

   * Loading hierarchy NONE
   * Reading data
       input file Sequence_1 read -> 256 sequences found
   * Motif locations written to merci_n.txt
/home/praghuram23/miniconda3/envs/toxin_hemo/lib/python3.10/site-packages/toxinpred3/python_scripts/toxinpred3.py:142: SettingWithCopyWarning: 
A value is trying to be set on a copy of a slice from a DataFrame

See the caveats in the documentation: https://pandas.pydata.org/pandas-docs/stable/user_guide/indexing.html#returning-a-view-versus-a-copy
  df2.replace(to_replace=r"\)", value='', regex=True, inplace=True)
/home/praghuram23/miniconda3/envs/toxin_hemo/lib/python3.10/site-packages/toxinpred3/python_scripts/toxinpred3.py:143: SettingWithCopyWarning: 
A value is trying to be set on a copy of a slice from a DataFrame

See the caveats in the documentation: https://pandas.pydata.org/pandas-docs/stable/user_guide/indexing.html#returning-a-view-versus-a-copy
  df2.replace(to_replace=r'motifs match', value='', regex=True, inplace=True)
/home/praghuram23/miniconda3/envs/toxin_hemo/lib/python3.10/site-packages/toxinpred3/python_scripts/toxinpred3.py:144: SettingWithCopyWarning: 
A value is trying to be set on a copy of a slice from a DataFrame

See the caveats in the documentation: https://pandas.pydata.org/pandas-docs/stable/user_guide/indexing.html#returning-a-view-versus-a-copy
  df2.replace(to_replace=r' $', value='', regex=True,inplace=True)
/home/praghuram23/miniconda3/envs/toxin_hemo/lib/python3.10/site-packages/toxinpred3/python_scripts/toxinpred3.py:209: SettingWithCopyWarning: 
A value is trying to be set on a copy of a slice from a DataFrame

See the caveats in the documentation: https://pandas.pydata.org/pandas-docs/stable/user_guide/indexing.html#returning-a-view-versus-a-copy
  df2.replace(to_replace=r"\)", value='', regex=True, inplace=True)
/home/praghuram23/miniconda3/envs/toxin_hemo/lib/python3.10/site-packages/toxinpred3/python_scripts/toxinpred3.py:210: SettingWithCopyWarning: 
A value is trying to be set on a copy of a slice from a DataFrame

See the caveats in the documentation: https://pandas.pydata.org/pandas-docs/stable/user_guide/indexing.html#returning-a-view-versus-a-copy
  df2.replace(to_replace=r'motifs match', value='', regex=True, inplace=True)
/home/praghuram23/miniconda3/envs/toxin_hemo/lib/python3.10/site-packages/toxinpred3/python_scripts/toxinpred3.py:211: SettingWithCopyWarning: 
A value is trying to be set on a copy of a slice from a DataFrame

See the caveats in the documentation: https://pandas.pydata.org/pandas-docs/stable/user_guide/indexing.html#returning-a-view-versus-a-copy
  df2.replace(to_replace=r' $', value='', regex=True,inplace=True)
127.0.0.1 - - [26/Jul/2026 05:27:28] "POST /score HTTP/1.1" 200 -
/home/praghuram23/miniconda3/envs/toxin_hemo/lib/python3.10/site-packages/sklearn/base.py:439: UserWarning: X does not have valid feature names, but ExtraTreesClassifier was fitted with feature names
  warnings.warn(

This is the MERCI (Motif - EmeRging and with Classes - Identification) motif locator program.

   * Loading hierarchy NONE
   * Reading data
       input file Sequence_1 read -> 256 sequences found
   * Motif locations written to merci_p.txt

This is the MERCI (Motif - EmeRging and with Classes - Identification) motif locator program.

   * Loading hierarchy NONE
   * Reading data
       input file Sequence_1 read -> 256 sequences found
   * Motif locations written to merci_n.txt
/home/praghuram23/miniconda3/envs/toxin_hemo/lib/python3.10/site-packages/toxinpred3/python_scripts/toxinpred3.py:142: SettingWithCopyWarning: 
A value is trying to be set on a copy of a slice from a DataFrame

See the caveats in the documentation: https://pandas.pydata.org/pandas-docs/stable/user_guide/indexing.html#returning-a-view-versus-a-copy
  df2.replace(to_replace=r"\)", value='', regex=True, inplace=True)
/home/praghuram23/miniconda3/envs/toxin_hemo/lib/python3.10/site-packages/toxinpred3/python_scripts/toxinpred3.py:143: SettingWithCopyWarning: 
A value is trying to be set on a copy of a slice from a DataFrame

See the caveats in the documentation: https://pandas.pydata.org/pandas-docs/stable/user_guide/indexing.html#returning-a-view-versus-a-copy
  df2.replace(to_replace=r'motifs match', value='', regex=True, inplace=True)
/home/praghuram23/miniconda3/envs/toxin_hemo/lib/python3.10/site-packages/toxinpred3/python_scripts/toxinpred3.py:144: SettingWithCopyWarning: 
A value is trying to be set on a copy of a slice from a DataFrame

See the caveats in the documentation: https://pandas.pydata.org/pandas-docs/stable/user_guide/indexing.html#returning-a-view-versus-a-copy
  df2.replace(to_replace=r' $', value='', regex=True,inplace=True)
/home/praghuram23/miniconda3/envs/toxin_hemo/lib/python3.10/site-packages/toxinpred3/python_scripts/toxinpred3.py:209: SettingWithCopyWarning: 
A value is trying to be set on a copy of a slice from a DataFrame

See the caveats in the documentation: https://pandas.pydata.org/pandas-docs/stable/user_guide/indexing.html#returning-a-view-versus-a-copy
  df2.replace(to_replace=r"\)", value='', regex=True, inplace=True)
/home/praghuram23/miniconda3/envs/toxin_hemo/lib/python3.10/site-packages/toxinpred3/python_scripts/toxinpred3.py:210: SettingWithCopyWarning: 
A value is trying to be set on a copy of a slice from a DataFrame

See the caveats in the documentation: https://pandas.pydata.org/pandas-docs/stable/user_guide/indexing.html#returning-a-view-versus-a-copy
  df2.replace(to_replace=r'motifs match', value='', regex=True, inplace=True)
/home/praghuram23/miniconda3/envs/toxin_hemo/lib/python3.10/site-packages/toxinpred3/python_scripts/toxinpred3.py:211: SettingWithCopyWarning: 
A value is trying to be set on a copy of a slice from a DataFrame

See the caveats in the documentation: https://pandas.pydata.org/pandas-docs/stable/user_guide/indexing.html#returning-a-view-versus-a-copy
  df2.replace(to_replace=r' $', value='', regex=True,inplace=True)
127.0.0.1 - - [26/Jul/2026 05:27:59] "POST /score HTTP/1.1" 200 -
/home/praghuram23/miniconda3/envs/toxin_hemo/lib/python3.10/site-packages/sklearn/base.py:439: UserWarning: X does not have valid feature names, but ExtraTreesClassifier was fitted with feature names
  warnings.warn(

This is the MERCI (Motif - EmeRging and with Classes - Identification) motif locator program.

   * Loading hierarchy NONE
   * Reading data
       input file Sequence_1 read -> 256 sequences found
   * Motif locations written to merci_p.txt

This is the MERCI (Motif - EmeRging and with Classes - Identification) motif locator program.

   * Loading hierarchy NONE
   * Reading data
       input file Sequence_1 read -> 256 sequences found
   * Motif locations written to merci_n.txt
/home/praghuram23/miniconda3/envs/toxin_hemo/lib/python3.10/site-packages/toxinpred3/python_scripts/toxinpred3.py:142: SettingWithCopyWarning: 
A value is trying to be set on a copy of a slice from a DataFrame

See the caveats in the documentation: https://pandas.pydata.org/pandas-docs/stable/user_guide/indexing.html#returning-a-view-versus-a-copy
  df2.replace(to_replace=r"\)", value='', regex=True, inplace=True)
/home/praghuram23/miniconda3/envs/toxin_hemo/lib/python3.10/site-packages/toxinpred3/python_scripts/toxinpred3.py:143: SettingWithCopyWarning: 
A value is trying to be set on a copy of a slice from a DataFrame

See the caveats in the documentation: https://pandas.pydata.org/pandas-docs/stable/user_guide/indexing.html#returning-a-view-versus-a-copy
  df2.replace(to_replace=r'motifs match', value='', regex=True, inplace=True)
/home/praghuram23/miniconda3/envs/toxin_hemo/lib/python3.10/site-packages/toxinpred3/python_scripts/toxinpred3.py:144: SettingWithCopyWarning: 
A value is trying to be set on a copy of a slice from a DataFrame

See the caveats in the documentation: https://pandas.pydata.org/pandas-docs/stable/user_guide/indexing.html#returning-a-view-versus-a-copy
  df2.replace(to_replace=r' $', value='', regex=True,inplace=True)
/home/praghuram23/miniconda3/envs/toxin_hemo/lib/python3.10/site-packages/toxinpred3/python_scripts/toxinpred3.py:209: SettingWithCopyWarning: 
A value is trying to be set on a copy of a slice from a DataFrame

See the caveats in the documentation: https://pandas.pydata.org/pandas-docs/stable/user_guide/indexing.html#returning-a-view-versus-a-copy
  df2.replace(to_replace=r"\)", value='', regex=True, inplace=True)
/home/praghuram23/miniconda3/envs/toxin_hemo/lib/python3.10/site-packages/toxinpred3/python_scripts/toxinpred3.py:210: SettingWithCopyWarning: 
A value is trying to be set on a copy of a slice from a DataFrame

See the caveats in the documentation: https://pandas.pydata.org/pandas-docs/stable/user_guide/indexing.html#returning-a-view-versus-a-copy
  df2.replace(to_replace=r'motifs match', value='', regex=True, inplace=True)
/home/praghuram23/miniconda3/envs/toxin_hemo/lib/python3.10/site-packages/toxinpred3/python_scripts/toxinpred3.py:211: SettingWithCopyWarning: 
A value is trying to be set on a copy of a slice from a DataFrame

See the caveats in the documentation: https://pandas.pydata.org/pandas-docs/stable/user_guide/indexing.html#returning-a-view-versus-a-copy
  df2.replace(to_replace=r' $', value='', regex=True,inplace=True)
127.0.0.1 - - [26/Jul/2026 05:28:30] "POST /score HTTP/1.1" 200 -
/home/praghuram23/miniconda3/envs/toxin_hemo/lib/python3.10/site-packages/sklearn/base.py:439: UserWarning: X does not have valid feature names, but ExtraTreesClassifier was fitted with feature names
  warnings.warn(

This is the MERCI (Motif - EmeRging and with Classes - Identification) motif locator program.

   * Loading hierarchy NONE
   * Reading data
       input file Sequence_1 read -> 256 sequences found
   * Motif locations written to merci_p.txt

This is the MERCI (Motif - EmeRging and with Classes - Identification) motif locator program.

   * Loading hierarchy NONE
   * Reading data
       input file Sequence_1 read -> 256 sequences found
   * Motif locations written to merci_n.txt
/home/praghuram23/miniconda3/envs/toxin_hemo/lib/python3.10/site-packages/toxinpred3/python_scripts/toxinpred3.py:142: SettingWithCopyWarning: 
A value is trying to be set on a copy of a slice from a DataFrame

See the caveats in the documentation: https://pandas.pydata.org/pandas-docs/stable/user_guide/indexing.html#returning-a-view-versus-a-copy
  df2.replace(to_replace=r"\)", value='', regex=True, inplace=True)
/home/praghuram23/miniconda3/envs/toxin_hemo/lib/python3.10/site-packages/toxinpred3/python_scripts/toxinpred3.py:143: SettingWithCopyWarning: 
A value is trying to be set on a copy of a slice from a DataFrame

See the caveats in the documentation: https://pandas.pydata.org/pandas-docs/stable/user_guide/indexing.html#returning-a-view-versus-a-copy
  df2.replace(to_replace=r'motifs match', value='', regex=True, inplace=True)
/home/praghuram23/miniconda3/envs/toxin_hemo/lib/python3.10/site-packages/toxinpred3/python_scripts/toxinpred3.py:144: SettingWithCopyWarning: 
A value is trying to be set on a copy of a slice from a DataFrame

See the caveats in the documentation: https://pandas.pydata.org/pandas-docs/stable/user_guide/indexing.html#returning-a-view-versus-a-copy
  df2.replace(to_replace=r' $', value='', regex=True,inplace=True)
/home/praghuram23/miniconda3/envs/toxin_hemo/lib/python3.10/site-packages/toxinpred3/python_scripts/toxinpred3.py:209: SettingWithCopyWarning: 
A value is trying to be set on a copy of a slice from a DataFrame

See the caveats in the documentation: https://pandas.pydata.org/pandas-docs/stable/user_guide/indexing.html#returning-a-view-versus-a-copy
  df2.replace(to_replace=r"\)", value='', regex=True, inplace=True)
/home/praghuram23/miniconda3/envs/toxin_hemo/lib/python3.10/site-packages/toxinpred3/python_scripts/toxinpred3.py:210: SettingWithCopyWarning: 
A value is trying to be set on a copy of a slice from a DataFrame

See the caveats in the documentation: https://pandas.pydata.org/pandas-docs/stable/user_guide/indexing.html#returning-a-view-versus-a-copy
  df2.replace(to_replace=r'motifs match', value='', regex=True, inplace=True)
/home/praghuram23/miniconda3/envs/toxin_hemo/lib/python3.10/site-packages/toxinpred3/python_scripts/toxinpred3.py:211: SettingWithCopyWarning: 
A value is trying to be set on a copy of a slice from a DataFrame

See the caveats in the documentation: https://pandas.pydata.org/pandas-docs/stable/user_guide/indexing.html#returning-a-view-versus-a-copy
  df2.replace(to_replace=r' $', value='', regex=True,inplace=True)
127.0.0.1 - - [26/Jul/2026 05:28:59] "POST /score HTTP/1.1" 200 -
/home/praghuram23/miniconda3/envs/toxin_hemo/lib/python3.10/site-packages/sklearn/base.py:439: UserWarning: X does not have valid feature names, but ExtraTreesClassifier was fitted with feature names
  warnings.warn(

This is the MERCI (Motif - EmeRging and with Classes - Identification) motif locator program.

   * Loading hierarchy NONE
   * Reading data
       input file Sequence_1 read -> 256 sequences found
   * Motif locations written to merci_p.txt

This is the MERCI (Motif - EmeRging and with Classes - Identification) motif locator program.

   * Loading hierarchy NONE
   * Reading data
       input file Sequence_1 read -> 256 sequences found
   * Motif locations written to merci_n.txt
/home/praghuram23/miniconda3/envs/toxin_hemo/lib/python3.10/site-packages/toxinpred3/python_scripts/toxinpred3.py:142: SettingWithCopyWarning: 
A value is trying to be set on a copy of a slice from a DataFrame

See the caveats in the documentation: https://pandas.pydata.org/pandas-docs/stable/user_guide/indexing.html#returning-a-view-versus-a-copy
  df2.replace(to_replace=r"\)", value='', regex=True, inplace=True)
/home/praghuram23/miniconda3/envs/toxin_hemo/lib/python3.10/site-packages/toxinpred3/python_scripts/toxinpred3.py:143: SettingWithCopyWarning: 
A value is trying to be set on a copy of a slice from a DataFrame

See the caveats in the documentation: https://pandas.pydata.org/pandas-docs/stable/user_guide/indexing.html#returning-a-view-versus-a-copy
  df2.replace(to_replace=r'motifs match', value='', regex=True, inplace=True)
/home/praghuram23/miniconda3/envs/toxin_hemo/lib/python3.10/site-packages/toxinpred3/python_scripts/toxinpred3.py:144: SettingWithCopyWarning: 
A value is trying to be set on a copy of a slice from a DataFrame

See the caveats in the documentation: https://pandas.pydata.org/pandas-docs/stable/user_guide/indexing.html#returning-a-view-versus-a-copy
  df2.replace(to_replace=r' $', value='', regex=True,inplace=True)
/home/praghuram23/miniconda3/envs/toxin_hemo/lib/python3.10/site-packages/toxinpred3/python_scripts/toxinpred3.py:209: SettingWithCopyWarning: 
A value is trying to be set on a copy of a slice from a DataFrame

See the caveats in the documentation: https://pandas.pydata.org/pandas-docs/stable/user_guide/indexing.html#returning-a-view-versus-a-copy
  df2.replace(to_replace=r"\)", value='', regex=True, inplace=True)
/home/praghuram23/miniconda3/envs/toxin_hemo/lib/python3.10/site-packages/toxinpred3/python_scripts/toxinpred3.py:210: SettingWithCopyWarning: 
A value is trying to be set on a copy of a slice from a DataFrame

See the caveats in the documentation: https://pandas.pydata.org/pandas-docs/stable/user_guide/indexing.html#returning-a-view-versus-a-copy
  df2.replace(to_replace=r'motifs match', value='', regex=True, inplace=True)
/home/praghuram23/miniconda3/envs/toxin_hemo/lib/python3.10/site-packages/toxinpred3/python_scripts/toxinpred3.py:211: SettingWithCopyWarning: 
A value is trying to be set on a copy of a slice from a DataFrame

See the caveats in the documentation: https://pandas.pydata.org/pandas-docs/stable/user_guide/indexing.html#returning-a-view-versus-a-copy
  df2.replace(to_replace=r' $', value='', regex=True,inplace=True)
127.0.0.1 - - [26/Jul/2026 05:29:32] "POST /score HTTP/1.1" 200 -
/home/praghuram23/miniconda3/envs/toxin_hemo/lib/python3.10/site-packages/sklearn/base.py:439: UserWarning: X does not have valid feature names, but ExtraTreesClassifier was fitted with feature names
  warnings.warn(

This is the MERCI (Motif - EmeRging and with Classes - Identification) motif locator program.

   * Loading hierarchy NONE
   * Reading data
       input file Sequence_1 read -> 256 sequences found
   * Motif locations written to merci_p.txt

This is the MERCI (Motif - EmeRging and with Classes - Identification) motif locator program.

   * Loading hierarchy NONE
   * Reading data
       input file Sequence_1 read -> 256 sequences found
   * Motif locations written to merci_n.txt
/home/praghuram23/miniconda3/envs/toxin_hemo/lib/python3.10/site-packages/toxinpred3/python_scripts/toxinpred3.py:142: SettingWithCopyWarning: 
A value is trying to be set on a copy of a slice from a DataFrame

See the caveats in the documentation: https://pandas.pydata.org/pandas-docs/stable/user_guide/indexing.html#returning-a-view-versus-a-copy
  df2.replace(to_replace=r"\)", value='', regex=True, inplace=True)
/home/praghuram23/miniconda3/envs/toxin_hemo/lib/python3.10/site-packages/toxinpred3/python_scripts/toxinpred3.py:143: SettingWithCopyWarning: 
A value is trying to be set on a copy of a slice from a DataFrame

See the caveats in the documentation: https://pandas.pydata.org/pandas-docs/stable/user_guide/indexing.html#returning-a-view-versus-a-copy
  df2.replace(to_replace=r'motifs match', value='', regex=True, inplace=True)
/home/praghuram23/miniconda3/envs/toxin_hemo/lib/python3.10/site-packages/toxinpred3/python_scripts/toxinpred3.py:144: SettingWithCopyWarning: 
A value is trying to be set on a copy of a slice from a DataFrame

See the caveats in the documentation: https://pandas.pydata.org/pandas-docs/stable/user_guide/indexing.html#returning-a-view-versus-a-copy
  df2.replace(to_replace=r' $', value='', regex=True,inplace=True)
/home/praghuram23/miniconda3/envs/toxin_hemo/lib/python3.10/site-packages/toxinpred3/python_scripts/toxinpred3.py:209: SettingWithCopyWarning: 
A value is trying to be set on a copy of a slice from a DataFrame

See the caveats in the documentation: https://pandas.pydata.org/pandas-docs/stable/user_guide/indexing.html#returning-a-view-versus-a-copy
  df2.replace(to_replace=r"\)", value='', regex=True, inplace=True)
/home/praghuram23/miniconda3/envs/toxin_hemo/lib/python3.10/site-packages/toxinpred3/python_scripts/toxinpred3.py:210: SettingWithCopyWarning: 
A value is trying to be set on a copy of a slice from a DataFrame

See the caveats in the documentation: https://pandas.pydata.org/pandas-docs/stable/user_guide/indexing.html#returning-a-view-versus-a-copy
  df2.replace(to_replace=r'motifs match', value='', regex=True, inplace=True)
/home/praghuram23/miniconda3/envs/toxin_hemo/lib/python3.10/site-packages/toxinpred3/python_scripts/toxinpred3.py:211: SettingWithCopyWarning: 
A value is trying to be set on a copy of a slice from a DataFrame

See the caveats in the documentation: https://pandas.pydata.org/pandas-docs/stable/user_guide/indexing.html#returning-a-view-versus-a-copy
  df2.replace(to_replace=r' $', value='', regex=True,inplace=True)
127.0.0.1 - - [26/Jul/2026 05:30:03] "POST /score HTTP/1.1" 200 -
/home/praghuram23/miniconda3/envs/toxin_hemo/lib/python3.10/site-packages/sklearn/base.py:439: UserWarning: X does not have valid feature names, but ExtraTreesClassifier was fitted with feature names
  warnings.warn(

This is the MERCI (Motif - EmeRging and with Classes - Identification) motif locator program.

   * Loading hierarchy NONE
   * Reading data
       input file Sequence_1 read -> 256 sequences found
   * Motif locations written to merci_p.txt

This is the MERCI (Motif - EmeRging and with Classes - Identification) motif locator program.

   * Loading hierarchy NONE
   * Reading data
       input file Sequence_1 read -> 256 sequences found
   * Motif locations written to merci_n.txt
/home/praghuram23/miniconda3/envs/toxin_hemo/lib/python3.10/site-packages/toxinpred3/python_scripts/toxinpred3.py:209: SettingWithCopyWarning: 
A value is trying to be set on a copy of a slice from a DataFrame

See the caveats in the documentation: https://pandas.pydata.org/pandas-docs/stable/user_guide/indexing.html#returning-a-view-versus-a-copy
  df2.replace(to_replace=r"\)", value='', regex=True, inplace=True)
/home/praghuram23/miniconda3/envs/toxin_hemo/lib/python3.10/site-packages/toxinpred3/python_scripts/toxinpred3.py:210: SettingWithCopyWarning: 
A value is trying to be set on a copy of a slice from a DataFrame

See the caveats in the documentation: https://pandas.pydata.org/pandas-docs/stable/user_guide/indexing.html#returning-a-view-versus-a-copy
  df2.replace(to_replace=r'motifs match', value='', regex=True, inplace=True)
/home/praghuram23/miniconda3/envs/toxin_hemo/lib/python3.10/site-packages/toxinpred3/python_scripts/toxinpred3.py:211: SettingWithCopyWarning: 
A value is trying to be set on a copy of a slice from a DataFrame

See the caveats in the documentation: https://pandas.pydata.org/pandas-docs/stable/user_guide/indexing.html#returning-a-view-versus-a-copy
  df2.replace(to_replace=r' $', value='', regex=True,inplace=True)
127.0.0.1 - - [26/Jul/2026 05:30:35] "POST /score HTTP/1.1" 200 -
/home/praghuram23/miniconda3/envs/toxin_hemo/lib/python3.10/site-packages/sklearn/base.py:439: UserWarning: X does not have valid feature names, but ExtraTreesClassifier was fitted with feature names
  warnings.warn(

This is the MERCI (Motif - EmeRging and with Classes - Identification) motif locator program.

   * Loading hierarchy NONE
   * Reading data
       input file Sequence_1 read -> 256 sequences found
   * Motif locations written to merci_p.txt

This is the MERCI (Motif - EmeRging and with Classes - Identification) motif locator program.

   * Loading hierarchy NONE
   * Reading data
       input file Sequence_1 read -> 256 sequences found
   * Motif locations written to merci_n.txt
/home/praghuram23/miniconda3/envs/toxin_hemo/lib/python3.10/site-packages/toxinpred3/python_scripts/toxinpred3.py:142: SettingWithCopyWarning: 
A value is trying to be set on a copy of a slice from a DataFrame

See the caveats in the documentation: https://pandas.pydata.org/pandas-docs/stable/user_guide/indexing.html#returning-a-view-versus-a-copy
  df2.replace(to_replace=r"\)", value='', regex=True, inplace=True)
/home/praghuram23/miniconda3/envs/toxin_hemo/lib/python3.10/site-packages/toxinpred3/python_scripts/toxinpred3.py:143: SettingWithCopyWarning: 
A value is trying to be set on a copy of a slice from a DataFrame

See the caveats in the documentation: https://pandas.pydata.org/pandas-docs/stable/user_guide/indexing.html#returning-a-view-versus-a-copy
  df2.replace(to_replace=r'motifs match', value='', regex=True, inplace=True)
/home/praghuram23/miniconda3/envs/toxin_hemo/lib/python3.10/site-packages/toxinpred3/python_scripts/toxinpred3.py:144: SettingWithCopyWarning: 
A value is trying to be set on a copy of a slice from a DataFrame

See the caveats in the documentation: https://pandas.pydata.org/pandas-docs/stable/user_guide/indexing.html#returning-a-view-versus-a-copy
  df2.replace(to_replace=r' $', value='', regex=True,inplace=True)
/home/praghuram23/miniconda3/envs/toxin_hemo/lib/python3.10/site-packages/toxinpred3/python_scripts/toxinpred3.py:209: SettingWithCopyWarning: 
A value is trying to be set on a copy of a slice from a DataFrame

See the caveats in the documentation: https://pandas.pydata.org/pandas-docs/stable/user_guide/indexing.html#returning-a-view-versus-a-copy
  df2.replace(to_replace=r"\)", value='', regex=True, inplace=True)
/home/praghuram23/miniconda3/envs/toxin_hemo/lib/python3.10/site-packages/toxinpred3/python_scripts/toxinpred3.py:210: SettingWithCopyWarning: 
A value is trying to be set on a copy of a slice from a DataFrame

See the caveats in the documentation: https://pandas.pydata.org/pandas-docs/stable/user_guide/indexing.html#returning-a-view-versus-a-copy
  df2.replace(to_replace=r'motifs match', value='', regex=True, inplace=True)
/home/praghuram23/miniconda3/envs/toxin_hemo/lib/python3.10/site-packages/toxinpred3/python_scripts/toxinpred3.py:211: SettingWithCopyWarning: 
A value is trying to be set on a copy of a slice from a DataFrame

See the caveats in the documentation: https://pandas.pydata.org/pandas-docs/stable/user_guide/indexing.html#returning-a-view-versus-a-copy
  df2.replace(to_replace=r' $', value='', regex=True,inplace=True)
127.0.0.1 - - [26/Jul/2026 05:31:04] "POST /score HTTP/1.1" 200 -
/home/praghuram23/miniconda3/envs/toxin_hemo/lib/python3.10/site-packages/sklearn/base.py:439: UserWarning: X does not have valid feature names, but ExtraTreesClassifier was fitted with feature names
  warnings.warn(

This is the MERCI (Motif - EmeRging and with Classes - Identification) motif locator program.

   * Loading hierarchy NONE
   * Reading data
       input file Sequence_1 read -> 256 sequences found
   * Motif locations written to merci_p.txt

This is the MERCI (Motif - EmeRging and with Classes - Identification) motif locator program.

   * Loading hierarchy NONE
   * Reading data
       input file Sequence_1 read -> 256 sequences found
   * Motif locations written to merci_n.txt
/home/praghuram23/miniconda3/envs/toxin_hemo/lib/python3.10/site-packages/toxinpred3/python_scripts/toxinpred3.py:142: SettingWithCopyWarning: 
A value is trying to be set on a copy of a slice from a DataFrame

See the caveats in the documentation: https://pandas.pydata.org/pandas-docs/stable/user_guide/indexing.html#returning-a-view-versus-a-copy
  df2.replace(to_replace=r"\)", value='', regex=True, inplace=True)
/home/praghuram23/miniconda3/envs/toxin_hemo/lib/python3.10/site-packages/toxinpred3/python_scripts/toxinpred3.py:143: SettingWithCopyWarning: 
A value is trying to be set on a copy of a slice from a DataFrame

See the caveats in the documentation: https://pandas.pydata.org/pandas-docs/stable/user_guide/indexing.html#returning-a-view-versus-a-copy
  df2.replace(to_replace=r'motifs match', value='', regex=True, inplace=True)
/home/praghuram23/miniconda3/envs/toxin_hemo/lib/python3.10/site-packages/toxinpred3/python_scripts/toxinpred3.py:144: SettingWithCopyWarning: 
A value is trying to be set on a copy of a slice from a DataFrame

See the caveats in the documentation: https://pandas.pydata.org/pandas-docs/stable/user_guide/indexing.html#returning-a-view-versus-a-copy
  df2.replace(to_replace=r' $', value='', regex=True,inplace=True)
/home/praghuram23/miniconda3/envs/toxin_hemo/lib/python3.10/site-packages/toxinpred3/python_scripts/toxinpred3.py:209: SettingWithCopyWarning: 
A value is trying to be set on a copy of a slice from a DataFrame

See the caveats in the documentation: https://pandas.pydata.org/pandas-docs/stable/user_guide/indexing.html#returning-a-view-versus-a-copy
  df2.replace(to_replace=r"\)", value='', regex=True, inplace=True)
/home/praghuram23/miniconda3/envs/toxin_hemo/lib/python3.10/site-packages/toxinpred3/python_scripts/toxinpred3.py:210: SettingWithCopyWarning: 
A value is trying to be set on a copy of a slice from a DataFrame

See the caveats in the documentation: https://pandas.pydata.org/pandas-docs/stable/user_guide/indexing.html#returning-a-view-versus-a-copy
  df2.replace(to_replace=r'motifs match', value='', regex=True, inplace=True)
/home/praghuram23/miniconda3/envs/toxin_hemo/lib/python3.10/site-packages/toxinpred3/python_scripts/toxinpred3.py:211: SettingWithCopyWarning: 
A value is trying to be set on a copy of a slice from a DataFrame

See the caveats in the documentation: https://pandas.pydata.org/pandas-docs/stable/user_guide/indexing.html#returning-a-view-versus-a-copy
  df2.replace(to_replace=r' $', value='', regex=True,inplace=True)
127.0.0.1 - - [26/Jul/2026 05:31:35] "POST /score HTTP/1.1" 200 -
/home/praghuram23/miniconda3/envs/toxin_hemo/lib/python3.10/site-packages/sklearn/base.py:439: UserWarning: X does not have valid feature names, but ExtraTreesClassifier was fitted with feature names
  warnings.warn(

This is the MERCI (Motif - EmeRging and with Classes - Identification) motif locator program.

   * Loading hierarchy NONE
   * Reading data
       input file Sequence_1 read -> 256 sequences found
   * Motif locations written to merci_p.txt

This is the MERCI (Motif - EmeRging and with Classes - Identification) motif locator program.

   * Loading hierarchy NONE
   * Reading data
       input file Sequence_1 read -> 256 sequences found
   * Motif locations written to merci_n.txt
/home/praghuram23/miniconda3/envs/toxin_hemo/lib/python3.10/site-packages/toxinpred3/python_scripts/toxinpred3.py:209: SettingWithCopyWarning: 
A value is trying to be set on a copy of a slice from a DataFrame

See the caveats in the documentation: https://pandas.pydata.org/pandas-docs/stable/user_guide/indexing.html#returning-a-view-versus-a-copy
  df2.replace(to_replace=r"\)", value='', regex=True, inplace=True)
/home/praghuram23/miniconda3/envs/toxin_hemo/lib/python3.10/site-packages/toxinpred3/python_scripts/toxinpred3.py:210: SettingWithCopyWarning: 
A value is trying to be set on a copy of a slice from a DataFrame

See the caveats in the documentation: https://pandas.pydata.org/pandas-docs/stable/user_guide/indexing.html#returning-a-view-versus-a-copy
  df2.replace(to_replace=r'motifs match', value='', regex=True, inplace=True)
/home/praghuram23/miniconda3/envs/toxin_hemo/lib/python3.10/site-packages/toxinpred3/python_scripts/toxinpred3.py:211: SettingWithCopyWarning: 
A value is trying to be set on a copy of a slice from a DataFrame

See the caveats in the documentation: https://pandas.pydata.org/pandas-docs/stable/user_guide/indexing.html#returning-a-view-versus-a-copy
  df2.replace(to_replace=r' $', value='', regex=True,inplace=True)
127.0.0.1 - - [26/Jul/2026 05:32:08] "POST /score HTTP/1.1" 200 -
/home/praghuram23/miniconda3/envs/toxin_hemo/lib/python3.10/site-packages/sklearn/base.py:439: UserWarning: X does not have valid feature names, but ExtraTreesClassifier was fitted with feature names
  warnings.warn(

This is the MERCI (Motif - EmeRging and with Classes - Identification) motif locator program.

   * Loading hierarchy NONE
   * Reading data
       input file Sequence_1 read -> 256 sequences found
   * Motif locations written to merci_p.txt

This is the MERCI (Motif - EmeRging and with Classes - Identification) motif locator program.

   * Loading hierarchy NONE
   * Reading data
       input file Sequence_1 read -> 256 sequences found
   * Motif locations written to merci_n.txt
/home/praghuram23/miniconda3/envs/toxin_hemo/lib/python3.10/site-packages/toxinpred3/python_scripts/toxinpred3.py:142: SettingWithCopyWarning: 
A value is trying to be set on a copy of a slice from a DataFrame

See the caveats in the documentation: https://pandas.pydata.org/pandas-docs/stable/user_guide/indexing.html#returning-a-view-versus-a-copy
  df2.replace(to_replace=r"\)", value='', regex=True, inplace=True)
/home/praghuram23/miniconda3/envs/toxin_hemo/lib/python3.10/site-packages/toxinpred3/python_scripts/toxinpred3.py:143: SettingWithCopyWarning: 
A value is trying to be set on a copy of a slice from a DataFrame

See the caveats in the documentation: https://pandas.pydata.org/pandas-docs/stable/user_guide/indexing.html#returning-a-view-versus-a-copy
  df2.replace(to_replace=r'motifs match', value='', regex=True, inplace=True)
/home/praghuram23/miniconda3/envs/toxin_hemo/lib/python3.10/site-packages/toxinpred3/python_scripts/toxinpred3.py:144: SettingWithCopyWarning: 
A value is trying to be set on a copy of a slice from a DataFrame

See the caveats in the documentation: https://pandas.pydata.org/pandas-docs/stable/user_guide/indexing.html#returning-a-view-versus-a-copy
  df2.replace(to_replace=r' $', value='', regex=True,inplace=True)
/home/praghuram23/miniconda3/envs/toxin_hemo/lib/python3.10/site-packages/toxinpred3/python_scripts/toxinpred3.py:209: SettingWithCopyWarning: 
A value is trying to be set on a copy of a slice from a DataFrame

See the caveats in the documentation: https://pandas.pydata.org/pandas-docs/stable/user_guide/indexing.html#returning-a-view-versus-a-copy
  df2.replace(to_replace=r"\)", value='', regex=True, inplace=True)
/home/praghuram23/miniconda3/envs/toxin_hemo/lib/python3.10/site-packages/toxinpred3/python_scripts/toxinpred3.py:210: SettingWithCopyWarning: 
A value is trying to be set on a copy of a slice from a DataFrame

See the caveats in the documentation: https://pandas.pydata.org/pandas-docs/stable/user_guide/indexing.html#returning-a-view-versus-a-copy
  df2.replace(to_replace=r'motifs match', value='', regex=True, inplace=True)
/home/praghuram23/miniconda3/envs/toxin_hemo/lib/python3.10/site-packages/toxinpred3/python_scripts/toxinpred3.py:211: SettingWithCopyWarning: 
A value is trying to be set on a copy of a slice from a DataFrame

See the caveats in the documentation: https://pandas.pydata.org/pandas-docs/stable/user_guide/indexing.html#returning-a-view-versus-a-copy
  df2.replace(to_replace=r' $', value='', regex=True,inplace=True)
127.0.0.1 - - [26/Jul/2026 05:32:42] "POST /score HTTP/1.1" 200 -
/home/praghuram23/miniconda3/envs/toxin_hemo/lib/python3.10/site-packages/sklearn/base.py:439: UserWarning: X does not have valid feature names, but ExtraTreesClassifier was fitted with feature names
  warnings.warn(

This is the MERCI (Motif - EmeRging and with Classes - Identification) motif locator program.

   * Loading hierarchy NONE
   * Reading data
       input file Sequence_1 read -> 256 sequences found
   * Motif locations written to merci_p.txt

This is the MERCI (Motif - EmeRging and with Classes - Identification) motif locator program.

   * Loading hierarchy NONE
   * Reading data
       input file Sequence_1 read -> 256 sequences found
   * Motif locations written to merci_n.txt
/home/praghuram23/miniconda3/envs/toxin_hemo/lib/python3.10/site-packages/toxinpred3/python_scripts/toxinpred3.py:142: SettingWithCopyWarning: 
A value is trying to be set on a copy of a slice from a DataFrame

See the caveats in the documentation: https://pandas.pydata.org/pandas-docs/stable/user_guide/indexing.html#returning-a-view-versus-a-copy
  df2.replace(to_replace=r"\)", value='', regex=True, inplace=True)
/home/praghuram23/miniconda3/envs/toxin_hemo/lib/python3.10/site-packages/toxinpred3/python_scripts/toxinpred3.py:143: SettingWithCopyWarning: 
A value is trying to be set on a copy of a slice from a DataFrame

See the caveats in the documentation: https://pandas.pydata.org/pandas-docs/stable/user_guide/indexing.html#returning-a-view-versus-a-copy
  df2.replace(to_replace=r'motifs match', value='', regex=True, inplace=True)
/home/praghuram23/miniconda3/envs/toxin_hemo/lib/python3.10/site-packages/toxinpred3/python_scripts/toxinpred3.py:144: SettingWithCopyWarning: 
A value is trying to be set on a copy of a slice from a DataFrame

See the caveats in the documentation: https://pandas.pydata.org/pandas-docs/stable/user_guide/indexing.html#returning-a-view-versus-a-copy
  df2.replace(to_replace=r' $', value='', regex=True,inplace=True)
/home/praghuram23/miniconda3/envs/toxin_hemo/lib/python3.10/site-packages/toxinpred3/python_scripts/toxinpred3.py:209: SettingWithCopyWarning: 
A value is trying to be set on a copy of a slice from a DataFrame

See the caveats in the documentation: https://pandas.pydata.org/pandas-docs/stable/user_guide/indexing.html#returning-a-view-versus-a-copy
  df2.replace(to_replace=r"\)", value='', regex=True, inplace=True)
/home/praghuram23/miniconda3/envs/toxin_hemo/lib/python3.10/site-packages/toxinpred3/python_scripts/toxinpred3.py:210: SettingWithCopyWarning: 
A value is trying to be set on a copy of a slice from a DataFrame

See the caveats in the documentation: https://pandas.pydata.org/pandas-docs/stable/user_guide/indexing.html#returning-a-view-versus-a-copy
  df2.replace(to_replace=r'motifs match', value='', regex=True, inplace=True)
/home/praghuram23/miniconda3/envs/toxin_hemo/lib/python3.10/site-packages/toxinpred3/python_scripts/toxinpred3.py:211: SettingWithCopyWarning: 
A value is trying to be set on a copy of a slice from a DataFrame

See the caveats in the documentation: https://pandas.pydata.org/pandas-docs/stable/user_guide/indexing.html#returning-a-view-versus-a-copy
  df2.replace(to_replace=r' $', value='', regex=True,inplace=True)
127.0.0.1 - - [26/Jul/2026 05:33:13] "POST /score HTTP/1.1" 200 -
/home/praghuram23/miniconda3/envs/toxin_hemo/lib/python3.10/site-packages/sklearn/base.py:439: UserWarning: X does not have valid feature names, but ExtraTreesClassifier was fitted with feature names
  warnings.warn(

This is the MERCI (Motif - EmeRging and with Classes - Identification) motif locator program.

   * Loading hierarchy NONE
   * Reading data
       input file Sequence_1 read -> 256 sequences found
   * Motif locations written to merci_p.txt

This is the MERCI (Motif - EmeRging and with Classes - Identification) motif locator program.

   * Loading hierarchy NONE
   * Reading data
       input file Sequence_1 read -> 256 sequences found
   * Motif locations written to merci_n.txt
/home/praghuram23/miniconda3/envs/toxin_hemo/lib/python3.10/site-packages/toxinpred3/python_scripts/toxinpred3.py:142: SettingWithCopyWarning: 
A value is trying to be set on a copy of a slice from a DataFrame

See the caveats in the documentation: https://pandas.pydata.org/pandas-docs/stable/user_guide/indexing.html#returning-a-view-versus-a-copy
  df2.replace(to_replace=r"\)", value='', regex=True, inplace=True)
/home/praghuram23/miniconda3/envs/toxin_hemo/lib/python3.10/site-packages/toxinpred3/python_scripts/toxinpred3.py:143: SettingWithCopyWarning: 
A value is trying to be set on a copy of a slice from a DataFrame

See the caveats in the documentation: https://pandas.pydata.org/pandas-docs/stable/user_guide/indexing.html#returning-a-view-versus-a-copy
  df2.replace(to_replace=r'motifs match', value='', regex=True, inplace=True)
/home/praghuram23/miniconda3/envs/toxin_hemo/lib/python3.10/site-packages/toxinpred3/python_scripts/toxinpred3.py:144: SettingWithCopyWarning: 
A value is trying to be set on a copy of a slice from a DataFrame

See the caveats in the documentation: https://pandas.pydata.org/pandas-docs/stable/user_guide/indexing.html#returning-a-view-versus-a-copy
  df2.replace(to_replace=r' $', value='', regex=True,inplace=True)
/home/praghuram23/miniconda3/envs/toxin_hemo/lib/python3.10/site-packages/toxinpred3/python_scripts/toxinpred3.py:209: SettingWithCopyWarning: 
A value is trying to be set on a copy of a slice from a DataFrame

See the caveats in the documentation: https://pandas.pydata.org/pandas-docs/stable/user_guide/indexing.html#returning-a-view-versus-a-copy
  df2.replace(to_replace=r"\)", value='', regex=True, inplace=True)
/home/praghuram23/miniconda3/envs/toxin_hemo/lib/python3.10/site-packages/toxinpred3/python_scripts/toxinpred3.py:210: SettingWithCopyWarning: 
A value is trying to be set on a copy of a slice from a DataFrame

See the caveats in the documentation: https://pandas.pydata.org/pandas-docs/stable/user_guide/indexing.html#returning-a-view-versus-a-copy
  df2.replace(to_replace=r'motifs match', value='', regex=True, inplace=True)
/home/praghuram23/miniconda3/envs/toxin_hemo/lib/python3.10/site-packages/toxinpred3/python_scripts/toxinpred3.py:211: SettingWithCopyWarning: 
A value is trying to be set on a copy of a slice from a DataFrame

See the caveats in the documentation: https://pandas.pydata.org/pandas-docs/stable/user_guide/indexing.html#returning-a-view-versus-a-copy
  df2.replace(to_replace=r' $', value='', regex=True,inplace=True)
127.0.0.1 - - [26/Jul/2026 05:33:43] "POST /score HTTP/1.1" 200 -
/home/praghuram23/miniconda3/envs/toxin_hemo/lib/python3.10/site-packages/sklearn/base.py:439: UserWarning: X does not have valid feature names, but ExtraTreesClassifier was fitted with feature names
  warnings.warn(

This is the MERCI (Motif - EmeRging and with Classes - Identification) motif locator program.

   * Loading hierarchy NONE
   * Reading data
       input file Sequence_1 read -> 256 sequences found
   * Motif locations written to merci_p.txt

This is the MERCI (Motif - EmeRging and with Classes - Identification) motif locator program.

   * Loading hierarchy NONE
   * Reading data
       input file Sequence_1 read -> 256 sequences found
   * Motif locations written to merci_n.txt
/home/praghuram23/miniconda3/envs/toxin_hemo/lib/python3.10/site-packages/toxinpred3/python_scripts/toxinpred3.py:209: SettingWithCopyWarning: 
A value is trying to be set on a copy of a slice from a DataFrame

See the caveats in the documentation: https://pandas.pydata.org/pandas-docs/stable/user_guide/indexing.html#returning-a-view-versus-a-copy
  df2.replace(to_replace=r"\)", value='', regex=True, inplace=True)
/home/praghuram23/miniconda3/envs/toxin_hemo/lib/python3.10/site-packages/toxinpred3/python_scripts/toxinpred3.py:210: SettingWithCopyWarning: 
A value is trying to be set on a copy of a slice from a DataFrame

See the caveats in the documentation: https://pandas.pydata.org/pandas-docs/stable/user_guide/indexing.html#returning-a-view-versus-a-copy
  df2.replace(to_replace=r'motifs match', value='', regex=True, inplace=True)
/home/praghuram23/miniconda3/envs/toxin_hemo/lib/python3.10/site-packages/toxinpred3/python_scripts/toxinpred3.py:211: SettingWithCopyWarning: 
A value is trying to be set on a copy of a slice from a DataFrame

See the caveats in the documentation: https://pandas.pydata.org/pandas-docs/stable/user_guide/indexing.html#returning-a-view-versus-a-copy
  df2.replace(to_replace=r' $', value='', regex=True,inplace=True)
127.0.0.1 - - [26/Jul/2026 05:34:13] "POST /score HTTP/1.1" 200 -
/home/praghuram23/miniconda3/envs/toxin_hemo/lib/python3.10/site-packages/sklearn/base.py:439: UserWarning: X does not have valid feature names, but ExtraTreesClassifier was fitted with feature names
  warnings.warn(

This is the MERCI (Motif - EmeRging and with Classes - Identification) motif locator program.

   * Loading hierarchy NONE
   * Reading data
       input file Sequence_1 read -> 256 sequences found
   * Motif locations written to merci_p.txt

This is the MERCI (Motif - EmeRging and with Classes - Identification) motif locator program.

   * Loading hierarchy NONE
   * Reading data
       input file Sequence_1 read -> 256 sequences found
   * Motif locations written to merci_n.txt
/home/praghuram23/miniconda3/envs/toxin_hemo/lib/python3.10/site-packages/toxinpred3/python_scripts/toxinpred3.py:209: SettingWithCopyWarning: 
A value is trying to be set on a copy of a slice from a DataFrame

See the caveats in the documentation: https://pandas.pydata.org/pandas-docs/stable/user_guide/indexing.html#returning-a-view-versus-a-copy
  df2.replace(to_replace=r"\)", value='', regex=True, inplace=True)
/home/praghuram23/miniconda3/envs/toxin_hemo/lib/python3.10/site-packages/toxinpred3/python_scripts/toxinpred3.py:210: SettingWithCopyWarning: 
A value is trying to be set on a copy of a slice from a DataFrame

See the caveats in the documentation: https://pandas.pydata.org/pandas-docs/stable/user_guide/indexing.html#returning-a-view-versus-a-copy
  df2.replace(to_replace=r'motifs match', value='', regex=True, inplace=True)
/home/praghuram23/miniconda3/envs/toxin_hemo/lib/python3.10/site-packages/toxinpred3/python_scripts/toxinpred3.py:211: SettingWithCopyWarning: 
A value is trying to be set on a copy of a slice from a DataFrame

See the caveats in the documentation: https://pandas.pydata.org/pandas-docs/stable/user_guide/indexing.html#returning-a-view-versus-a-copy
  df2.replace(to_replace=r' $', value='', regex=True,inplace=True)
127.0.0.1 - - [26/Jul/2026 05:34:43] "POST /score HTTP/1.1" 200 -
/home/praghuram23/miniconda3/envs/toxin_hemo/lib/python3.10/site-packages/sklearn/base.py:439: UserWarning: X does not have valid feature names, but ExtraTreesClassifier was fitted with feature names
  warnings.warn(

This is the MERCI (Motif - EmeRging and with Classes - Identification) motif locator program.

   * Loading hierarchy NONE
   * Reading data
       input file Sequence_1 read -> 256 sequences found
   * Motif locations written to merci_p.txt

This is the MERCI (Motif - EmeRging and with Classes - Identification) motif locator program.

   * Loading hierarchy NONE
   * Reading data
       input file Sequence_1 read -> 256 sequences found
   * Motif locations written to merci_n.txt
/home/praghuram23/miniconda3/envs/toxin_hemo/lib/python3.10/site-packages/toxinpred3/python_scripts/toxinpred3.py:142: SettingWithCopyWarning: 
A value is trying to be set on a copy of a slice from a DataFrame

See the caveats in the documentation: https://pandas.pydata.org/pandas-docs/stable/user_guide/indexing.html#returning-a-view-versus-a-copy
  df2.replace(to_replace=r"\)", value='', regex=True, inplace=True)
/home/praghuram23/miniconda3/envs/toxin_hemo/lib/python3.10/site-packages/toxinpred3/python_scripts/toxinpred3.py:143: SettingWithCopyWarning: 
A value is trying to be set on a copy of a slice from a DataFrame

See the caveats in the documentation: https://pandas.pydata.org/pandas-docs/stable/user_guide/indexing.html#returning-a-view-versus-a-copy
  df2.replace(to_replace=r'motifs match', value='', regex=True, inplace=True)
/home/praghuram23/miniconda3/envs/toxin_hemo/lib/python3.10/site-packages/toxinpred3/python_scripts/toxinpred3.py:144: SettingWithCopyWarning: 
A value is trying to be set on a copy of a slice from a DataFrame

See the caveats in the documentation: https://pandas.pydata.org/pandas-docs/stable/user_guide/indexing.html#returning-a-view-versus-a-copy
  df2.replace(to_replace=r' $', value='', regex=True,inplace=True)
/home/praghuram23/miniconda3/envs/toxin_hemo/lib/python3.10/site-packages/toxinpred3/python_scripts/toxinpred3.py:209: SettingWithCopyWarning: 
A value is trying to be set on a copy of a slice from a DataFrame

See the caveats in the documentation: https://pandas.pydata.org/pandas-docs/stable/user_guide/indexing.html#returning-a-view-versus-a-copy
  df2.replace(to_replace=r"\)", value='', regex=True, inplace=True)
/home/praghuram23/miniconda3/envs/toxin_hemo/lib/python3.10/site-packages/toxinpred3/python_scripts/toxinpred3.py:210: SettingWithCopyWarning: 
A value is trying to be set on a copy of a slice from a DataFrame

See the caveats in the documentation: https://pandas.pydata.org/pandas-docs/stable/user_guide/indexing.html#returning-a-view-versus-a-copy
  df2.replace(to_replace=r'motifs match', value='', regex=True, inplace=True)
/home/praghuram23/miniconda3/envs/toxin_hemo/lib/python3.10/site-packages/toxinpred3/python_scripts/toxinpred3.py:211: SettingWithCopyWarning: 
A value is trying to be set on a copy of a slice from a DataFrame

See the caveats in the documentation: https://pandas.pydata.org/pandas-docs/stable/user_guide/indexing.html#returning-a-view-versus-a-copy
  df2.replace(to_replace=r' $', value='', regex=True,inplace=True)
127.0.0.1 - - [26/Jul/2026 05:35:13] "POST /score HTTP/1.1" 200 -
/home/praghuram23/miniconda3/envs/toxin_hemo/lib/python3.10/site-packages/sklearn/base.py:439: UserWarning: X does not have valid feature names, but ExtraTreesClassifier was fitted with feature names
  warnings.warn(

This is the MERCI (Motif - EmeRging and with Classes - Identification) motif locator program.

   * Loading hierarchy NONE
   * Reading data
       input file Sequence_1 read -> 256 sequences found
   * Motif locations written to merci_p.txt

This is the MERCI (Motif - EmeRging and with Classes - Identification) motif locator program.

   * Loading hierarchy NONE
   * Reading data
       input file Sequence_1 read -> 256 sequences found
   * Motif locations written to merci_n.txt
/home/praghuram23/miniconda3/envs/toxin_hemo/lib/python3.10/site-packages/toxinpred3/python_scripts/toxinpred3.py:142: SettingWithCopyWarning: 
A value is trying to be set on a copy of a slice from a DataFrame

See the caveats in the documentation: https://pandas.pydata.org/pandas-docs/stable/user_guide/indexing.html#returning-a-view-versus-a-copy
  df2.replace(to_replace=r"\)", value='', regex=True, inplace=True)
/home/praghuram23/miniconda3/envs/toxin_hemo/lib/python3.10/site-packages/toxinpred3/python_scripts/toxinpred3.py:143: SettingWithCopyWarning: 
A value is trying to be set on a copy of a slice from a DataFrame

See the caveats in the documentation: https://pandas.pydata.org/pandas-docs/stable/user_guide/indexing.html#returning-a-view-versus-a-copy
  df2.replace(to_replace=r'motifs match', value='', regex=True, inplace=True)
/home/praghuram23/miniconda3/envs/toxin_hemo/lib/python3.10/site-packages/toxinpred3/python_scripts/toxinpred3.py:144: SettingWithCopyWarning: 
A value is trying to be set on a copy of a slice from a DataFrame

See the caveats in the documentation: https://pandas.pydata.org/pandas-docs/stable/user_guide/indexing.html#returning-a-view-versus-a-copy
  df2.replace(to_replace=r' $', value='', regex=True,inplace=True)
/home/praghuram23/miniconda3/envs/toxin_hemo/lib/python3.10/site-packages/toxinpred3/python_scripts/toxinpred3.py:209: SettingWithCopyWarning: 
A value is trying to be set on a copy of a slice from a DataFrame

See the caveats in the documentation: https://pandas.pydata.org/pandas-docs/stable/user_guide/indexing.html#returning-a-view-versus-a-copy
  df2.replace(to_replace=r"\)", value='', regex=True, inplace=True)
/home/praghuram23/miniconda3/envs/toxin_hemo/lib/python3.10/site-packages/toxinpred3/python_scripts/toxinpred3.py:210: SettingWithCopyWarning: 
A value is trying to be set on a copy of a slice from a DataFrame

See the caveats in the documentation: https://pandas.pydata.org/pandas-docs/stable/user_guide/indexing.html#returning-a-view-versus-a-copy
  df2.replace(to_replace=r'motifs match', value='', regex=True, inplace=True)
/home/praghuram23/miniconda3/envs/toxin_hemo/lib/python3.10/site-packages/toxinpred3/python_scripts/toxinpred3.py:211: SettingWithCopyWarning: 
A value is trying to be set on a copy of a slice from a DataFrame

See the caveats in the documentation: https://pandas.pydata.org/pandas-docs/stable/user_guide/indexing.html#returning-a-view-versus-a-copy
  df2.replace(to_replace=r' $', value='', regex=True,inplace=True)
127.0.0.1 - - [26/Jul/2026 05:35:45] "POST /score HTTP/1.1" 200 -
/home/praghuram23/miniconda3/envs/toxin_hemo/lib/python3.10/site-packages/sklearn/base.py:439: UserWarning: X does not have valid feature names, but ExtraTreesClassifier was fitted with feature names
  warnings.warn(

This is the MERCI (Motif - EmeRging and with Classes - Identification) motif locator program.

   * Loading hierarchy NONE
   * Reading data
       input file Sequence_1 read -> 256 sequences found
   * Motif locations written to merci_p.txt

This is the MERCI (Motif - EmeRging and with Classes - Identification) motif locator program.

   * Loading hierarchy NONE
   * Reading data
       input file Sequence_1 read -> 256 sequences found
   * Motif locations written to merci_n.txt
/home/praghuram23/miniconda3/envs/toxin_hemo/lib/python3.10/site-packages/toxinpred3/python_scripts/toxinpred3.py:142: SettingWithCopyWarning: 
A value is trying to be set on a copy of a slice from a DataFrame

See the caveats in the documentation: https://pandas.pydata.org/pandas-docs/stable/user_guide/indexing.html#returning-a-view-versus-a-copy
  df2.replace(to_replace=r"\)", value='', regex=True, inplace=True)
/home/praghuram23/miniconda3/envs/toxin_hemo/lib/python3.10/site-packages/toxinpred3/python_scripts/toxinpred3.py:143: SettingWithCopyWarning: 
A value is trying to be set on a copy of a slice from a DataFrame

See the caveats in the documentation: https://pandas.pydata.org/pandas-docs/stable/user_guide/indexing.html#returning-a-view-versus-a-copy
  df2.replace(to_replace=r'motifs match', value='', regex=True, inplace=True)
/home/praghuram23/miniconda3/envs/toxin_hemo/lib/python3.10/site-packages/toxinpred3/python_scripts/toxinpred3.py:144: SettingWithCopyWarning: 
A value is trying to be set on a copy of a slice from a DataFrame

See the caveats in the documentation: https://pandas.pydata.org/pandas-docs/stable/user_guide/indexing.html#returning-a-view-versus-a-copy
  df2.replace(to_replace=r' $', value='', regex=True,inplace=True)
/home/praghuram23/miniconda3/envs/toxin_hemo/lib/python3.10/site-packages/toxinpred3/python_scripts/toxinpred3.py:209: SettingWithCopyWarning: 
A value is trying to be set on a copy of a slice from a DataFrame

See the caveats in the documentation: https://pandas.pydata.org/pandas-docs/stable/user_guide/indexing.html#returning-a-view-versus-a-copy
  df2.replace(to_replace=r"\)", value='', regex=True, inplace=True)
/home/praghuram23/miniconda3/envs/toxin_hemo/lib/python3.10/site-packages/toxinpred3/python_scripts/toxinpred3.py:210: SettingWithCopyWarning: 
A value is trying to be set on a copy of a slice from a DataFrame

See the caveats in the documentation: https://pandas.pydata.org/pandas-docs/stable/user_guide/indexing.html#returning-a-view-versus-a-copy
  df2.replace(to_replace=r'motifs match', value='', regex=True, inplace=True)
/home/praghuram23/miniconda3/envs/toxin_hemo/lib/python3.10/site-packages/toxinpred3/python_scripts/toxinpred3.py:211: SettingWithCopyWarning: 
A value is trying to be set on a copy of a slice from a DataFrame

See the caveats in the documentation: https://pandas.pydata.org/pandas-docs/stable/user_guide/indexing.html#returning-a-view-versus-a-copy
  df2.replace(to_replace=r' $', value='', regex=True,inplace=True)
127.0.0.1 - - [26/Jul/2026 05:36:14] "POST /score HTTP/1.1" 200 -
/home/praghuram23/miniconda3/envs/toxin_hemo/lib/python3.10/site-packages/sklearn/base.py:439: UserWarning: X does not have valid feature names, but ExtraTreesClassifier was fitted with feature names
  warnings.warn(

This is the MERCI (Motif - EmeRging and with Classes - Identification) motif locator program.

   * Loading hierarchy NONE
   * Reading data
       input file Sequence_1 read -> 256 sequences found
   * Motif locations written to merci_p.txt

This is the MERCI (Motif - EmeRging and with Classes - Identification) motif locator program.

   * Loading hierarchy NONE
   * Reading data
       input file Sequence_1 read -> 256 sequences found
   * Motif locations written to merci_n.txt
/home/praghuram23/miniconda3/envs/toxin_hemo/lib/python3.10/site-packages/toxinpred3/python_scripts/toxinpred3.py:209: SettingWithCopyWarning: 
A value is trying to be set on a copy of a slice from a DataFrame

See the caveats in the documentation: https://pandas.pydata.org/pandas-docs/stable/user_guide/indexing.html#returning-a-view-versus-a-copy
  df2.replace(to_replace=r"\)", value='', regex=True, inplace=True)
/home/praghuram23/miniconda3/envs/toxin_hemo/lib/python3.10/site-packages/toxinpred3/python_scripts/toxinpred3.py:210: SettingWithCopyWarning: 
A value is trying to be set on a copy of a slice from a DataFrame

See the caveats in the documentation: https://pandas.pydata.org/pandas-docs/stable/user_guide/indexing.html#returning-a-view-versus-a-copy
  df2.replace(to_replace=r'motifs match', value='', regex=True, inplace=True)
/home/praghuram23/miniconda3/envs/toxin_hemo/lib/python3.10/site-packages/toxinpred3/python_scripts/toxinpred3.py:211: SettingWithCopyWarning: 
A value is trying to be set on a copy of a slice from a DataFrame

See the caveats in the documentation: https://pandas.pydata.org/pandas-docs/stable/user_guide/indexing.html#returning-a-view-versus-a-copy
  df2.replace(to_replace=r' $', value='', regex=True,inplace=True)
127.0.0.1 - - [26/Jul/2026 05:36:46] "POST /score HTTP/1.1" 200 -
/home/praghuram23/miniconda3/envs/toxin_hemo/lib/python3.10/site-packages/sklearn/base.py:439: UserWarning: X does not have valid feature names, but ExtraTreesClassifier was fitted with feature names
  warnings.warn(

This is the MERCI (Motif - EmeRging and with Classes - Identification) motif locator program.

   * Loading hierarchy NONE
   * Reading data
       input file Sequence_1 read -> 256 sequences found
   * Motif locations written to merci_p.txt

This is the MERCI (Motif - EmeRging and with Classes - Identification) motif locator program.

   * Loading hierarchy NONE
   * Reading data
       input file Sequence_1 read -> 256 sequences found
   * Motif locations written to merci_n.txt
/home/praghuram23/miniconda3/envs/toxin_hemo/lib/python3.10/site-packages/toxinpred3/python_scripts/toxinpred3.py:142: SettingWithCopyWarning: 
A value is trying to be set on a copy of a slice from a DataFrame

See the caveats in the documentation: https://pandas.pydata.org/pandas-docs/stable/user_guide/indexing.html#returning-a-view-versus-a-copy
  df2.replace(to_replace=r"\)", value='', regex=True, inplace=True)
/home/praghuram23/miniconda3/envs/toxin_hemo/lib/python3.10/site-packages/toxinpred3/python_scripts/toxinpred3.py:143: SettingWithCopyWarning: 
A value is trying to be set on a copy of a slice from a DataFrame

See the caveats in the documentation: https://pandas.pydata.org/pandas-docs/stable/user_guide/indexing.html#returning-a-view-versus-a-copy
  df2.replace(to_replace=r'motifs match', value='', regex=True, inplace=True)
/home/praghuram23/miniconda3/envs/toxin_hemo/lib/python3.10/site-packages/toxinpred3/python_scripts/toxinpred3.py:144: SettingWithCopyWarning: 
A value is trying to be set on a copy of a slice from a DataFrame

See the caveats in the documentation: https://pandas.pydata.org/pandas-docs/stable/user_guide/indexing.html#returning-a-view-versus-a-copy
  df2.replace(to_replace=r' $', value='', regex=True,inplace=True)
/home/praghuram23/miniconda3/envs/toxin_hemo/lib/python3.10/site-packages/toxinpred3/python_scripts/toxinpred3.py:209: SettingWithCopyWarning: 
A value is trying to be set on a copy of a slice from a DataFrame

See the caveats in the documentation: https://pandas.pydata.org/pandas-docs/stable/user_guide/indexing.html#returning-a-view-versus-a-copy
  df2.replace(to_replace=r"\)", value='', regex=True, inplace=True)
/home/praghuram23/miniconda3/envs/toxin_hemo/lib/python3.10/site-packages/toxinpred3/python_scripts/toxinpred3.py:210: SettingWithCopyWarning: 
A value is trying to be set on a copy of a slice from a DataFrame

See the caveats in the documentation: https://pandas.pydata.org/pandas-docs/stable/user_guide/indexing.html#returning-a-view-versus-a-copy
  df2.replace(to_replace=r'motifs match', value='', regex=True, inplace=True)
/home/praghuram23/miniconda3/envs/toxin_hemo/lib/python3.10/site-packages/toxinpred3/python_scripts/toxinpred3.py:211: SettingWithCopyWarning: 
A value is trying to be set on a copy of a slice from a DataFrame

See the caveats in the documentation: https://pandas.pydata.org/pandas-docs/stable/user_guide/indexing.html#returning-a-view-versus-a-copy
  df2.replace(to_replace=r' $', value='', regex=True,inplace=True)
127.0.0.1 - - [26/Jul/2026 05:37:20] "POST /score HTTP/1.1" 200 -
/home/praghuram23/miniconda3/envs/toxin_hemo/lib/python3.10/site-packages/sklearn/base.py:439: UserWarning: X does not have valid feature names, but ExtraTreesClassifier was fitted with feature names
  warnings.warn(

This is the MERCI (Motif - EmeRging and with Classes - Identification) motif locator program.

   * Loading hierarchy NONE
   * Reading data
       input file Sequence_1 read -> 256 sequences found
   * Motif locations written to merci_p.txt

This is the MERCI (Motif - EmeRging and with Classes - Identification) motif locator program.

   * Loading hierarchy NONE
   * Reading data
       input file Sequence_1 read -> 256 sequences found
   * Motif locations written to merci_n.txt
/home/praghuram23/miniconda3/envs/toxin_hemo/lib/python3.10/site-packages/toxinpred3/python_scripts/toxinpred3.py:142: SettingWithCopyWarning: 
A value is trying to be set on a copy of a slice from a DataFrame

See the caveats in the documentation: https://pandas.pydata.org/pandas-docs/stable/user_guide/indexing.html#returning-a-view-versus-a-copy
  df2.replace(to_replace=r"\)", value='', regex=True, inplace=True)
/home/praghuram23/miniconda3/envs/toxin_hemo/lib/python3.10/site-packages/toxinpred3/python_scripts/toxinpred3.py:143: SettingWithCopyWarning: 
A value is trying to be set on a copy of a slice from a DataFrame

See the caveats in the documentation: https://pandas.pydata.org/pandas-docs/stable/user_guide/indexing.html#returning-a-view-versus-a-copy
  df2.replace(to_replace=r'motifs match', value='', regex=True, inplace=True)
/home/praghuram23/miniconda3/envs/toxin_hemo/lib/python3.10/site-packages/toxinpred3/python_scripts/toxinpred3.py:144: SettingWithCopyWarning: 
A value is trying to be set on a copy of a slice from a DataFrame

See the caveats in the documentation: https://pandas.pydata.org/pandas-docs/stable/user_guide/indexing.html#returning-a-view-versus-a-copy
  df2.replace(to_replace=r' $', value='', regex=True,inplace=True)
/home/praghuram23/miniconda3/envs/toxin_hemo/lib/python3.10/site-packages/toxinpred3/python_scripts/toxinpred3.py:209: SettingWithCopyWarning: 
A value is trying to be set on a copy of a slice from a DataFrame

See the caveats in the documentation: https://pandas.pydata.org/pandas-docs/stable/user_guide/indexing.html#returning-a-view-versus-a-copy
  df2.replace(to_replace=r"\)", value='', regex=True, inplace=True)
/home/praghuram23/miniconda3/envs/toxin_hemo/lib/python3.10/site-packages/toxinpred3/python_scripts/toxinpred3.py:210: SettingWithCopyWarning: 
A value is trying to be set on a copy of a slice from a DataFrame

See the caveats in the documentation: https://pandas.pydata.org/pandas-docs/stable/user_guide/indexing.html#returning-a-view-versus-a-copy
  df2.replace(to_replace=r'motifs match', value='', regex=True, inplace=True)
/home/praghuram23/miniconda3/envs/toxin_hemo/lib/python3.10/site-packages/toxinpred3/python_scripts/toxinpred3.py:211: SettingWithCopyWarning: 
A value is trying to be set on a copy of a slice from a DataFrame

See the caveats in the documentation: https://pandas.pydata.org/pandas-docs/stable/user_guide/indexing.html#returning-a-view-versus-a-copy
  df2.replace(to_replace=r' $', value='', regex=True,inplace=True)
127.0.0.1 - - [26/Jul/2026 05:37:50] "POST /score HTTP/1.1" 200 -
/home/praghuram23/miniconda3/envs/toxin_hemo/lib/python3.10/site-packages/sklearn/base.py:439: UserWarning: X does not have valid feature names, but ExtraTreesClassifier was fitted with feature names
  warnings.warn(

This is the MERCI (Motif - EmeRging and with Classes - Identification) motif locator program.

   * Loading hierarchy NONE
   * Reading data
       input file Sequence_1 read -> 256 sequences found
   * Motif locations written to merci_p.txt

This is the MERCI (Motif - EmeRging and with Classes - Identification) motif locator program.

   * Loading hierarchy NONE
   * Reading data
       input file Sequence_1 read -> 256 sequences found
   * Motif locations written to merci_n.txt
/home/praghuram23/miniconda3/envs/toxin_hemo/lib/python3.10/site-packages/toxinpred3/python_scripts/toxinpred3.py:209: SettingWithCopyWarning: 
A value is trying to be set on a copy of a slice from a DataFrame

See the caveats in the documentation: https://pandas.pydata.org/pandas-docs/stable/user_guide/indexing.html#returning-a-view-versus-a-copy
  df2.replace(to_replace=r"\)", value='', regex=True, inplace=True)
/home/praghuram23/miniconda3/envs/toxin_hemo/lib/python3.10/site-packages/toxinpred3/python_scripts/toxinpred3.py:210: SettingWithCopyWarning: 
A value is trying to be set on a copy of a slice from a DataFrame

See the caveats in the documentation: https://pandas.pydata.org/pandas-docs/stable/user_guide/indexing.html#returning-a-view-versus-a-copy
  df2.replace(to_replace=r'motifs match', value='', regex=True, inplace=True)
/home/praghuram23/miniconda3/envs/toxin_hemo/lib/python3.10/site-packages/toxinpred3/python_scripts/toxinpred3.py:211: SettingWithCopyWarning: 
A value is trying to be set on a copy of a slice from a DataFrame

See the caveats in the documentation: https://pandas.pydata.org/pandas-docs/stable/user_guide/indexing.html#returning-a-view-versus-a-copy
  df2.replace(to_replace=r' $', value='', regex=True,inplace=True)
127.0.0.1 - - [26/Jul/2026 05:38:18] "POST /score HTTP/1.1" 200 -
/home/praghuram23/miniconda3/envs/toxin_hemo/lib/python3.10/site-packages/sklearn/base.py:439: UserWarning: X does not have valid feature names, but ExtraTreesClassifier was fitted with feature names
  warnings.warn(

This is the MERCI (Motif - EmeRging and with Classes - Identification) motif locator program.

   * Loading hierarchy NONE
   * Reading data
       input file Sequence_1 read -> 256 sequences found
   * Motif locations written to merci_p.txt

This is the MERCI (Motif - EmeRging and with Classes - Identification) motif locator program.

   * Loading hierarchy NONE
   * Reading data
       input file Sequence_1 read -> 256 sequences found
   * Motif locations written to merci_n.txt
/home/praghuram23/miniconda3/envs/toxin_hemo/lib/python3.10/site-packages/toxinpred3/python_scripts/toxinpred3.py:142: SettingWithCopyWarning: 
A value is trying to be set on a copy of a slice from a DataFrame

See the caveats in the documentation: https://pandas.pydata.org/pandas-docs/stable/user_guide/indexing.html#returning-a-view-versus-a-copy
  df2.replace(to_replace=r"\)", value='', regex=True, inplace=True)
/home/praghuram23/miniconda3/envs/toxin_hemo/lib/python3.10/site-packages/toxinpred3/python_scripts/toxinpred3.py:143: SettingWithCopyWarning: 
A value is trying to be set on a copy of a slice from a DataFrame

See the caveats in the documentation: https://pandas.pydata.org/pandas-docs/stable/user_guide/indexing.html#returning-a-view-versus-a-copy
  df2.replace(to_replace=r'motifs match', value='', regex=True, inplace=True)
/home/praghuram23/miniconda3/envs/toxin_hemo/lib/python3.10/site-packages/toxinpred3/python_scripts/toxinpred3.py:144: SettingWithCopyWarning: 
A value is trying to be set on a copy of a slice from a DataFrame

See the caveats in the documentation: https://pandas.pydata.org/pandas-docs/stable/user_guide/indexing.html#returning-a-view-versus-a-copy
  df2.replace(to_replace=r' $', value='', regex=True,inplace=True)
/home/praghuram23/miniconda3/envs/toxin_hemo/lib/python3.10/site-packages/toxinpred3/python_scripts/toxinpred3.py:209: SettingWithCopyWarning: 
A value is trying to be set on a copy of a slice from a DataFrame

See the caveats in the documentation: https://pandas.pydata.org/pandas-docs/stable/user_guide/indexing.html#returning-a-view-versus-a-copy
  df2.replace(to_replace=r"\)", value='', regex=True, inplace=True)
/home/praghuram23/miniconda3/envs/toxin_hemo/lib/python3.10/site-packages/toxinpred3/python_scripts/toxinpred3.py:210: SettingWithCopyWarning: 
A value is trying to be set on a copy of a slice from a DataFrame

See the caveats in the documentation: https://pandas.pydata.org/pandas-docs/stable/user_guide/indexing.html#returning-a-view-versus-a-copy
  df2.replace(to_replace=r'motifs match', value='', regex=True, inplace=True)
/home/praghuram23/miniconda3/envs/toxin_hemo/lib/python3.10/site-packages/toxinpred3/python_scripts/toxinpred3.py:211: SettingWithCopyWarning: 
A value is trying to be set on a copy of a slice from a DataFrame

See the caveats in the documentation: https://pandas.pydata.org/pandas-docs/stable/user_guide/indexing.html#returning-a-view-versus-a-copy
  df2.replace(to_replace=r' $', value='', regex=True,inplace=True)
127.0.0.1 - - [26/Jul/2026 05:38:47] "POST /score HTTP/1.1" 200 -
/home/praghuram23/miniconda3/envs/toxin_hemo/lib/python3.10/site-packages/sklearn/base.py:439: UserWarning: X does not have valid feature names, but ExtraTreesClassifier was fitted with feature names
  warnings.warn(

This is the MERCI (Motif - EmeRging and with Classes - Identification) motif locator program.

   * Loading hierarchy NONE
   * Reading data
       input file Sequence_1 read -> 256 sequences found
   * Motif locations written to merci_p.txt

This is the MERCI (Motif - EmeRging and with Classes - Identification) motif locator program.

   * Loading hierarchy NONE
   * Reading data
       input file Sequence_1 read -> 256 sequences found
   * Motif locations written to merci_n.txt
/home/praghuram23/miniconda3/envs/toxin_hemo/lib/python3.10/site-packages/toxinpred3/python_scripts/toxinpred3.py:142: SettingWithCopyWarning: 
A value is trying to be set on a copy of a slice from a DataFrame

See the caveats in the documentation: https://pandas.pydata.org/pandas-docs/stable/user_guide/indexing.html#returning-a-view-versus-a-copy
  df2.replace(to_replace=r"\)", value='', regex=True, inplace=True)
/home/praghuram23/miniconda3/envs/toxin_hemo/lib/python3.10/site-packages/toxinpred3/python_scripts/toxinpred3.py:143: SettingWithCopyWarning: 
A value is trying to be set on a copy of a slice from a DataFrame

See the caveats in the documentation: https://pandas.pydata.org/pandas-docs/stable/user_guide/indexing.html#returning-a-view-versus-a-copy
  df2.replace(to_replace=r'motifs match', value='', regex=True, inplace=True)
/home/praghuram23/miniconda3/envs/toxin_hemo/lib/python3.10/site-packages/toxinpred3/python_scripts/toxinpred3.py:144: SettingWithCopyWarning: 
A value is trying to be set on a copy of a slice from a DataFrame

See the caveats in the documentation: https://pandas.pydata.org/pandas-docs/stable/user_guide/indexing.html#returning-a-view-versus-a-copy
  df2.replace(to_replace=r' $', value='', regex=True,inplace=True)
/home/praghuram23/miniconda3/envs/toxin_hemo/lib/python3.10/site-packages/toxinpred3/python_scripts/toxinpred3.py:209: SettingWithCopyWarning: 
A value is trying to be set on a copy of a slice from a DataFrame

See the caveats in the documentation: https://pandas.pydata.org/pandas-docs/stable/user_guide/indexing.html#returning-a-view-versus-a-copy
  df2.replace(to_replace=r"\)", value='', regex=True, inplace=True)
/home/praghuram23/miniconda3/envs/toxin_hemo/lib/python3.10/site-packages/toxinpred3/python_scripts/toxinpred3.py:210: SettingWithCopyWarning: 
A value is trying to be set on a copy of a slice from a DataFrame

See the caveats in the documentation: https://pandas.pydata.org/pandas-docs/stable/user_guide/indexing.html#returning-a-view-versus-a-copy
  df2.replace(to_replace=r'motifs match', value='', regex=True, inplace=True)
/home/praghuram23/miniconda3/envs/toxin_hemo/lib/python3.10/site-packages/toxinpred3/python_scripts/toxinpred3.py:211: SettingWithCopyWarning: 
A value is trying to be set on a copy of a slice from a DataFrame

See the caveats in the documentation: https://pandas.pydata.org/pandas-docs/stable/user_guide/indexing.html#returning-a-view-versus-a-copy
  df2.replace(to_replace=r' $', value='', regex=True,inplace=True)
127.0.0.1 - - [26/Jul/2026 05:39:16] "POST /score HTTP/1.1" 200 -
/home/praghuram23/miniconda3/envs/toxin_hemo/lib/python3.10/site-packages/sklearn/base.py:439: UserWarning: X does not have valid feature names, but ExtraTreesClassifier was fitted with feature names
  warnings.warn(

This is the MERCI (Motif - EmeRging and with Classes - Identification) motif locator program.

   * Loading hierarchy NONE
   * Reading data
       input file Sequence_1 read -> 256 sequences found
   * Motif locations written to merci_p.txt

This is the MERCI (Motif - EmeRging and with Classes - Identification) motif locator program.

   * Loading hierarchy NONE
   * Reading data
       input file Sequence_1 read -> 256 sequences found
   * Motif locations written to merci_n.txt
/home/praghuram23/miniconda3/envs/toxin_hemo/lib/python3.10/site-packages/toxinpred3/python_scripts/toxinpred3.py:142: SettingWithCopyWarning: 
A value is trying to be set on a copy of a slice from a DataFrame

See the caveats in the documentation: https://pandas.pydata.org/pandas-docs/stable/user_guide/indexing.html#returning-a-view-versus-a-copy
  df2.replace(to_replace=r"\)", value='', regex=True, inplace=True)
/home/praghuram23/miniconda3/envs/toxin_hemo/lib/python3.10/site-packages/toxinpred3/python_scripts/toxinpred3.py:143: SettingWithCopyWarning: 
A value is trying to be set on a copy of a slice from a DataFrame

See the caveats in the documentation: https://pandas.pydata.org/pandas-docs/stable/user_guide/indexing.html#returning-a-view-versus-a-copy
  df2.replace(to_replace=r'motifs match', value='', regex=True, inplace=True)
/home/praghuram23/miniconda3/envs/toxin_hemo/lib/python3.10/site-packages/toxinpred3/python_scripts/toxinpred3.py:144: SettingWithCopyWarning: 
A value is trying to be set on a copy of a slice from a DataFrame

See the caveats in the documentation: https://pandas.pydata.org/pandas-docs/stable/user_guide/indexing.html#returning-a-view-versus-a-copy
  df2.replace(to_replace=r' $', value='', regex=True,inplace=True)
/home/praghuram23/miniconda3/envs/toxin_hemo/lib/python3.10/site-packages/toxinpred3/python_scripts/toxinpred3.py:209: SettingWithCopyWarning: 
A value is trying to be set on a copy of a slice from a DataFrame

See the caveats in the documentation: https://pandas.pydata.org/pandas-docs/stable/user_guide/indexing.html#returning-a-view-versus-a-copy
  df2.replace(to_replace=r"\)", value='', regex=True, inplace=True)
/home/praghuram23/miniconda3/envs/toxin_hemo/lib/python3.10/site-packages/toxinpred3/python_scripts/toxinpred3.py:210: SettingWithCopyWarning: 
A value is trying to be set on a copy of a slice from a DataFrame

See the caveats in the documentation: https://pandas.pydata.org/pandas-docs/stable/user_guide/indexing.html#returning-a-view-versus-a-copy
  df2.replace(to_replace=r'motifs match', value='', regex=True, inplace=True)
/home/praghuram23/miniconda3/envs/toxin_hemo/lib/python3.10/site-packages/toxinpred3/python_scripts/toxinpred3.py:211: SettingWithCopyWarning: 
A value is trying to be set on a copy of a slice from a DataFrame

See the caveats in the documentation: https://pandas.pydata.org/pandas-docs/stable/user_guide/indexing.html#returning-a-view-versus-a-copy
  df2.replace(to_replace=r' $', value='', regex=True,inplace=True)
127.0.0.1 - - [26/Jul/2026 05:39:47] "POST /score HTTP/1.1" 200 -
/home/praghuram23/miniconda3/envs/toxin_hemo/lib/python3.10/site-packages/sklearn/base.py:439: UserWarning: X does not have valid feature names, but ExtraTreesClassifier was fitted with feature names
  warnings.warn(

This is the MERCI (Motif - EmeRging and with Classes - Identification) motif locator program.

   * Loading hierarchy NONE
   * Reading data
       input file Sequence_1 read -> 256 sequences found
   * Motif locations written to merci_p.txt

This is the MERCI (Motif - EmeRging and with Classes - Identification) motif locator program.

   * Loading hierarchy NONE
   * Reading data
       input file Sequence_1 read -> 256 sequences found
   * Motif locations written to merci_n.txt
/home/praghuram23/miniconda3/envs/toxin_hemo/lib/python3.10/site-packages/toxinpred3/python_scripts/toxinpred3.py:209: SettingWithCopyWarning: 
A value is trying to be set on a copy of a slice from a DataFrame

See the caveats in the documentation: https://pandas.pydata.org/pandas-docs/stable/user_guide/indexing.html#returning-a-view-versus-a-copy
  df2.replace(to_replace=r"\)", value='', regex=True, inplace=True)
/home/praghuram23/miniconda3/envs/toxin_hemo/lib/python3.10/site-packages/toxinpred3/python_scripts/toxinpred3.py:210: SettingWithCopyWarning: 
A value is trying to be set on a copy of a slice from a DataFrame

See the caveats in the documentation: https://pandas.pydata.org/pandas-docs/stable/user_guide/indexing.html#returning-a-view-versus-a-copy
  df2.replace(to_replace=r'motifs match', value='', regex=True, inplace=True)
/home/praghuram23/miniconda3/envs/toxin_hemo/lib/python3.10/site-packages/toxinpred3/python_scripts/toxinpred3.py:211: SettingWithCopyWarning: 
A value is trying to be set on a copy of a slice from a DataFrame

See the caveats in the documentation: https://pandas.pydata.org/pandas-docs/stable/user_guide/indexing.html#returning-a-view-versus-a-copy
  df2.replace(to_replace=r' $', value='', regex=True,inplace=True)
127.0.0.1 - - [26/Jul/2026 05:40:19] "POST /score HTTP/1.1" 200 -
/home/praghuram23/miniconda3/envs/toxin_hemo/lib/python3.10/site-packages/sklearn/base.py:439: UserWarning: X does not have valid feature names, but ExtraTreesClassifier was fitted with feature names
  warnings.warn(

This is the MERCI (Motif - EmeRging and with Classes - Identification) motif locator program.

   * Loading hierarchy NONE
   * Reading data
       input file Sequence_1 read -> 256 sequences found
   * Motif locations written to merci_p.txt

This is the MERCI (Motif - EmeRging and with Classes - Identification) motif locator program.

   * Loading hierarchy NONE
   * Reading data
       input file Sequence_1 read -> 256 sequences found
   * Motif locations written to merci_n.txt
/home/praghuram23/miniconda3/envs/toxin_hemo/lib/python3.10/site-packages/toxinpred3/python_scripts/toxinpred3.py:142: SettingWithCopyWarning: 
A value is trying to be set on a copy of a slice from a DataFrame

See the caveats in the documentation: https://pandas.pydata.org/pandas-docs/stable/user_guide/indexing.html#returning-a-view-versus-a-copy
  df2.replace(to_replace=r"\)", value='', regex=True, inplace=True)
/home/praghuram23/miniconda3/envs/toxin_hemo/lib/python3.10/site-packages/toxinpred3/python_scripts/toxinpred3.py:143: SettingWithCopyWarning: 
A value is trying to be set on a copy of a slice from a DataFrame

See the caveats in the documentation: https://pandas.pydata.org/pandas-docs/stable/user_guide/indexing.html#returning-a-view-versus-a-copy
  df2.replace(to_replace=r'motifs match', value='', regex=True, inplace=True)
/home/praghuram23/miniconda3/envs/toxin_hemo/lib/python3.10/site-packages/toxinpred3/python_scripts/toxinpred3.py:144: SettingWithCopyWarning: 
A value is trying to be set on a copy of a slice from a DataFrame

See the caveats in the documentation: https://pandas.pydata.org/pandas-docs/stable/user_guide/indexing.html#returning-a-view-versus-a-copy
  df2.replace(to_replace=r' $', value='', regex=True,inplace=True)
/home/praghuram23/miniconda3/envs/toxin_hemo/lib/python3.10/site-packages/toxinpred3/python_scripts/toxinpred3.py:209: SettingWithCopyWarning: 
A value is trying to be set on a copy of a slice from a DataFrame

See the caveats in the documentation: https://pandas.pydata.org/pandas-docs/stable/user_guide/indexing.html#returning-a-view-versus-a-copy
  df2.replace(to_replace=r"\)", value='', regex=True, inplace=True)
/home/praghuram23/miniconda3/envs/toxin_hemo/lib/python3.10/site-packages/toxinpred3/python_scripts/toxinpred3.py:210: SettingWithCopyWarning: 
A value is trying to be set on a copy of a slice from a DataFrame

See the caveats in the documentation: https://pandas.pydata.org/pandas-docs/stable/user_guide/indexing.html#returning-a-view-versus-a-copy
  df2.replace(to_replace=r'motifs match', value='', regex=True, inplace=True)
/home/praghuram23/miniconda3/envs/toxin_hemo/lib/python3.10/site-packages/toxinpred3/python_scripts/toxinpred3.py:211: SettingWithCopyWarning: 
A value is trying to be set on a copy of a slice from a DataFrame

See the caveats in the documentation: https://pandas.pydata.org/pandas-docs/stable/user_guide/indexing.html#returning-a-view-versus-a-copy
  df2.replace(to_replace=r' $', value='', regex=True,inplace=True)
127.0.0.1 - - [26/Jul/2026 05:40:48] "POST /score HTTP/1.1" 200 -
/home/praghuram23/miniconda3/envs/toxin_hemo/lib/python3.10/site-packages/sklearn/base.py:439: UserWarning: X does not have valid feature names, but ExtraTreesClassifier was fitted with feature names
  warnings.warn(

This is the MERCI (Motif - EmeRging and with Classes - Identification) motif locator program.

   * Loading hierarchy NONE
   * Reading data
       input file Sequence_1 read -> 256 sequences found
   * Motif locations written to merci_p.txt

This is the MERCI (Motif - EmeRging and with Classes - Identification) motif locator program.

   * Loading hierarchy NONE
   * Reading data
       input file Sequence_1 read -> 256 sequences found
   * Motif locations written to merci_n.txt
/home/praghuram23/miniconda3/envs/toxin_hemo/lib/python3.10/site-packages/toxinpred3/python_scripts/toxinpred3.py:209: SettingWithCopyWarning: 
A value is trying to be set on a copy of a slice from a DataFrame

See the caveats in the documentation: https://pandas.pydata.org/pandas-docs/stable/user_guide/indexing.html#returning-a-view-versus-a-copy
  df2.replace(to_replace=r"\)", value='', regex=True, inplace=True)
/home/praghuram23/miniconda3/envs/toxin_hemo/lib/python3.10/site-packages/toxinpred3/python_scripts/toxinpred3.py:210: SettingWithCopyWarning: 
A value is trying to be set on a copy of a slice from a DataFrame

See the caveats in the documentation: https://pandas.pydata.org/pandas-docs/stable/user_guide/indexing.html#returning-a-view-versus-a-copy
  df2.replace(to_replace=r'motifs match', value='', regex=True, inplace=True)
/home/praghuram23/miniconda3/envs/toxin_hemo/lib/python3.10/site-packages/toxinpred3/python_scripts/toxinpred3.py:211: SettingWithCopyWarning: 
A value is trying to be set on a copy of a slice from a DataFrame

See the caveats in the documentation: https://pandas.pydata.org/pandas-docs/stable/user_guide/indexing.html#returning-a-view-versus-a-copy
  df2.replace(to_replace=r' $', value='', regex=True,inplace=True)
127.0.0.1 - - [26/Jul/2026 05:41:15] "POST /score HTTP/1.1" 200 -
/home/praghuram23/miniconda3/envs/toxin_hemo/lib/python3.10/site-packages/sklearn/base.py:439: UserWarning: X does not have valid feature names, but ExtraTreesClassifier was fitted with feature names
  warnings.warn(

This is the MERCI (Motif - EmeRging and with Classes - Identification) motif locator program.

   * Loading hierarchy NONE
   * Reading data
       input file Sequence_1 read -> 256 sequences found
   * Motif locations written to merci_p.txt

This is the MERCI (Motif - EmeRging and with Classes - Identification) motif locator program.

   * Loading hierarchy NONE
   * Reading data
       input file Sequence_1 read -> 256 sequences found
   * Motif locations written to merci_n.txt
/home/praghuram23/miniconda3/envs/toxin_hemo/lib/python3.10/site-packages/toxinpred3/python_scripts/toxinpred3.py:209: SettingWithCopyWarning: 
A value is trying to be set on a copy of a slice from a DataFrame

See the caveats in the documentation: https://pandas.pydata.org/pandas-docs/stable/user_guide/indexing.html#returning-a-view-versus-a-copy
  df2.replace(to_replace=r"\)", value='', regex=True, inplace=True)
/home/praghuram23/miniconda3/envs/toxin_hemo/lib/python3.10/site-packages/toxinpred3/python_scripts/toxinpred3.py:210: SettingWithCopyWarning: 
A value is trying to be set on a copy of a slice from a DataFrame

See the caveats in the documentation: https://pandas.pydata.org/pandas-docs/stable/user_guide/indexing.html#returning-a-view-versus-a-copy
  df2.replace(to_replace=r'motifs match', value='', regex=True, inplace=True)
/home/praghuram23/miniconda3/envs/toxin_hemo/lib/python3.10/site-packages/toxinpred3/python_scripts/toxinpred3.py:211: SettingWithCopyWarning: 
A value is trying to be set on a copy of a slice from a DataFrame

See the caveats in the documentation: https://pandas.pydata.org/pandas-docs/stable/user_guide/indexing.html#returning-a-view-versus-a-copy
  df2.replace(to_replace=r' $', value='', regex=True,inplace=True)
127.0.0.1 - - [26/Jul/2026 05:41:41] "POST /score HTTP/1.1" 200 -
/home/praghuram23/miniconda3/envs/toxin_hemo/lib/python3.10/site-packages/sklearn/base.py:439: UserWarning: X does not have valid feature names, but ExtraTreesClassifier was fitted with feature names
  warnings.warn(

This is the MERCI (Motif - EmeRging and with Classes - Identification) motif locator program.

   * Loading hierarchy NONE
   * Reading data
       input file Sequence_1 read -> 256 sequences found
   * Motif locations written to merci_p.txt

This is the MERCI (Motif - EmeRging and with Classes - Identification) motif locator program.

   * Loading hierarchy NONE
   * Reading data
       input file Sequence_1 read -> 256 sequences found
   * Motif locations written to merci_n.txt
/home/praghuram23/miniconda3/envs/toxin_hemo/lib/python3.10/site-packages/toxinpred3/python_scripts/toxinpred3.py:142: SettingWithCopyWarning: 
A value is trying to be set on a copy of a slice from a DataFrame

See the caveats in the documentation: https://pandas.pydata.org/pandas-docs/stable/user_guide/indexing.html#returning-a-view-versus-a-copy
  df2.replace(to_replace=r"\)", value='', regex=True, inplace=True)
/home/praghuram23/miniconda3/envs/toxin_hemo/lib/python3.10/site-packages/toxinpred3/python_scripts/toxinpred3.py:143: SettingWithCopyWarning: 
A value is trying to be set on a copy of a slice from a DataFrame

See the caveats in the documentation: https://pandas.pydata.org/pandas-docs/stable/user_guide/indexing.html#returning-a-view-versus-a-copy
  df2.replace(to_replace=r'motifs match', value='', regex=True, inplace=True)
/home/praghuram23/miniconda3/envs/toxin_hemo/lib/python3.10/site-packages/toxinpred3/python_scripts/toxinpred3.py:144: SettingWithCopyWarning: 
A value is trying to be set on a copy of a slice from a DataFrame

See the caveats in the documentation: https://pandas.pydata.org/pandas-docs/stable/user_guide/indexing.html#returning-a-view-versus-a-copy
  df2.replace(to_replace=r' $', value='', regex=True,inplace=True)
/home/praghuram23/miniconda3/envs/toxin_hemo/lib/python3.10/site-packages/toxinpred3/python_scripts/toxinpred3.py:209: SettingWithCopyWarning: 
A value is trying to be set on a copy of a slice from a DataFrame

See the caveats in the documentation: https://pandas.pydata.org/pandas-docs/stable/user_guide/indexing.html#returning-a-view-versus-a-copy
  df2.replace(to_replace=r"\)", value='', regex=True, inplace=True)
/home/praghuram23/miniconda3/envs/toxin_hemo/lib/python3.10/site-packages/toxinpred3/python_scripts/toxinpred3.py:210: SettingWithCopyWarning: 
A value is trying to be set on a copy of a slice from a DataFrame

See the caveats in the documentation: https://pandas.pydata.org/pandas-docs/stable/user_guide/indexing.html#returning-a-view-versus-a-copy
  df2.replace(to_replace=r'motifs match', value='', regex=True, inplace=True)
/home/praghuram23/miniconda3/envs/toxin_hemo/lib/python3.10/site-packages/toxinpred3/python_scripts/toxinpred3.py:211: SettingWithCopyWarning: 
A value is trying to be set on a copy of a slice from a DataFrame

See the caveats in the documentation: https://pandas.pydata.org/pandas-docs/stable/user_guide/indexing.html#returning-a-view-versus-a-copy
  df2.replace(to_replace=r' $', value='', regex=True,inplace=True)
127.0.0.1 - - [26/Jul/2026 05:42:12] "POST /score HTTP/1.1" 200 -
/home/praghuram23/miniconda3/envs/toxin_hemo/lib/python3.10/site-packages/sklearn/base.py:439: UserWarning: X does not have valid feature names, but ExtraTreesClassifier was fitted with feature names
  warnings.warn(

This is the MERCI (Motif - EmeRging and with Classes - Identification) motif locator program.

   * Loading hierarchy NONE
   * Reading data
       input file Sequence_1 read -> 256 sequences found
   * Motif locations written to merci_p.txt

This is the MERCI (Motif - EmeRging and with Classes - Identification) motif locator program.

   * Loading hierarchy NONE
   * Reading data
       input file Sequence_1 read -> 256 sequences found
   * Motif locations written to merci_n.txt
/home/praghuram23/miniconda3/envs/toxin_hemo/lib/python3.10/site-packages/toxinpred3/python_scripts/toxinpred3.py:209: SettingWithCopyWarning: 
A value is trying to be set on a copy of a slice from a DataFrame

See the caveats in the documentation: https://pandas.pydata.org/pandas-docs/stable/user_guide/indexing.html#returning-a-view-versus-a-copy
  df2.replace(to_replace=r"\)", value='', regex=True, inplace=True)
/home/praghuram23/miniconda3/envs/toxin_hemo/lib/python3.10/site-packages/toxinpred3/python_scripts/toxinpred3.py:210: SettingWithCopyWarning: 
A value is trying to be set on a copy of a slice from a DataFrame

See the caveats in the documentation: https://pandas.pydata.org/pandas-docs/stable/user_guide/indexing.html#returning-a-view-versus-a-copy
  df2.replace(to_replace=r'motifs match', value='', regex=True, inplace=True)
/home/praghuram23/miniconda3/envs/toxin_hemo/lib/python3.10/site-packages/toxinpred3/python_scripts/toxinpred3.py:211: SettingWithCopyWarning: 
A value is trying to be set on a copy of a slice from a DataFrame

See the caveats in the documentation: https://pandas.pydata.org/pandas-docs/stable/user_guide/indexing.html#returning-a-view-versus-a-copy
  df2.replace(to_replace=r' $', value='', regex=True,inplace=True)
127.0.0.1 - - [26/Jul/2026 05:42:40] "POST /score HTTP/1.1" 200 -
/home/praghuram23/miniconda3/envs/toxin_hemo/lib/python3.10/site-packages/sklearn/base.py:439: UserWarning: X does not have valid feature names, but ExtraTreesClassifier was fitted with feature names
  warnings.warn(

This is the MERCI (Motif - EmeRging and with Classes - Identification) motif locator program.

   * Loading hierarchy NONE
   * Reading data
       input file Sequence_1 read -> 256 sequences found
   * Motif locations written to merci_p.txt

This is the MERCI (Motif - EmeRging and with Classes - Identification) motif locator program.

   * Loading hierarchy NONE
   * Reading data
       input file Sequence_1 read -> 256 sequences found
   * Motif locations written to merci_n.txt
/home/praghuram23/miniconda3/envs/toxin_hemo/lib/python3.10/site-packages/toxinpred3/python_scripts/toxinpred3.py:209: SettingWithCopyWarning: 
A value is trying to be set on a copy of a slice from a DataFrame

See the caveats in the documentation: https://pandas.pydata.org/pandas-docs/stable/user_guide/indexing.html#returning-a-view-versus-a-copy
  df2.replace(to_replace=r"\)", value='', regex=True, inplace=True)
/home/praghuram23/miniconda3/envs/toxin_hemo/lib/python3.10/site-packages/toxinpred3/python_scripts/toxinpred3.py:210: SettingWithCopyWarning: 
A value is trying to be set on a copy of a slice from a DataFrame

See the caveats in the documentation: https://pandas.pydata.org/pandas-docs/stable/user_guide/indexing.html#returning-a-view-versus-a-copy
  df2.replace(to_replace=r'motifs match', value='', regex=True, inplace=True)
/home/praghuram23/miniconda3/envs/toxin_hemo/lib/python3.10/site-packages/toxinpred3/python_scripts/toxinpred3.py:211: SettingWithCopyWarning: 
A value is trying to be set on a copy of a slice from a DataFrame

See the caveats in the documentation: https://pandas.pydata.org/pandas-docs/stable/user_guide/indexing.html#returning-a-view-versus-a-copy
  df2.replace(to_replace=r' $', value='', regex=True,inplace=True)
127.0.0.1 - - [26/Jul/2026 05:43:08] "POST /score HTTP/1.1" 200 -
/home/praghuram23/miniconda3/envs/toxin_hemo/lib/python3.10/site-packages/sklearn/base.py:439: UserWarning: X does not have valid feature names, but ExtraTreesClassifier was fitted with feature names
  warnings.warn(

This is the MERCI (Motif - EmeRging and with Classes - Identification) motif locator program.

   * Loading hierarchy NONE
   * Reading data
       input file Sequence_1 read -> 256 sequences found
   * Motif locations written to merci_p.txt

This is the MERCI (Motif - EmeRging and with Classes - Identification) motif locator program.

   * Loading hierarchy NONE
   * Reading data
       input file Sequence_1 read -> 256 sequences found
   * Motif locations written to merci_n.txt
/home/praghuram23/miniconda3/envs/toxin_hemo/lib/python3.10/site-packages/toxinpred3/python_scripts/toxinpred3.py:142: SettingWithCopyWarning: 
A value is trying to be set on a copy of a slice from a DataFrame

See the caveats in the documentation: https://pandas.pydata.org/pandas-docs/stable/user_guide/indexing.html#returning-a-view-versus-a-copy
  df2.replace(to_replace=r"\)", value='', regex=True, inplace=True)
/home/praghuram23/miniconda3/envs/toxin_hemo/lib/python3.10/site-packages/toxinpred3/python_scripts/toxinpred3.py:143: SettingWithCopyWarning: 
A value is trying to be set on a copy of a slice from a DataFrame

See the caveats in the documentation: https://pandas.pydata.org/pandas-docs/stable/user_guide/indexing.html#returning-a-view-versus-a-copy
  df2.replace(to_replace=r'motifs match', value='', regex=True, inplace=True)
/home/praghuram23/miniconda3/envs/toxin_hemo/lib/python3.10/site-packages/toxinpred3/python_scripts/toxinpred3.py:144: SettingWithCopyWarning: 
A value is trying to be set on a copy of a slice from a DataFrame

See the caveats in the documentation: https://pandas.pydata.org/pandas-docs/stable/user_guide/indexing.html#returning-a-view-versus-a-copy
  df2.replace(to_replace=r' $', value='', regex=True,inplace=True)
/home/praghuram23/miniconda3/envs/toxin_hemo/lib/python3.10/site-packages/toxinpred3/python_scripts/toxinpred3.py:209: SettingWithCopyWarning: 
A value is trying to be set on a copy of a slice from a DataFrame

See the caveats in the documentation: https://pandas.pydata.org/pandas-docs/stable/user_guide/indexing.html#returning-a-view-versus-a-copy
  df2.replace(to_replace=r"\)", value='', regex=True, inplace=True)
/home/praghuram23/miniconda3/envs/toxin_hemo/lib/python3.10/site-packages/toxinpred3/python_scripts/toxinpred3.py:210: SettingWithCopyWarning: 
A value is trying to be set on a copy of a slice from a DataFrame

See the caveats in the documentation: https://pandas.pydata.org/pandas-docs/stable/user_guide/indexing.html#returning-a-view-versus-a-copy
  df2.replace(to_replace=r'motifs match', value='', regex=True, inplace=True)
/home/praghuram23/miniconda3/envs/toxin_hemo/lib/python3.10/site-packages/toxinpred3/python_scripts/toxinpred3.py:211: SettingWithCopyWarning: 
A value is trying to be set on a copy of a slice from a DataFrame

See the caveats in the documentation: https://pandas.pydata.org/pandas-docs/stable/user_guide/indexing.html#returning-a-view-versus-a-copy
  df2.replace(to_replace=r' $', value='', regex=True,inplace=True)
127.0.0.1 - - [26/Jul/2026 05:43:38] "POST /score HTTP/1.1" 200 -
/home/praghuram23/miniconda3/envs/toxin_hemo/lib/python3.10/site-packages/sklearn/base.py:439: UserWarning: X does not have valid feature names, but ExtraTreesClassifier was fitted with feature names
  warnings.warn(

This is the MERCI (Motif - EmeRging and with Classes - Identification) motif locator program.

   * Loading hierarchy NONE
   * Reading data
       input file Sequence_1 read -> 256 sequences found
   * Motif locations written to merci_p.txt

This is the MERCI (Motif - EmeRging and with Classes - Identification) motif locator program.

   * Loading hierarchy NONE
   * Reading data
       input file Sequence_1 read -> 256 sequences found
   * Motif locations written to merci_n.txt
/home/praghuram23/miniconda3/envs/toxin_hemo/lib/python3.10/site-packages/toxinpred3/python_scripts/toxinpred3.py:142: SettingWithCopyWarning: 
A value is trying to be set on a copy of a slice from a DataFrame

See the caveats in the documentation: https://pandas.pydata.org/pandas-docs/stable/user_guide/indexing.html#returning-a-view-versus-a-copy
  df2.replace(to_replace=r"\)", value='', regex=True, inplace=True)
/home/praghuram23/miniconda3/envs/toxin_hemo/lib/python3.10/site-packages/toxinpred3/python_scripts/toxinpred3.py:143: SettingWithCopyWarning: 
A value is trying to be set on a copy of a slice from a DataFrame

See the caveats in the documentation: https://pandas.pydata.org/pandas-docs/stable/user_guide/indexing.html#returning-a-view-versus-a-copy
  df2.replace(to_replace=r'motifs match', value='', regex=True, inplace=True)
/home/praghuram23/miniconda3/envs/toxin_hemo/lib/python3.10/site-packages/toxinpred3/python_scripts/toxinpred3.py:144: SettingWithCopyWarning: 
A value is trying to be set on a copy of a slice from a DataFrame

See the caveats in the documentation: https://pandas.pydata.org/pandas-docs/stable/user_guide/indexing.html#returning-a-view-versus-a-copy
  df2.replace(to_replace=r' $', value='', regex=True,inplace=True)
/home/praghuram23/miniconda3/envs/toxin_hemo/lib/python3.10/site-packages/toxinpred3/python_scripts/toxinpred3.py:209: SettingWithCopyWarning: 
A value is trying to be set on a copy of a slice from a DataFrame

See the caveats in the documentation: https://pandas.pydata.org/pandas-docs/stable/user_guide/indexing.html#returning-a-view-versus-a-copy
  df2.replace(to_replace=r"\)", value='', regex=True, inplace=True)
/home/praghuram23/miniconda3/envs/toxin_hemo/lib/python3.10/site-packages/toxinpred3/python_scripts/toxinpred3.py:210: SettingWithCopyWarning: 
A value is trying to be set on a copy of a slice from a DataFrame

See the caveats in the documentation: https://pandas.pydata.org/pandas-docs/stable/user_guide/indexing.html#returning-a-view-versus-a-copy
  df2.replace(to_replace=r'motifs match', value='', regex=True, inplace=True)
/home/praghuram23/miniconda3/envs/toxin_hemo/lib/python3.10/site-packages/toxinpred3/python_scripts/toxinpred3.py:211: SettingWithCopyWarning: 
A value is trying to be set on a copy of a slice from a DataFrame

See the caveats in the documentation: https://pandas.pydata.org/pandas-docs/stable/user_guide/indexing.html#returning-a-view-versus-a-copy
  df2.replace(to_replace=r' $', value='', regex=True,inplace=True)
127.0.0.1 - - [26/Jul/2026 05:44:09] "POST /score HTTP/1.1" 200 -
/home/praghuram23/miniconda3/envs/toxin_hemo/lib/python3.10/site-packages/sklearn/base.py:439: UserWarning: X does not have valid feature names, but ExtraTreesClassifier was fitted with feature names
  warnings.warn(

This is the MERCI (Motif - EmeRging and with Classes - Identification) motif locator program.

   * Loading hierarchy NONE
   * Reading data
       input file Sequence_1 read -> 256 sequences found
   * Motif locations written to merci_p.txt

This is the MERCI (Motif - EmeRging and with Classes - Identification) motif locator program.

   * Loading hierarchy NONE
   * Reading data
       input file Sequence_1 read -> 256 sequences found
   * Motif locations written to merci_n.txt
/home/praghuram23/miniconda3/envs/toxin_hemo/lib/python3.10/site-packages/toxinpred3/python_scripts/toxinpred3.py:209: SettingWithCopyWarning: 
A value is trying to be set on a copy of a slice from a DataFrame

See the caveats in the documentation: https://pandas.pydata.org/pandas-docs/stable/user_guide/indexing.html#returning-a-view-versus-a-copy
  df2.replace(to_replace=r"\)", value='', regex=True, inplace=True)
/home/praghuram23/miniconda3/envs/toxin_hemo/lib/python3.10/site-packages/toxinpred3/python_scripts/toxinpred3.py:210: SettingWithCopyWarning: 
A value is trying to be set on a copy of a slice from a DataFrame

See the caveats in the documentation: https://pandas.pydata.org/pandas-docs/stable/user_guide/indexing.html#returning-a-view-versus-a-copy
  df2.replace(to_replace=r'motifs match', value='', regex=True, inplace=True)
/home/praghuram23/miniconda3/envs/toxin_hemo/lib/python3.10/site-packages/toxinpred3/python_scripts/toxinpred3.py:211: SettingWithCopyWarning: 
A value is trying to be set on a copy of a slice from a DataFrame

See the caveats in the documentation: https://pandas.pydata.org/pandas-docs/stable/user_guide/indexing.html#returning-a-view-versus-a-copy
  df2.replace(to_replace=r' $', value='', regex=True,inplace=True)
127.0.0.1 - - [26/Jul/2026 05:44:37] "POST /score HTTP/1.1" 200 -
/home/praghuram23/miniconda3/envs/toxin_hemo/lib/python3.10/site-packages/sklearn/base.py:439: UserWarning: X does not have valid feature names, but ExtraTreesClassifier was fitted with feature names
  warnings.warn(

This is the MERCI (Motif - EmeRging and with Classes - Identification) motif locator program.

   * Loading hierarchy NONE
   * Reading data
       input file Sequence_1 read -> 256 sequences found
   * Motif locations written to merci_p.txt

This is the MERCI (Motif - EmeRging and with Classes - Identification) motif locator program.

   * Loading hierarchy NONE
   * Reading data
       input file Sequence_1 read -> 256 sequences found
   * Motif locations written to merci_n.txt
/home/praghuram23/miniconda3/envs/toxin_hemo/lib/python3.10/site-packages/toxinpred3/python_scripts/toxinpred3.py:209: SettingWithCopyWarning: 
A value is trying to be set on a copy of a slice from a DataFrame

See the caveats in the documentation: https://pandas.pydata.org/pandas-docs/stable/user_guide/indexing.html#returning-a-view-versus-a-copy
  df2.replace(to_replace=r"\)", value='', regex=True, inplace=True)
/home/praghuram23/miniconda3/envs/toxin_hemo/lib/python3.10/site-packages/toxinpred3/python_scripts/toxinpred3.py:210: SettingWithCopyWarning: 
A value is trying to be set on a copy of a slice from a DataFrame

See the caveats in the documentation: https://pandas.pydata.org/pandas-docs/stable/user_guide/indexing.html#returning-a-view-versus-a-copy
  df2.replace(to_replace=r'motifs match', value='', regex=True, inplace=True)
/home/praghuram23/miniconda3/envs/toxin_hemo/lib/python3.10/site-packages/toxinpred3/python_scripts/toxinpred3.py:211: SettingWithCopyWarning: 
A value is trying to be set on a copy of a slice from a DataFrame

See the caveats in the documentation: https://pandas.pydata.org/pandas-docs/stable/user_guide/indexing.html#returning-a-view-versus-a-copy
  df2.replace(to_replace=r' $', value='', regex=True,inplace=True)
127.0.0.1 - - [26/Jul/2026 05:45:05] "POST /score HTTP/1.1" 200 -
/home/praghuram23/miniconda3/envs/toxin_hemo/lib/python3.10/site-packages/sklearn/base.py:439: UserWarning: X does not have valid feature names, but ExtraTreesClassifier was fitted with feature names
  warnings.warn(

This is the MERCI (Motif - EmeRging and with Classes - Identification) motif locator program.

   * Loading hierarchy NONE
   * Reading data
       input file Sequence_1 read -> 256 sequences found
   * Motif locations written to merci_p.txt

This is the MERCI (Motif - EmeRging and with Classes - Identification) motif locator program.

   * Loading hierarchy NONE
   * Reading data
       input file Sequence_1 read -> 256 sequences found
   * Motif locations written to merci_n.txt
/home/praghuram23/miniconda3/envs/toxin_hemo/lib/python3.10/site-packages/toxinpred3/python_scripts/toxinpred3.py:142: SettingWithCopyWarning: 
A value is trying to be set on a copy of a slice from a DataFrame

See the caveats in the documentation: https://pandas.pydata.org/pandas-docs/stable/user_guide/indexing.html#returning-a-view-versus-a-copy
  df2.replace(to_replace=r"\)", value='', regex=True, inplace=True)
/home/praghuram23/miniconda3/envs/toxin_hemo/lib/python3.10/site-packages/toxinpred3/python_scripts/toxinpred3.py:143: SettingWithCopyWarning: 
A value is trying to be set on a copy of a slice from a DataFrame

See the caveats in the documentation: https://pandas.pydata.org/pandas-docs/stable/user_guide/indexing.html#returning-a-view-versus-a-copy
  df2.replace(to_replace=r'motifs match', value='', regex=True, inplace=True)
/home/praghuram23/miniconda3/envs/toxin_hemo/lib/python3.10/site-packages/toxinpred3/python_scripts/toxinpred3.py:144: SettingWithCopyWarning: 
A value is trying to be set on a copy of a slice from a DataFrame

See the caveats in the documentation: https://pandas.pydata.org/pandas-docs/stable/user_guide/indexing.html#returning-a-view-versus-a-copy
  df2.replace(to_replace=r' $', value='', regex=True,inplace=True)
/home/praghuram23/miniconda3/envs/toxin_hemo/lib/python3.10/site-packages/toxinpred3/python_scripts/toxinpred3.py:209: SettingWithCopyWarning: 
A value is trying to be set on a copy of a slice from a DataFrame

See the caveats in the documentation: https://pandas.pydata.org/pandas-docs/stable/user_guide/indexing.html#returning-a-view-versus-a-copy
  df2.replace(to_replace=r"\)", value='', regex=True, inplace=True)
/home/praghuram23/miniconda3/envs/toxin_hemo/lib/python3.10/site-packages/toxinpred3/python_scripts/toxinpred3.py:210: SettingWithCopyWarning: 
A value is trying to be set on a copy of a slice from a DataFrame

See the caveats in the documentation: https://pandas.pydata.org/pandas-docs/stable/user_guide/indexing.html#returning-a-view-versus-a-copy
  df2.replace(to_replace=r'motifs match', value='', regex=True, inplace=True)
/home/praghuram23/miniconda3/envs/toxin_hemo/lib/python3.10/site-packages/toxinpred3/python_scripts/toxinpred3.py:211: SettingWithCopyWarning: 
A value is trying to be set on a copy of a slice from a DataFrame

See the caveats in the documentation: https://pandas.pydata.org/pandas-docs/stable/user_guide/indexing.html#returning-a-view-versus-a-copy
  df2.replace(to_replace=r' $', value='', regex=True,inplace=True)
127.0.0.1 - - [26/Jul/2026 05:45:33] "POST /score HTTP/1.1" 200 -
/home/praghuram23/miniconda3/envs/toxin_hemo/lib/python3.10/site-packages/sklearn/base.py:439: UserWarning: X does not have valid feature names, but ExtraTreesClassifier was fitted with feature names
  warnings.warn(

This is the MERCI (Motif - EmeRging and with Classes - Identification) motif locator program.

   * Loading hierarchy NONE
   * Reading data
       input file Sequence_1 read -> 256 sequences found
   * Motif locations written to merci_p.txt

This is the MERCI (Motif - EmeRging and with Classes - Identification) motif locator program.

   * Loading hierarchy NONE
   * Reading data
       input file Sequence_1 read -> 256 sequences found
   * Motif locations written to merci_n.txt
/home/praghuram23/miniconda3/envs/toxin_hemo/lib/python3.10/site-packages/toxinpred3/python_scripts/toxinpred3.py:209: SettingWithCopyWarning: 
A value is trying to be set on a copy of a slice from a DataFrame

See the caveats in the documentation: https://pandas.pydata.org/pandas-docs/stable/user_guide/indexing.html#returning-a-view-versus-a-copy
  df2.replace(to_replace=r"\)", value='', regex=True, inplace=True)
/home/praghuram23/miniconda3/envs/toxin_hemo/lib/python3.10/site-packages/toxinpred3/python_scripts/toxinpred3.py:210: SettingWithCopyWarning: 
A value is trying to be set on a copy of a slice from a DataFrame

See the caveats in the documentation: https://pandas.pydata.org/pandas-docs/stable/user_guide/indexing.html#returning-a-view-versus-a-copy
  df2.replace(to_replace=r'motifs match', value='', regex=True, inplace=True)
/home/praghuram23/miniconda3/envs/toxin_hemo/lib/python3.10/site-packages/toxinpred3/python_scripts/toxinpred3.py:211: SettingWithCopyWarning: 
A value is trying to be set on a copy of a slice from a DataFrame

See the caveats in the documentation: https://pandas.pydata.org/pandas-docs/stable/user_guide/indexing.html#returning-a-view-versus-a-copy
  df2.replace(to_replace=r' $', value='', regex=True,inplace=True)
127.0.0.1 - - [26/Jul/2026 05:46:01] "POST /score HTTP/1.1" 200 -
/home/praghuram23/miniconda3/envs/toxin_hemo/lib/python3.10/site-packages/sklearn/base.py:439: UserWarning: X does not have valid feature names, but ExtraTreesClassifier was fitted with feature names
  warnings.warn(

This is the MERCI (Motif - EmeRging and with Classes - Identification) motif locator program.

   * Loading hierarchy NONE
   * Reading data
       input file Sequence_1 read -> 256 sequences found
   * Motif locations written to merci_p.txt

This is the MERCI (Motif - EmeRging and with Classes - Identification) motif locator program.

   * Loading hierarchy NONE
   * Reading data
       input file Sequence_1 read -> 256 sequences found
   * Motif locations written to merci_n.txt
/home/praghuram23/miniconda3/envs/toxin_hemo/lib/python3.10/site-packages/toxinpred3/python_scripts/toxinpred3.py:209: SettingWithCopyWarning: 
A value is trying to be set on a copy of a slice from a DataFrame

See the caveats in the documentation: https://pandas.pydata.org/pandas-docs/stable/user_guide/indexing.html#returning-a-view-versus-a-copy
  df2.replace(to_replace=r"\)", value='', regex=True, inplace=True)
/home/praghuram23/miniconda3/envs/toxin_hemo/lib/python3.10/site-packages/toxinpred3/python_scripts/toxinpred3.py:210: SettingWithCopyWarning: 
A value is trying to be set on a copy of a slice from a DataFrame

See the caveats in the documentation: https://pandas.pydata.org/pandas-docs/stable/user_guide/indexing.html#returning-a-view-versus-a-copy
  df2.replace(to_replace=r'motifs match', value='', regex=True, inplace=True)
/home/praghuram23/miniconda3/envs/toxin_hemo/lib/python3.10/site-packages/toxinpred3/python_scripts/toxinpred3.py:211: SettingWithCopyWarning: 
A value is trying to be set on a copy of a slice from a DataFrame

See the caveats in the documentation: https://pandas.pydata.org/pandas-docs/stable/user_guide/indexing.html#returning-a-view-versus-a-copy
  df2.replace(to_replace=r' $', value='', regex=True,inplace=True)
127.0.0.1 - - [26/Jul/2026 05:46:31] "POST /score HTTP/1.1" 200 -
/home/praghuram23/miniconda3/envs/toxin_hemo/lib/python3.10/site-packages/sklearn/base.py:439: UserWarning: X does not have valid feature names, but ExtraTreesClassifier was fitted with feature names
  warnings.warn(

This is the MERCI (Motif - EmeRging and with Classes - Identification) motif locator program.

   * Loading hierarchy NONE
   * Reading data
       input file Sequence_1 read -> 256 sequences found
   * Motif locations written to merci_p.txt

This is the MERCI (Motif - EmeRging and with Classes - Identification) motif locator program.

   * Loading hierarchy NONE
   * Reading data
       input file Sequence_1 read -> 256 sequences found
   * Motif locations written to merci_n.txt
/home/praghuram23/miniconda3/envs/toxin_hemo/lib/python3.10/site-packages/toxinpred3/python_scripts/toxinpred3.py:142: SettingWithCopyWarning: 
A value is trying to be set on a copy of a slice from a DataFrame

See the caveats in the documentation: https://pandas.pydata.org/pandas-docs/stable/user_guide/indexing.html#returning-a-view-versus-a-copy
  df2.replace(to_replace=r"\)", value='', regex=True, inplace=True)
/home/praghuram23/miniconda3/envs/toxin_hemo/lib/python3.10/site-packages/toxinpred3/python_scripts/toxinpred3.py:143: SettingWithCopyWarning: 
A value is trying to be set on a copy of a slice from a DataFrame

See the caveats in the documentation: https://pandas.pydata.org/pandas-docs/stable/user_guide/indexing.html#returning-a-view-versus-a-copy
  df2.replace(to_replace=r'motifs match', value='', regex=True, inplace=True)
/home/praghuram23/miniconda3/envs/toxin_hemo/lib/python3.10/site-packages/toxinpred3/python_scripts/toxinpred3.py:144: SettingWithCopyWarning: 
A value is trying to be set on a copy of a slice from a DataFrame

See the caveats in the documentation: https://pandas.pydata.org/pandas-docs/stable/user_guide/indexing.html#returning-a-view-versus-a-copy
  df2.replace(to_replace=r' $', value='', regex=True,inplace=True)
/home/praghuram23/miniconda3/envs/toxin_hemo/lib/python3.10/site-packages/toxinpred3/python_scripts/toxinpred3.py:209: SettingWithCopyWarning: 
A value is trying to be set on a copy of a slice from a DataFrame

See the caveats in the documentation: https://pandas.pydata.org/pandas-docs/stable/user_guide/indexing.html#returning-a-view-versus-a-copy
  df2.replace(to_replace=r"\)", value='', regex=True, inplace=True)
/home/praghuram23/miniconda3/envs/toxin_hemo/lib/python3.10/site-packages/toxinpred3/python_scripts/toxinpred3.py:210: SettingWithCopyWarning: 
A value is trying to be set on a copy of a slice from a DataFrame

See the caveats in the documentation: https://pandas.pydata.org/pandas-docs/stable/user_guide/indexing.html#returning-a-view-versus-a-copy
  df2.replace(to_replace=r'motifs match', value='', regex=True, inplace=True)
/home/praghuram23/miniconda3/envs/toxin_hemo/lib/python3.10/site-packages/toxinpred3/python_scripts/toxinpred3.py:211: SettingWithCopyWarning: 
A value is trying to be set on a copy of a slice from a DataFrame

See the caveats in the documentation: https://pandas.pydata.org/pandas-docs/stable/user_guide/indexing.html#returning-a-view-versus-a-copy
  df2.replace(to_replace=r' $', value='', regex=True,inplace=True)
127.0.0.1 - - [26/Jul/2026 05:47:00] "POST /score HTTP/1.1" 200 -
/home/praghuram23/miniconda3/envs/toxin_hemo/lib/python3.10/site-packages/sklearn/base.py:439: UserWarning: X does not have valid feature names, but ExtraTreesClassifier was fitted with feature names
  warnings.warn(

This is the MERCI (Motif - EmeRging and with Classes - Identification) motif locator program.

   * Loading hierarchy NONE
   * Reading data
       input file Sequence_1 read -> 256 sequences found
   * Motif locations written to merci_p.txt

This is the MERCI (Motif - EmeRging and with Classes - Identification) motif locator program.

   * Loading hierarchy NONE
   * Reading data
       input file Sequence_1 read -> 256 sequences found
   * Motif locations written to merci_n.txt
/home/praghuram23/miniconda3/envs/toxin_hemo/lib/python3.10/site-packages/toxinpred3/python_scripts/toxinpred3.py:142: SettingWithCopyWarning: 
A value is trying to be set on a copy of a slice from a DataFrame

See the caveats in the documentation: https://pandas.pydata.org/pandas-docs/stable/user_guide/indexing.html#returning-a-view-versus-a-copy
  df2.replace(to_replace=r"\)", value='', regex=True, inplace=True)
/home/praghuram23/miniconda3/envs/toxin_hemo/lib/python3.10/site-packages/toxinpred3/python_scripts/toxinpred3.py:143: SettingWithCopyWarning: 
A value is trying to be set on a copy of a slice from a DataFrame

See the caveats in the documentation: https://pandas.pydata.org/pandas-docs/stable/user_guide/indexing.html#returning-a-view-versus-a-copy
  df2.replace(to_replace=r'motifs match', value='', regex=True, inplace=True)
/home/praghuram23/miniconda3/envs/toxin_hemo/lib/python3.10/site-packages/toxinpred3/python_scripts/toxinpred3.py:144: SettingWithCopyWarning: 
A value is trying to be set on a copy of a slice from a DataFrame

See the caveats in the documentation: https://pandas.pydata.org/pandas-docs/stable/user_guide/indexing.html#returning-a-view-versus-a-copy
  df2.replace(to_replace=r' $', value='', regex=True,inplace=True)
/home/praghuram23/miniconda3/envs/toxin_hemo/lib/python3.10/site-packages/toxinpred3/python_scripts/toxinpred3.py:209: SettingWithCopyWarning: 
A value is trying to be set on a copy of a slice from a DataFrame

See the caveats in the documentation: https://pandas.pydata.org/pandas-docs/stable/user_guide/indexing.html#returning-a-view-versus-a-copy
  df2.replace(to_replace=r"\)", value='', regex=True, inplace=True)
/home/praghuram23/miniconda3/envs/toxin_hemo/lib/python3.10/site-packages/toxinpred3/python_scripts/toxinpred3.py:210: SettingWithCopyWarning: 
A value is trying to be set on a copy of a slice from a DataFrame

See the caveats in the documentation: https://pandas.pydata.org/pandas-docs/stable/user_guide/indexing.html#returning-a-view-versus-a-copy
  df2.replace(to_replace=r'motifs match', value='', regex=True, inplace=True)
/home/praghuram23/miniconda3/envs/toxin_hemo/lib/python3.10/site-packages/toxinpred3/python_scripts/toxinpred3.py:211: SettingWithCopyWarning: 
A value is trying to be set on a copy of a slice from a DataFrame

See the caveats in the documentation: https://pandas.pydata.org/pandas-docs/stable/user_guide/indexing.html#returning-a-view-versus-a-copy
  df2.replace(to_replace=r' $', value='', regex=True,inplace=True)
127.0.0.1 - - [26/Jul/2026 05:47:31] "POST /score HTTP/1.1" 200 -
/home/praghuram23/miniconda3/envs/toxin_hemo/lib/python3.10/site-packages/sklearn/base.py:439: UserWarning: X does not have valid feature names, but ExtraTreesClassifier was fitted with feature names
  warnings.warn(

This is the MERCI (Motif - EmeRging and with Classes - Identification) motif locator program.

   * Loading hierarchy NONE
   * Reading data
       input file Sequence_1 read -> 256 sequences found
   * Motif locations written to merci_p.txt

This is the MERCI (Motif - EmeRging and with Classes - Identification) motif locator program.

   * Loading hierarchy NONE
   * Reading data
       input file Sequence_1 read -> 256 sequences found
   * Motif locations written to merci_n.txt
/home/praghuram23/miniconda3/envs/toxin_hemo/lib/python3.10/site-packages/toxinpred3/python_scripts/toxinpred3.py:209: SettingWithCopyWarning: 
A value is trying to be set on a copy of a slice from a DataFrame

See the caveats in the documentation: https://pandas.pydata.org/pandas-docs/stable/user_guide/indexing.html#returning-a-view-versus-a-copy
  df2.replace(to_replace=r"\)", value='', regex=True, inplace=True)
/home/praghuram23/miniconda3/envs/toxin_hemo/lib/python3.10/site-packages/toxinpred3/python_scripts/toxinpred3.py:210: SettingWithCopyWarning: 
A value is trying to be set on a copy of a slice from a DataFrame

See the caveats in the documentation: https://pandas.pydata.org/pandas-docs/stable/user_guide/indexing.html#returning-a-view-versus-a-copy
  df2.replace(to_replace=r'motifs match', value='', regex=True, inplace=True)
/home/praghuram23/miniconda3/envs/toxin_hemo/lib/python3.10/site-packages/toxinpred3/python_scripts/toxinpred3.py:211: SettingWithCopyWarning: 
A value is trying to be set on a copy of a slice from a DataFrame

See the caveats in the documentation: https://pandas.pydata.org/pandas-docs/stable/user_guide/indexing.html#returning-a-view-versus-a-copy
  df2.replace(to_replace=r' $', value='', regex=True,inplace=True)
127.0.0.1 - - [26/Jul/2026 05:48:00] "POST /score HTTP/1.1" 200 -
/home/praghuram23/miniconda3/envs/toxin_hemo/lib/python3.10/site-packages/sklearn/base.py:439: UserWarning: X does not have valid feature names, but ExtraTreesClassifier was fitted with feature names
  warnings.warn(

This is the MERCI (Motif - EmeRging and with Classes - Identification) motif locator program.

   * Loading hierarchy NONE
   * Reading data
       input file Sequence_1 read -> 256 sequences found
   * Motif locations written to merci_p.txt

This is the MERCI (Motif - EmeRging and with Classes - Identification) motif locator program.

   * Loading hierarchy NONE
   * Reading data
       input file Sequence_1 read -> 256 sequences found
   * Motif locations written to merci_n.txt
/home/praghuram23/miniconda3/envs/toxin_hemo/lib/python3.10/site-packages/toxinpred3/python_scripts/toxinpred3.py:209: SettingWithCopyWarning: 
A value is trying to be set on a copy of a slice from a DataFrame

See the caveats in the documentation: https://pandas.pydata.org/pandas-docs/stable/user_guide/indexing.html#returning-a-view-versus-a-copy
  df2.replace(to_replace=r"\)", value='', regex=True, inplace=True)
/home/praghuram23/miniconda3/envs/toxin_hemo/lib/python3.10/site-packages/toxinpred3/python_scripts/toxinpred3.py:210: SettingWithCopyWarning: 
A value is trying to be set on a copy of a slice from a DataFrame

See the caveats in the documentation: https://pandas.pydata.org/pandas-docs/stable/user_guide/indexing.html#returning-a-view-versus-a-copy
  df2.replace(to_replace=r'motifs match', value='', regex=True, inplace=True)
/home/praghuram23/miniconda3/envs/toxin_hemo/lib/python3.10/site-packages/toxinpred3/python_scripts/toxinpred3.py:211: SettingWithCopyWarning: 
A value is trying to be set on a copy of a slice from a DataFrame

See the caveats in the documentation: https://pandas.pydata.org/pandas-docs/stable/user_guide/indexing.html#returning-a-view-versus-a-copy
  df2.replace(to_replace=r' $', value='', regex=True,inplace=True)
127.0.0.1 - - [26/Jul/2026 05:48:29] "POST /score HTTP/1.1" 200 -
/home/praghuram23/miniconda3/envs/toxin_hemo/lib/python3.10/site-packages/sklearn/base.py:439: UserWarning: X does not have valid feature names, but ExtraTreesClassifier was fitted with feature names
  warnings.warn(

This is the MERCI (Motif - EmeRging and with Classes - Identification) motif locator program.

   * Loading hierarchy NONE
   * Reading data
       input file Sequence_1 read -> 256 sequences found
   * Motif locations written to merci_p.txt

This is the MERCI (Motif - EmeRging and with Classes - Identification) motif locator program.

   * Loading hierarchy NONE
   * Reading data
       input file Sequence_1 read -> 256 sequences found
   * Motif locations written to merci_n.txt
/home/praghuram23/miniconda3/envs/toxin_hemo/lib/python3.10/site-packages/toxinpred3/python_scripts/toxinpred3.py:209: SettingWithCopyWarning: 
A value is trying to be set on a copy of a slice from a DataFrame

See the caveats in the documentation: https://pandas.pydata.org/pandas-docs/stable/user_guide/indexing.html#returning-a-view-versus-a-copy
  df2.replace(to_replace=r"\)", value='', regex=True, inplace=True)
/home/praghuram23/miniconda3/envs/toxin_hemo/lib/python3.10/site-packages/toxinpred3/python_scripts/toxinpred3.py:210: SettingWithCopyWarning: 
A value is trying to be set on a copy of a slice from a DataFrame

See the caveats in the documentation: https://pandas.pydata.org/pandas-docs/stable/user_guide/indexing.html#returning-a-view-versus-a-copy
  df2.replace(to_replace=r'motifs match', value='', regex=True, inplace=True)
/home/praghuram23/miniconda3/envs/toxin_hemo/lib/python3.10/site-packages/toxinpred3/python_scripts/toxinpred3.py:211: SettingWithCopyWarning: 
A value is trying to be set on a copy of a slice from a DataFrame

See the caveats in the documentation: https://pandas.pydata.org/pandas-docs/stable/user_guide/indexing.html#returning-a-view-versus-a-copy
  df2.replace(to_replace=r' $', value='', regex=True,inplace=True)
127.0.0.1 - - [26/Jul/2026 05:48:57] "POST /score HTTP/1.1" 200 -
/home/praghuram23/miniconda3/envs/toxin_hemo/lib/python3.10/site-packages/sklearn/base.py:439: UserWarning: X does not have valid feature names, but ExtraTreesClassifier was fitted with feature names
  warnings.warn(

This is the MERCI (Motif - EmeRging and with Classes - Identification) motif locator program.

   * Loading hierarchy NONE
   * Reading data
       input file Sequence_1 read -> 256 sequences found
   * Motif locations written to merci_p.txt

This is the MERCI (Motif - EmeRging and with Classes - Identification) motif locator program.

   * Loading hierarchy NONE
   * Reading data
       input file Sequence_1 read -> 256 sequences found
   * Motif locations written to merci_n.txt
/home/praghuram23/miniconda3/envs/toxin_hemo/lib/python3.10/site-packages/toxinpred3/python_scripts/toxinpred3.py:209: SettingWithCopyWarning: 
A value is trying to be set on a copy of a slice from a DataFrame

See the caveats in the documentation: https://pandas.pydata.org/pandas-docs/stable/user_guide/indexing.html#returning-a-view-versus-a-copy
  df2.replace(to_replace=r"\)", value='', regex=True, inplace=True)
/home/praghuram23/miniconda3/envs/toxin_hemo/lib/python3.10/site-packages/toxinpred3/python_scripts/toxinpred3.py:210: SettingWithCopyWarning: 
A value is trying to be set on a copy of a slice from a DataFrame

See the caveats in the documentation: https://pandas.pydata.org/pandas-docs/stable/user_guide/indexing.html#returning-a-view-versus-a-copy
  df2.replace(to_replace=r'motifs match', value='', regex=True, inplace=True)
/home/praghuram23/miniconda3/envs/toxin_hemo/lib/python3.10/site-packages/toxinpred3/python_scripts/toxinpred3.py:211: SettingWithCopyWarning: 
A value is trying to be set on a copy of a slice from a DataFrame

See the caveats in the documentation: https://pandas.pydata.org/pandas-docs/stable/user_guide/indexing.html#returning-a-view-versus-a-copy
  df2.replace(to_replace=r' $', value='', regex=True,inplace=True)
127.0.0.1 - - [26/Jul/2026 05:49:28] "POST /score HTTP/1.1" 200 -
/home/praghuram23/miniconda3/envs/toxin_hemo/lib/python3.10/site-packages/sklearn/base.py:439: UserWarning: X does not have valid feature names, but ExtraTreesClassifier was fitted with feature names
  warnings.warn(

This is the MERCI (Motif - EmeRging and with Classes - Identification) motif locator program.

   * Loading hierarchy NONE
   * Reading data
       input file Sequence_1 read -> 256 sequences found
   * Motif locations written to merci_p.txt

This is the MERCI (Motif - EmeRging and with Classes - Identification) motif locator program.

   * Loading hierarchy NONE
   * Reading data
       input file Sequence_1 read -> 256 sequences found
   * Motif locations written to merci_n.txt
/home/praghuram23/miniconda3/envs/toxin_hemo/lib/python3.10/site-packages/toxinpred3/python_scripts/toxinpred3.py:209: SettingWithCopyWarning: 
A value is trying to be set on a copy of a slice from a DataFrame

See the caveats in the documentation: https://pandas.pydata.org/pandas-docs/stable/user_guide/indexing.html#returning-a-view-versus-a-copy
  df2.replace(to_replace=r"\)", value='', regex=True, inplace=True)
/home/praghuram23/miniconda3/envs/toxin_hemo/lib/python3.10/site-packages/toxinpred3/python_scripts/toxinpred3.py:210: SettingWithCopyWarning: 
A value is trying to be set on a copy of a slice from a DataFrame

See the caveats in the documentation: https://pandas.pydata.org/pandas-docs/stable/user_guide/indexing.html#returning-a-view-versus-a-copy
  df2.replace(to_replace=r'motifs match', value='', regex=True, inplace=True)
/home/praghuram23/miniconda3/envs/toxin_hemo/lib/python3.10/site-packages/toxinpred3/python_scripts/toxinpred3.py:211: SettingWithCopyWarning: 
A value is trying to be set on a copy of a slice from a DataFrame

See the caveats in the documentation: https://pandas.pydata.org/pandas-docs/stable/user_guide/indexing.html#returning-a-view-versus-a-copy
  df2.replace(to_replace=r' $', value='', regex=True,inplace=True)
127.0.0.1 - - [26/Jul/2026 05:49:57] "POST /score HTTP/1.1" 200 -
/home/praghuram23/miniconda3/envs/toxin_hemo/lib/python3.10/site-packages/sklearn/base.py:439: UserWarning: X does not have valid feature names, but ExtraTreesClassifier was fitted with feature names
  warnings.warn(

This is the MERCI (Motif - EmeRging and with Classes - Identification) motif locator program.

   * Loading hierarchy NONE
   * Reading data
       input file Sequence_1 read -> 256 sequences found
   * Motif locations written to merci_p.txt

This is the MERCI (Motif - EmeRging and with Classes - Identification) motif locator program.

   * Loading hierarchy NONE
   * Reading data
       input file Sequence_1 read -> 256 sequences found
   * Motif locations written to merci_n.txt
/home/praghuram23/miniconda3/envs/toxin_hemo/lib/python3.10/site-packages/toxinpred3/python_scripts/toxinpred3.py:209: SettingWithCopyWarning: 
A value is trying to be set on a copy of a slice from a DataFrame

See the caveats in the documentation: https://pandas.pydata.org/pandas-docs/stable/user_guide/indexing.html#returning-a-view-versus-a-copy
  df2.replace(to_replace=r"\)", value='', regex=True, inplace=True)
/home/praghuram23/miniconda3/envs/toxin_hemo/lib/python3.10/site-packages/toxinpred3/python_scripts/toxinpred3.py:210: SettingWithCopyWarning: 
A value is trying to be set on a copy of a slice from a DataFrame

See the caveats in the documentation: https://pandas.pydata.org/pandas-docs/stable/user_guide/indexing.html#returning-a-view-versus-a-copy
  df2.replace(to_replace=r'motifs match', value='', regex=True, inplace=True)
/home/praghuram23/miniconda3/envs/toxin_hemo/lib/python3.10/site-packages/toxinpred3/python_scripts/toxinpred3.py:211: SettingWithCopyWarning: 
A value is trying to be set on a copy of a slice from a DataFrame

See the caveats in the documentation: https://pandas.pydata.org/pandas-docs/stable/user_guide/indexing.html#returning-a-view-versus-a-copy
  df2.replace(to_replace=r' $', value='', regex=True,inplace=True)
127.0.0.1 - - [26/Jul/2026 05:50:27] "POST /score HTTP/1.1" 200 -
/home/praghuram23/miniconda3/envs/toxin_hemo/lib/python3.10/site-packages/sklearn/base.py:439: UserWarning: X does not have valid feature names, but ExtraTreesClassifier was fitted with feature names
  warnings.warn(

This is the MERCI (Motif - EmeRging and with Classes - Identification) motif locator program.

   * Loading hierarchy NONE
   * Reading data
       input file Sequence_1 read -> 256 sequences found
   * Motif locations written to merci_p.txt

This is the MERCI (Motif - EmeRging and with Classes - Identification) motif locator program.

   * Loading hierarchy NONE
   * Reading data
       input file Sequence_1 read -> 256 sequences found
   * Motif locations written to merci_n.txt
/home/praghuram23/miniconda3/envs/toxin_hemo/lib/python3.10/site-packages/toxinpred3/python_scripts/toxinpred3.py:209: SettingWithCopyWarning: 
A value is trying to be set on a copy of a slice from a DataFrame

See the caveats in the documentation: https://pandas.pydata.org/pandas-docs/stable/user_guide/indexing.html#returning-a-view-versus-a-copy
  df2.replace(to_replace=r"\)", value='', regex=True, inplace=True)
/home/praghuram23/miniconda3/envs/toxin_hemo/lib/python3.10/site-packages/toxinpred3/python_scripts/toxinpred3.py:210: SettingWithCopyWarning: 
A value is trying to be set on a copy of a slice from a DataFrame

See the caveats in the documentation: https://pandas.pydata.org/pandas-docs/stable/user_guide/indexing.html#returning-a-view-versus-a-copy
  df2.replace(to_replace=r'motifs match', value='', regex=True, inplace=True)
/home/praghuram23/miniconda3/envs/toxin_hemo/lib/python3.10/site-packages/toxinpred3/python_scripts/toxinpred3.py:211: SettingWithCopyWarning: 
A value is trying to be set on a copy of a slice from a DataFrame

See the caveats in the documentation: https://pandas.pydata.org/pandas-docs/stable/user_guide/indexing.html#returning-a-view-versus-a-copy
  df2.replace(to_replace=r' $', value='', regex=True,inplace=True)
127.0.0.1 - - [26/Jul/2026 05:50:55] "POST /score HTTP/1.1" 200 -
/home/praghuram23/miniconda3/envs/toxin_hemo/lib/python3.10/site-packages/sklearn/base.py:439: UserWarning: X does not have valid feature names, but ExtraTreesClassifier was fitted with feature names
  warnings.warn(

This is the MERCI (Motif - EmeRging and with Classes - Identification) motif locator program.

   * Loading hierarchy NONE
   * Reading data
       input file Sequence_1 read -> 256 sequences found
   * Motif locations written to merci_p.txt

This is the MERCI (Motif - EmeRging and with Classes - Identification) motif locator program.

   * Loading hierarchy NONE
   * Reading data
       input file Sequence_1 read -> 256 sequences found
   * Motif locations written to merci_n.txt
/home/praghuram23/miniconda3/envs/toxin_hemo/lib/python3.10/site-packages/toxinpred3/python_scripts/toxinpred3.py:209: SettingWithCopyWarning: 
A value is trying to be set on a copy of a slice from a DataFrame

See the caveats in the documentation: https://pandas.pydata.org/pandas-docs/stable/user_guide/indexing.html#returning-a-view-versus-a-copy
  df2.replace(to_replace=r"\)", value='', regex=True, inplace=True)
/home/praghuram23/miniconda3/envs/toxin_hemo/lib/python3.10/site-packages/toxinpred3/python_scripts/toxinpred3.py:210: SettingWithCopyWarning: 
A value is trying to be set on a copy of a slice from a DataFrame

See the caveats in the documentation: https://pandas.pydata.org/pandas-docs/stable/user_guide/indexing.html#returning-a-view-versus-a-copy
  df2.replace(to_replace=r'motifs match', value='', regex=True, inplace=True)
/home/praghuram23/miniconda3/envs/toxin_hemo/lib/python3.10/site-packages/toxinpred3/python_scripts/toxinpred3.py:211: SettingWithCopyWarning: 
A value is trying to be set on a copy of a slice from a DataFrame

See the caveats in the documentation: https://pandas.pydata.org/pandas-docs/stable/user_guide/indexing.html#returning-a-view-versus-a-copy
  df2.replace(to_replace=r' $', value='', regex=True,inplace=True)
127.0.0.1 - - [26/Jul/2026 05:51:24] "POST /score HTTP/1.1" 200 -
/home/praghuram23/miniconda3/envs/toxin_hemo/lib/python3.10/site-packages/sklearn/base.py:439: UserWarning: X does not have valid feature names, but ExtraTreesClassifier was fitted with feature names
  warnings.warn(

This is the MERCI (Motif - EmeRging and with Classes - Identification) motif locator program.

   * Loading hierarchy NONE
   * Reading data
       input file Sequence_1 read -> 256 sequences found
   * Motif locations written to merci_p.txt

This is the MERCI (Motif - EmeRging and with Classes - Identification) motif locator program.

   * Loading hierarchy NONE
   * Reading data
       input file Sequence_1 read -> 256 sequences found
   * Motif locations written to merci_n.txt
/home/praghuram23/miniconda3/envs/toxin_hemo/lib/python3.10/site-packages/toxinpred3/python_scripts/toxinpred3.py:142: SettingWithCopyWarning: 
A value is trying to be set on a copy of a slice from a DataFrame

See the caveats in the documentation: https://pandas.pydata.org/pandas-docs/stable/user_guide/indexing.html#returning-a-view-versus-a-copy
  df2.replace(to_replace=r"\)", value='', regex=True, inplace=True)
/home/praghuram23/miniconda3/envs/toxin_hemo/lib/python3.10/site-packages/toxinpred3/python_scripts/toxinpred3.py:143: SettingWithCopyWarning: 
A value is trying to be set on a copy of a slice from a DataFrame

See the caveats in the documentation: https://pandas.pydata.org/pandas-docs/stable/user_guide/indexing.html#returning-a-view-versus-a-copy
  df2.replace(to_replace=r'motifs match', value='', regex=True, inplace=True)
/home/praghuram23/miniconda3/envs/toxin_hemo/lib/python3.10/site-packages/toxinpred3/python_scripts/toxinpred3.py:144: SettingWithCopyWarning: 
A value is trying to be set on a copy of a slice from a DataFrame

See the caveats in the documentation: https://pandas.pydata.org/pandas-docs/stable/user_guide/indexing.html#returning-a-view-versus-a-copy
  df2.replace(to_replace=r' $', value='', regex=True,inplace=True)
/home/praghuram23/miniconda3/envs/toxin_hemo/lib/python3.10/site-packages/toxinpred3/python_scripts/toxinpred3.py:209: SettingWithCopyWarning: 
A value is trying to be set on a copy of a slice from a DataFrame

See the caveats in the documentation: https://pandas.pydata.org/pandas-docs/stable/user_guide/indexing.html#returning-a-view-versus-a-copy
  df2.replace(to_replace=r"\)", value='', regex=True, inplace=True)
/home/praghuram23/miniconda3/envs/toxin_hemo/lib/python3.10/site-packages/toxinpred3/python_scripts/toxinpred3.py:210: SettingWithCopyWarning: 
A value is trying to be set on a copy of a slice from a DataFrame

See the caveats in the documentation: https://pandas.pydata.org/pandas-docs/stable/user_guide/indexing.html#returning-a-view-versus-a-copy
  df2.replace(to_replace=r'motifs match', value='', regex=True, inplace=True)
/home/praghuram23/miniconda3/envs/toxin_hemo/lib/python3.10/site-packages/toxinpred3/python_scripts/toxinpred3.py:211: SettingWithCopyWarning: 
A value is trying to be set on a copy of a slice from a DataFrame

See the caveats in the documentation: https://pandas.pydata.org/pandas-docs/stable/user_guide/indexing.html#returning-a-view-versus-a-copy
  df2.replace(to_replace=r' $', value='', regex=True,inplace=True)
127.0.0.1 - - [26/Jul/2026 05:51:53] "POST /score HTTP/1.1" 200 -
/home/praghuram23/miniconda3/envs/toxin_hemo/lib/python3.10/site-packages/sklearn/base.py:439: UserWarning: X does not have valid feature names, but ExtraTreesClassifier was fitted with feature names
  warnings.warn(

This is the MERCI (Motif - EmeRging and with Classes - Identification) motif locator program.

   * Loading hierarchy NONE
   * Reading data
       input file Sequence_1 read -> 256 sequences found
   * Motif locations written to merci_p.txt

This is the MERCI (Motif - EmeRging and with Classes - Identification) motif locator program.

   * Loading hierarchy NONE
   * Reading data
       input file Sequence_1 read -> 256 sequences found
   * Motif locations written to merci_n.txt
/home/praghuram23/miniconda3/envs/toxin_hemo/lib/python3.10/site-packages/toxinpred3/python_scripts/toxinpred3.py:142: SettingWithCopyWarning: 
A value is trying to be set on a copy of a slice from a DataFrame

See the caveats in the documentation: https://pandas.pydata.org/pandas-docs/stable/user_guide/indexing.html#returning-a-view-versus-a-copy
  df2.replace(to_replace=r"\)", value='', regex=True, inplace=True)
/home/praghuram23/miniconda3/envs/toxin_hemo/lib/python3.10/site-packages/toxinpred3/python_scripts/toxinpred3.py:143: SettingWithCopyWarning: 
A value is trying to be set on a copy of a slice from a DataFrame

See the caveats in the documentation: https://pandas.pydata.org/pandas-docs/stable/user_guide/indexing.html#returning-a-view-versus-a-copy
  df2.replace(to_replace=r'motifs match', value='', regex=True, inplace=True)
/home/praghuram23/miniconda3/envs/toxin_hemo/lib/python3.10/site-packages/toxinpred3/python_scripts/toxinpred3.py:144: SettingWithCopyWarning: 
A value is trying to be set on a copy of a slice from a DataFrame

See the caveats in the documentation: https://pandas.pydata.org/pandas-docs/stable/user_guide/indexing.html#returning-a-view-versus-a-copy
  df2.replace(to_replace=r' $', value='', regex=True,inplace=True)
/home/praghuram23/miniconda3/envs/toxin_hemo/lib/python3.10/site-packages/toxinpred3/python_scripts/toxinpred3.py:209: SettingWithCopyWarning: 
A value is trying to be set on a copy of a slice from a DataFrame

See the caveats in the documentation: https://pandas.pydata.org/pandas-docs/stable/user_guide/indexing.html#returning-a-view-versus-a-copy
  df2.replace(to_replace=r"\)", value='', regex=True, inplace=True)
/home/praghuram23/miniconda3/envs/toxin_hemo/lib/python3.10/site-packages/toxinpred3/python_scripts/toxinpred3.py:210: SettingWithCopyWarning: 
A value is trying to be set on a copy of a slice from a DataFrame

See the caveats in the documentation: https://pandas.pydata.org/pandas-docs/stable/user_guide/indexing.html#returning-a-view-versus-a-copy
  df2.replace(to_replace=r'motifs match', value='', regex=True, inplace=True)
/home/praghuram23/miniconda3/envs/toxin_hemo/lib/python3.10/site-packages/toxinpred3/python_scripts/toxinpred3.py:211: SettingWithCopyWarning: 
A value is trying to be set on a copy of a slice from a DataFrame

See the caveats in the documentation: https://pandas.pydata.org/pandas-docs/stable/user_guide/indexing.html#returning-a-view-versus-a-copy
  df2.replace(to_replace=r' $', value='', regex=True,inplace=True)
127.0.0.1 - - [26/Jul/2026 05:52:23] "POST /score HTTP/1.1" 200 -
/home/praghuram23/miniconda3/envs/toxin_hemo/lib/python3.10/site-packages/sklearn/base.py:439: UserWarning: X does not have valid feature names, but ExtraTreesClassifier was fitted with feature names
  warnings.warn(

This is the MERCI (Motif - EmeRging and with Classes - Identification) motif locator program.

   * Loading hierarchy NONE
   * Reading data
       input file Sequence_1 read -> 256 sequences found
   * Motif locations written to merci_p.txt

This is the MERCI (Motif - EmeRging and with Classes - Identification) motif locator program.

   * Loading hierarchy NONE
   * Reading data
       input file Sequence_1 read -> 256 sequences found
   * Motif locations written to merci_n.txt
/home/praghuram23/miniconda3/envs/toxin_hemo/lib/python3.10/site-packages/toxinpred3/python_scripts/toxinpred3.py:142: SettingWithCopyWarning: 
A value is trying to be set on a copy of a slice from a DataFrame

See the caveats in the documentation: https://pandas.pydata.org/pandas-docs/stable/user_guide/indexing.html#returning-a-view-versus-a-copy
  df2.replace(to_replace=r"\)", value='', regex=True, inplace=True)
/home/praghuram23/miniconda3/envs/toxin_hemo/lib/python3.10/site-packages/toxinpred3/python_scripts/toxinpred3.py:143: SettingWithCopyWarning: 
A value is trying to be set on a copy of a slice from a DataFrame

See the caveats in the documentation: https://pandas.pydata.org/pandas-docs/stable/user_guide/indexing.html#returning-a-view-versus-a-copy
  df2.replace(to_replace=r'motifs match', value='', regex=True, inplace=True)
/home/praghuram23/miniconda3/envs/toxin_hemo/lib/python3.10/site-packages/toxinpred3/python_scripts/toxinpred3.py:144: SettingWithCopyWarning: 
A value is trying to be set on a copy of a slice from a DataFrame

See the caveats in the documentation: https://pandas.pydata.org/pandas-docs/stable/user_guide/indexing.html#returning-a-view-versus-a-copy
  df2.replace(to_replace=r' $', value='', regex=True,inplace=True)
/home/praghuram23/miniconda3/envs/toxin_hemo/lib/python3.10/site-packages/toxinpred3/python_scripts/toxinpred3.py:209: SettingWithCopyWarning: 
A value is trying to be set on a copy of a slice from a DataFrame

See the caveats in the documentation: https://pandas.pydata.org/pandas-docs/stable/user_guide/indexing.html#returning-a-view-versus-a-copy
  df2.replace(to_replace=r"\)", value='', regex=True, inplace=True)
/home/praghuram23/miniconda3/envs/toxin_hemo/lib/python3.10/site-packages/toxinpred3/python_scripts/toxinpred3.py:210: SettingWithCopyWarning: 
A value is trying to be set on a copy of a slice from a DataFrame

See the caveats in the documentation: https://pandas.pydata.org/pandas-docs/stable/user_guide/indexing.html#returning-a-view-versus-a-copy
  df2.replace(to_replace=r'motifs match', value='', regex=True, inplace=True)
/home/praghuram23/miniconda3/envs/toxin_hemo/lib/python3.10/site-packages/toxinpred3/python_scripts/toxinpred3.py:211: SettingWithCopyWarning: 
A value is trying to be set on a copy of a slice from a DataFrame

See the caveats in the documentation: https://pandas.pydata.org/pandas-docs/stable/user_guide/indexing.html#returning-a-view-versus-a-copy
  df2.replace(to_replace=r' $', value='', regex=True,inplace=True)
127.0.0.1 - - [26/Jul/2026 05:52:51] "POST /score HTTP/1.1" 200 -
/home/praghuram23/miniconda3/envs/toxin_hemo/lib/python3.10/site-packages/sklearn/base.py:439: UserWarning: X does not have valid feature names, but ExtraTreesClassifier was fitted with feature names
  warnings.warn(

This is the MERCI (Motif - EmeRging and with Classes - Identification) motif locator program.

   * Loading hierarchy NONE
   * Reading data
       input file Sequence_1 read -> 256 sequences found
   * Motif locations written to merci_p.txt

This is the MERCI (Motif - EmeRging and with Classes - Identification) motif locator program.

   * Loading hierarchy NONE
   * Reading data
       input file Sequence_1 read -> 256 sequences found
   * Motif locations written to merci_n.txt
/home/praghuram23/miniconda3/envs/toxin_hemo/lib/python3.10/site-packages/toxinpred3/python_scripts/toxinpred3.py:142: SettingWithCopyWarning: 
A value is trying to be set on a copy of a slice from a DataFrame

See the caveats in the documentation: https://pandas.pydata.org/pandas-docs/stable/user_guide/indexing.html#returning-a-view-versus-a-copy
  df2.replace(to_replace=r"\)", value='', regex=True, inplace=True)
/home/praghuram23/miniconda3/envs/toxin_hemo/lib/python3.10/site-packages/toxinpred3/python_scripts/toxinpred3.py:143: SettingWithCopyWarning: 
A value is trying to be set on a copy of a slice from a DataFrame

See the caveats in the documentation: https://pandas.pydata.org/pandas-docs/stable/user_guide/indexing.html#returning-a-view-versus-a-copy
  df2.replace(to_replace=r'motifs match', value='', regex=True, inplace=True)
/home/praghuram23/miniconda3/envs/toxin_hemo/lib/python3.10/site-packages/toxinpred3/python_scripts/toxinpred3.py:144: SettingWithCopyWarning: 
A value is trying to be set on a copy of a slice from a DataFrame

See the caveats in the documentation: https://pandas.pydata.org/pandas-docs/stable/user_guide/indexing.html#returning-a-view-versus-a-copy
  df2.replace(to_replace=r' $', value='', regex=True,inplace=True)
/home/praghuram23/miniconda3/envs/toxin_hemo/lib/python3.10/site-packages/toxinpred3/python_scripts/toxinpred3.py:209: SettingWithCopyWarning: 
A value is trying to be set on a copy of a slice from a DataFrame

See the caveats in the documentation: https://pandas.pydata.org/pandas-docs/stable/user_guide/indexing.html#returning-a-view-versus-a-copy
  df2.replace(to_replace=r"\)", value='', regex=True, inplace=True)
/home/praghuram23/miniconda3/envs/toxin_hemo/lib/python3.10/site-packages/toxinpred3/python_scripts/toxinpred3.py:210: SettingWithCopyWarning: 
A value is trying to be set on a copy of a slice from a DataFrame

See the caveats in the documentation: https://pandas.pydata.org/pandas-docs/stable/user_guide/indexing.html#returning-a-view-versus-a-copy
  df2.replace(to_replace=r'motifs match', value='', regex=True, inplace=True)
/home/praghuram23/miniconda3/envs/toxin_hemo/lib/python3.10/site-packages/toxinpred3/python_scripts/toxinpred3.py:211: SettingWithCopyWarning: 
A value is trying to be set on a copy of a slice from a DataFrame

See the caveats in the documentation: https://pandas.pydata.org/pandas-docs/stable/user_guide/indexing.html#returning-a-view-versus-a-copy
  df2.replace(to_replace=r' $', value='', regex=True,inplace=True)
127.0.0.1 - - [26/Jul/2026 05:53:23] "POST /score HTTP/1.1" 200 -
/home/praghuram23/miniconda3/envs/toxin_hemo/lib/python3.10/site-packages/sklearn/base.py:439: UserWarning: X does not have valid feature names, but ExtraTreesClassifier was fitted with feature names
  warnings.warn(

This is the MERCI (Motif - EmeRging and with Classes - Identification) motif locator program.

   * Loading hierarchy NONE
   * Reading data
       input file Sequence_1 read -> 256 sequences found
   * Motif locations written to merci_p.txt

This is the MERCI (Motif - EmeRging and with Classes - Identification) motif locator program.

   * Loading hierarchy NONE
   * Reading data
       input file Sequence_1 read -> 256 sequences found
   * Motif locations written to merci_n.txt
/home/praghuram23/miniconda3/envs/toxin_hemo/lib/python3.10/site-packages/toxinpred3/python_scripts/toxinpred3.py:209: SettingWithCopyWarning: 
A value is trying to be set on a copy of a slice from a DataFrame

See the caveats in the documentation: https://pandas.pydata.org/pandas-docs/stable/user_guide/indexing.html#returning-a-view-versus-a-copy
  df2.replace(to_replace=r"\)", value='', regex=True, inplace=True)
/home/praghuram23/miniconda3/envs/toxin_hemo/lib/python3.10/site-packages/toxinpred3/python_scripts/toxinpred3.py:210: SettingWithCopyWarning: 
A value is trying to be set on a copy of a slice from a DataFrame

See the caveats in the documentation: https://pandas.pydata.org/pandas-docs/stable/user_guide/indexing.html#returning-a-view-versus-a-copy
  df2.replace(to_replace=r'motifs match', value='', regex=True, inplace=True)
/home/praghuram23/miniconda3/envs/toxin_hemo/lib/python3.10/site-packages/toxinpred3/python_scripts/toxinpred3.py:211: SettingWithCopyWarning: 
A value is trying to be set on a copy of a slice from a DataFrame

See the caveats in the documentation: https://pandas.pydata.org/pandas-docs/stable/user_guide/indexing.html#returning-a-view-versus-a-copy
  df2.replace(to_replace=r' $', value='', regex=True,inplace=True)
127.0.0.1 - - [26/Jul/2026 05:53:57] "POST /score HTTP/1.1" 200 -
/home/praghuram23/miniconda3/envs/toxin_hemo/lib/python3.10/site-packages/sklearn/base.py:439: UserWarning: X does not have valid feature names, but ExtraTreesClassifier was fitted with feature names
  warnings.warn(

This is the MERCI (Motif - EmeRging and with Classes - Identification) motif locator program.

   * Loading hierarchy NONE
   * Reading data
       input file Sequence_1 read -> 256 sequences found
   * Motif locations written to merci_p.txt

This is the MERCI (Motif - EmeRging and with Classes - Identification) motif locator program.

   * Loading hierarchy NONE
   * Reading data
       input file Sequence_1 read -> 256 sequences found
   * Motif locations written to merci_n.txt
/home/praghuram23/miniconda3/envs/toxin_hemo/lib/python3.10/site-packages/toxinpred3/python_scripts/toxinpred3.py:209: SettingWithCopyWarning: 
A value is trying to be set on a copy of a slice from a DataFrame

See the caveats in the documentation: https://pandas.pydata.org/pandas-docs/stable/user_guide/indexing.html#returning-a-view-versus-a-copy
  df2.replace(to_replace=r"\)", value='', regex=True, inplace=True)
/home/praghuram23/miniconda3/envs/toxin_hemo/lib/python3.10/site-packages/toxinpred3/python_scripts/toxinpred3.py:210: SettingWithCopyWarning: 
A value is trying to be set on a copy of a slice from a DataFrame

See the caveats in the documentation: https://pandas.pydata.org/pandas-docs/stable/user_guide/indexing.html#returning-a-view-versus-a-copy
  df2.replace(to_replace=r'motifs match', value='', regex=True, inplace=True)
/home/praghuram23/miniconda3/envs/toxin_hemo/lib/python3.10/site-packages/toxinpred3/python_scripts/toxinpred3.py:211: SettingWithCopyWarning: 
A value is trying to be set on a copy of a slice from a DataFrame

See the caveats in the documentation: https://pandas.pydata.org/pandas-docs/stable/user_guide/indexing.html#returning-a-view-versus-a-copy
  df2.replace(to_replace=r' $', value='', regex=True,inplace=True)
127.0.0.1 - - [26/Jul/2026 05:54:25] "POST /score HTTP/1.1" 200 -
/home/praghuram23/miniconda3/envs/toxin_hemo/lib/python3.10/site-packages/sklearn/base.py:439: UserWarning: X does not have valid feature names, but ExtraTreesClassifier was fitted with feature names
  warnings.warn(

This is the MERCI (Motif - EmeRging and with Classes - Identification) motif locator program.

   * Loading hierarchy NONE
   * Reading data
       input file Sequence_1 read -> 256 sequences found
   * Motif locations written to merci_p.txt

This is the MERCI (Motif - EmeRging and with Classes - Identification) motif locator program.

   * Loading hierarchy NONE
   * Reading data
       input file Sequence_1 read -> 256 sequences found
   * Motif locations written to merci_n.txt
/home/praghuram23/miniconda3/envs/toxin_hemo/lib/python3.10/site-packages/toxinpred3/python_scripts/toxinpred3.py:142: SettingWithCopyWarning: 
A value is trying to be set on a copy of a slice from a DataFrame

See the caveats in the documentation: https://pandas.pydata.org/pandas-docs/stable/user_guide/indexing.html#returning-a-view-versus-a-copy
  df2.replace(to_replace=r"\)", value='', regex=True, inplace=True)
/home/praghuram23/miniconda3/envs/toxin_hemo/lib/python3.10/site-packages/toxinpred3/python_scripts/toxinpred3.py:143: SettingWithCopyWarning: 
A value is trying to be set on a copy of a slice from a DataFrame

See the caveats in the documentation: https://pandas.pydata.org/pandas-docs/stable/user_guide/indexing.html#returning-a-view-versus-a-copy
  df2.replace(to_replace=r'motifs match', value='', regex=True, inplace=True)
/home/praghuram23/miniconda3/envs/toxin_hemo/lib/python3.10/site-packages/toxinpred3/python_scripts/toxinpred3.py:144: SettingWithCopyWarning: 
A value is trying to be set on a copy of a slice from a DataFrame

See the caveats in the documentation: https://pandas.pydata.org/pandas-docs/stable/user_guide/indexing.html#returning-a-view-versus-a-copy
  df2.replace(to_replace=r' $', value='', regex=True,inplace=True)
/home/praghuram23/miniconda3/envs/toxin_hemo/lib/python3.10/site-packages/toxinpred3/python_scripts/toxinpred3.py:209: SettingWithCopyWarning: 
A value is trying to be set on a copy of a slice from a DataFrame

See the caveats in the documentation: https://pandas.pydata.org/pandas-docs/stable/user_guide/indexing.html#returning-a-view-versus-a-copy
  df2.replace(to_replace=r"\)", value='', regex=True, inplace=True)
/home/praghuram23/miniconda3/envs/toxin_hemo/lib/python3.10/site-packages/toxinpred3/python_scripts/toxinpred3.py:210: SettingWithCopyWarning: 
A value is trying to be set on a copy of a slice from a DataFrame

See the caveats in the documentation: https://pandas.pydata.org/pandas-docs/stable/user_guide/indexing.html#returning-a-view-versus-a-copy
  df2.replace(to_replace=r'motifs match', value='', regex=True, inplace=True)
/home/praghuram23/miniconda3/envs/toxin_hemo/lib/python3.10/site-packages/toxinpred3/python_scripts/toxinpred3.py:211: SettingWithCopyWarning: 
A value is trying to be set on a copy of a slice from a DataFrame

See the caveats in the documentation: https://pandas.pydata.org/pandas-docs/stable/user_guide/indexing.html#returning-a-view-versus-a-copy
  df2.replace(to_replace=r' $', value='', regex=True,inplace=True)
127.0.0.1 - - [26/Jul/2026 05:54:52] "POST /score HTTP/1.1" 200 -
/home/praghuram23/miniconda3/envs/toxin_hemo/lib/python3.10/site-packages/sklearn/base.py:439: UserWarning: X does not have valid feature names, but ExtraTreesClassifier was fitted with feature names
  warnings.warn(

This is the MERCI (Motif - EmeRging and with Classes - Identification) motif locator program.

   * Loading hierarchy NONE
   * Reading data
       input file Sequence_1 read -> 256 sequences found
   * Motif locations written to merci_p.txt

This is the MERCI (Motif - EmeRging and with Classes - Identification) motif locator program.

   * Loading hierarchy NONE
   * Reading data
       input file Sequence_1 read -> 256 sequences found
   * Motif locations written to merci_n.txt
/home/praghuram23/miniconda3/envs/toxin_hemo/lib/python3.10/site-packages/toxinpred3/python_scripts/toxinpred3.py:142: SettingWithCopyWarning: 
A value is trying to be set on a copy of a slice from a DataFrame

See the caveats in the documentation: https://pandas.pydata.org/pandas-docs/stable/user_guide/indexing.html#returning-a-view-versus-a-copy
  df2.replace(to_replace=r"\)", value='', regex=True, inplace=True)
/home/praghuram23/miniconda3/envs/toxin_hemo/lib/python3.10/site-packages/toxinpred3/python_scripts/toxinpred3.py:143: SettingWithCopyWarning: 
A value is trying to be set on a copy of a slice from a DataFrame

See the caveats in the documentation: https://pandas.pydata.org/pandas-docs/stable/user_guide/indexing.html#returning-a-view-versus-a-copy
  df2.replace(to_replace=r'motifs match', value='', regex=True, inplace=True)
/home/praghuram23/miniconda3/envs/toxin_hemo/lib/python3.10/site-packages/toxinpred3/python_scripts/toxinpred3.py:144: SettingWithCopyWarning: 
A value is trying to be set on a copy of a slice from a DataFrame

See the caveats in the documentation: https://pandas.pydata.org/pandas-docs/stable/user_guide/indexing.html#returning-a-view-versus-a-copy
  df2.replace(to_replace=r' $', value='', regex=True,inplace=True)
/home/praghuram23/miniconda3/envs/toxin_hemo/lib/python3.10/site-packages/toxinpred3/python_scripts/toxinpred3.py:209: SettingWithCopyWarning: 
A value is trying to be set on a copy of a slice from a DataFrame

See the caveats in the documentation: https://pandas.pydata.org/pandas-docs/stable/user_guide/indexing.html#returning-a-view-versus-a-copy
  df2.replace(to_replace=r"\)", value='', regex=True, inplace=True)
/home/praghuram23/miniconda3/envs/toxin_hemo/lib/python3.10/site-packages/toxinpred3/python_scripts/toxinpred3.py:210: SettingWithCopyWarning: 
A value is trying to be set on a copy of a slice from a DataFrame

See the caveats in the documentation: https://pandas.pydata.org/pandas-docs/stable/user_guide/indexing.html#returning-a-view-versus-a-copy
  df2.replace(to_replace=r'motifs match', value='', regex=True, inplace=True)
/home/praghuram23/miniconda3/envs/toxin_hemo/lib/python3.10/site-packages/toxinpred3/python_scripts/toxinpred3.py:211: SettingWithCopyWarning: 
A value is trying to be set on a copy of a slice from a DataFrame

See the caveats in the documentation: https://pandas.pydata.org/pandas-docs/stable/user_guide/indexing.html#returning-a-view-versus-a-copy
  df2.replace(to_replace=r' $', value='', regex=True,inplace=True)
127.0.0.1 - - [26/Jul/2026 05:55:18] "POST /score HTTP/1.1" 200 -
/home/praghuram23/miniconda3/envs/toxin_hemo/lib/python3.10/site-packages/sklearn/base.py:439: UserWarning: X does not have valid feature names, but ExtraTreesClassifier was fitted with feature names
  warnings.warn(

This is the MERCI (Motif - EmeRging and with Classes - Identification) motif locator program.

   * Loading hierarchy NONE
   * Reading data
       input file Sequence_1 read -> 256 sequences found
   * Motif locations written to merci_p.txt

This is the MERCI (Motif - EmeRging and with Classes - Identification) motif locator program.

   * Loading hierarchy NONE
   * Reading data
       input file Sequence_1 read -> 256 sequences found
   * Motif locations written to merci_n.txt
/home/praghuram23/miniconda3/envs/toxin_hemo/lib/python3.10/site-packages/toxinpred3/python_scripts/toxinpred3.py:209: SettingWithCopyWarning: 
A value is trying to be set on a copy of a slice from a DataFrame

See the caveats in the documentation: https://pandas.pydata.org/pandas-docs/stable/user_guide/indexing.html#returning-a-view-versus-a-copy
  df2.replace(to_replace=r"\)", value='', regex=True, inplace=True)
/home/praghuram23/miniconda3/envs/toxin_hemo/lib/python3.10/site-packages/toxinpred3/python_scripts/toxinpred3.py:210: SettingWithCopyWarning: 
A value is trying to be set on a copy of a slice from a DataFrame

See the caveats in the documentation: https://pandas.pydata.org/pandas-docs/stable/user_guide/indexing.html#returning-a-view-versus-a-copy
  df2.replace(to_replace=r'motifs match', value='', regex=True, inplace=True)
/home/praghuram23/miniconda3/envs/toxin_hemo/lib/python3.10/site-packages/toxinpred3/python_scripts/toxinpred3.py:211: SettingWithCopyWarning: 
A value is trying to be set on a copy of a slice from a DataFrame

See the caveats in the documentation: https://pandas.pydata.org/pandas-docs/stable/user_guide/indexing.html#returning-a-view-versus-a-copy
  df2.replace(to_replace=r' $', value='', regex=True,inplace=True)
127.0.0.1 - - [26/Jul/2026 05:55:46] "POST /score HTTP/1.1" 200 -
/home/praghuram23/miniconda3/envs/toxin_hemo/lib/python3.10/site-packages/sklearn/base.py:439: UserWarning: X does not have valid feature names, but ExtraTreesClassifier was fitted with feature names
  warnings.warn(

This is the MERCI (Motif - EmeRging and with Classes - Identification) motif locator program.

   * Loading hierarchy NONE
   * Reading data
       input file Sequence_1 read -> 256 sequences found
   * Motif locations written to merci_p.txt

This is the MERCI (Motif - EmeRging and with Classes - Identification) motif locator program.

   * Loading hierarchy NONE
   * Reading data
       input file Sequence_1 read -> 256 sequences found
   * Motif locations written to merci_n.txt
/home/praghuram23/miniconda3/envs/toxin_hemo/lib/python3.10/site-packages/toxinpred3/python_scripts/toxinpred3.py:209: SettingWithCopyWarning: 
A value is trying to be set on a copy of a slice from a DataFrame

See the caveats in the documentation: https://pandas.pydata.org/pandas-docs/stable/user_guide/indexing.html#returning-a-view-versus-a-copy
  df2.replace(to_replace=r"\)", value='', regex=True, inplace=True)
/home/praghuram23/miniconda3/envs/toxin_hemo/lib/python3.10/site-packages/toxinpred3/python_scripts/toxinpred3.py:210: SettingWithCopyWarning: 
A value is trying to be set on a copy of a slice from a DataFrame

See the caveats in the documentation: https://pandas.pydata.org/pandas-docs/stable/user_guide/indexing.html#returning-a-view-versus-a-copy
  df2.replace(to_replace=r'motifs match', value='', regex=True, inplace=True)
/home/praghuram23/miniconda3/envs/toxin_hemo/lib/python3.10/site-packages/toxinpred3/python_scripts/toxinpred3.py:211: SettingWithCopyWarning: 
A value is trying to be set on a copy of a slice from a DataFrame

See the caveats in the documentation: https://pandas.pydata.org/pandas-docs/stable/user_guide/indexing.html#returning-a-view-versus-a-copy
  df2.replace(to_replace=r' $', value='', regex=True,inplace=True)
127.0.0.1 - - [26/Jul/2026 05:56:16] "POST /score HTTP/1.1" 200 -
/home/praghuram23/miniconda3/envs/toxin_hemo/lib/python3.10/site-packages/sklearn/base.py:439: UserWarning: X does not have valid feature names, but ExtraTreesClassifier was fitted with feature names
  warnings.warn(

This is the MERCI (Motif - EmeRging and with Classes - Identification) motif locator program.

   * Loading hierarchy NONE
   * Reading data
       input file Sequence_1 read -> 256 sequences found
   * Motif locations written to merci_p.txt

This is the MERCI (Motif - EmeRging and with Classes - Identification) motif locator program.

   * Loading hierarchy NONE
   * Reading data
       input file Sequence_1 read -> 256 sequences found
   * Motif locations written to merci_n.txt
/home/praghuram23/miniconda3/envs/toxin_hemo/lib/python3.10/site-packages/toxinpred3/python_scripts/toxinpred3.py:209: SettingWithCopyWarning: 
A value is trying to be set on a copy of a slice from a DataFrame

See the caveats in the documentation: https://pandas.pydata.org/pandas-docs/stable/user_guide/indexing.html#returning-a-view-versus-a-copy
  df2.replace(to_replace=r"\)", value='', regex=True, inplace=True)
/home/praghuram23/miniconda3/envs/toxin_hemo/lib/python3.10/site-packages/toxinpred3/python_scripts/toxinpred3.py:210: SettingWithCopyWarning: 
A value is trying to be set on a copy of a slice from a DataFrame

See the caveats in the documentation: https://pandas.pydata.org/pandas-docs/stable/user_guide/indexing.html#returning-a-view-versus-a-copy
  df2.replace(to_replace=r'motifs match', value='', regex=True, inplace=True)
/home/praghuram23/miniconda3/envs/toxin_hemo/lib/python3.10/site-packages/toxinpred3/python_scripts/toxinpred3.py:211: SettingWithCopyWarning: 
A value is trying to be set on a copy of a slice from a DataFrame

See the caveats in the documentation: https://pandas.pydata.org/pandas-docs/stable/user_guide/indexing.html#returning-a-view-versus-a-copy
  df2.replace(to_replace=r' $', value='', regex=True,inplace=True)
127.0.0.1 - - [26/Jul/2026 05:56:47] "POST /score HTTP/1.1" 200 -
/home/praghuram23/miniconda3/envs/toxin_hemo/lib/python3.10/site-packages/sklearn/base.py:439: UserWarning: X does not have valid feature names, but ExtraTreesClassifier was fitted with feature names
  warnings.warn(

This is the MERCI (Motif - EmeRging and with Classes - Identification) motif locator program.

   * Loading hierarchy NONE
   * Reading data
       input file Sequence_1 read -> 256 sequences found
   * Motif locations written to merci_p.txt

This is the MERCI (Motif - EmeRging and with Classes - Identification) motif locator program.

   * Loading hierarchy NONE
   * Reading data
       input file Sequence_1 read -> 256 sequences found
   * Motif locations written to merci_n.txt
/home/praghuram23/miniconda3/envs/toxin_hemo/lib/python3.10/site-packages/toxinpred3/python_scripts/toxinpred3.py:142: SettingWithCopyWarning: 
A value is trying to be set on a copy of a slice from a DataFrame

See the caveats in the documentation: https://pandas.pydata.org/pandas-docs/stable/user_guide/indexing.html#returning-a-view-versus-a-copy
  df2.replace(to_replace=r"\)", value='', regex=True, inplace=True)
/home/praghuram23/miniconda3/envs/toxin_hemo/lib/python3.10/site-packages/toxinpred3/python_scripts/toxinpred3.py:143: SettingWithCopyWarning: 
A value is trying to be set on a copy of a slice from a DataFrame

See the caveats in the documentation: https://pandas.pydata.org/pandas-docs/stable/user_guide/indexing.html#returning-a-view-versus-a-copy
  df2.replace(to_replace=r'motifs match', value='', regex=True, inplace=True)
/home/praghuram23/miniconda3/envs/toxin_hemo/lib/python3.10/site-packages/toxinpred3/python_scripts/toxinpred3.py:144: SettingWithCopyWarning: 
A value is trying to be set on a copy of a slice from a DataFrame

See the caveats in the documentation: https://pandas.pydata.org/pandas-docs/stable/user_guide/indexing.html#returning-a-view-versus-a-copy
  df2.replace(to_replace=r' $', value='', regex=True,inplace=True)
/home/praghuram23/miniconda3/envs/toxin_hemo/lib/python3.10/site-packages/toxinpred3/python_scripts/toxinpred3.py:209: SettingWithCopyWarning: 
A value is trying to be set on a copy of a slice from a DataFrame

See the caveats in the documentation: https://pandas.pydata.org/pandas-docs/stable/user_guide/indexing.html#returning-a-view-versus-a-copy
  df2.replace(to_replace=r"\)", value='', regex=True, inplace=True)
/home/praghuram23/miniconda3/envs/toxin_hemo/lib/python3.10/site-packages/toxinpred3/python_scripts/toxinpred3.py:210: SettingWithCopyWarning: 
A value is trying to be set on a copy of a slice from a DataFrame

See the caveats in the documentation: https://pandas.pydata.org/pandas-docs/stable/user_guide/indexing.html#returning-a-view-versus-a-copy
  df2.replace(to_replace=r'motifs match', value='', regex=True, inplace=True)
/home/praghuram23/miniconda3/envs/toxin_hemo/lib/python3.10/site-packages/toxinpred3/python_scripts/toxinpred3.py:211: SettingWithCopyWarning: 
A value is trying to be set on a copy of a slice from a DataFrame

See the caveats in the documentation: https://pandas.pydata.org/pandas-docs/stable/user_guide/indexing.html#returning-a-view-versus-a-copy
  df2.replace(to_replace=r' $', value='', regex=True,inplace=True)
127.0.0.1 - - [26/Jul/2026 05:57:13] "POST /score HTTP/1.1" 200 -
/home/praghuram23/miniconda3/envs/toxin_hemo/lib/python3.10/site-packages/sklearn/base.py:439: UserWarning: X does not have valid feature names, but ExtraTreesClassifier was fitted with feature names
  warnings.warn(

This is the MERCI (Motif - EmeRging and with Classes - Identification) motif locator program.

   * Loading hierarchy NONE
   * Reading data
       input file Sequence_1 read -> 256 sequences found
   * Motif locations written to merci_p.txt

This is the MERCI (Motif - EmeRging and with Classes - Identification) motif locator program.

   * Loading hierarchy NONE
   * Reading data
       input file Sequence_1 read -> 256 sequences found
   * Motif locations written to merci_n.txt
/home/praghuram23/miniconda3/envs/toxin_hemo/lib/python3.10/site-packages/toxinpred3/python_scripts/toxinpred3.py:142: SettingWithCopyWarning: 
A value is trying to be set on a copy of a slice from a DataFrame

See the caveats in the documentation: https://pandas.pydata.org/pandas-docs/stable/user_guide/indexing.html#returning-a-view-versus-a-copy
  df2.replace(to_replace=r"\)", value='', regex=True, inplace=True)
/home/praghuram23/miniconda3/envs/toxin_hemo/lib/python3.10/site-packages/toxinpred3/python_scripts/toxinpred3.py:143: SettingWithCopyWarning: 
A value is trying to be set on a copy of a slice from a DataFrame

See the caveats in the documentation: https://pandas.pydata.org/pandas-docs/stable/user_guide/indexing.html#returning-a-view-versus-a-copy
  df2.replace(to_replace=r'motifs match', value='', regex=True, inplace=True)
/home/praghuram23/miniconda3/envs/toxin_hemo/lib/python3.10/site-packages/toxinpred3/python_scripts/toxinpred3.py:144: SettingWithCopyWarning: 
A value is trying to be set on a copy of a slice from a DataFrame

See the caveats in the documentation: https://pandas.pydata.org/pandas-docs/stable/user_guide/indexing.html#returning-a-view-versus-a-copy
  df2.replace(to_replace=r' $', value='', regex=True,inplace=True)
/home/praghuram23/miniconda3/envs/toxin_hemo/lib/python3.10/site-packages/toxinpred3/python_scripts/toxinpred3.py:209: SettingWithCopyWarning: 
A value is trying to be set on a copy of a slice from a DataFrame

See the caveats in the documentation: https://pandas.pydata.org/pandas-docs/stable/user_guide/indexing.html#returning-a-view-versus-a-copy
  df2.replace(to_replace=r"\)", value='', regex=True, inplace=True)
/home/praghuram23/miniconda3/envs/toxin_hemo/lib/python3.10/site-packages/toxinpred3/python_scripts/toxinpred3.py:210: SettingWithCopyWarning: 
A value is trying to be set on a copy of a slice from a DataFrame

See the caveats in the documentation: https://pandas.pydata.org/pandas-docs/stable/user_guide/indexing.html#returning-a-view-versus-a-copy
  df2.replace(to_replace=r'motifs match', value='', regex=True, inplace=True)
/home/praghuram23/miniconda3/envs/toxin_hemo/lib/python3.10/site-packages/toxinpred3/python_scripts/toxinpred3.py:211: SettingWithCopyWarning: 
A value is trying to be set on a copy of a slice from a DataFrame

See the caveats in the documentation: https://pandas.pydata.org/pandas-docs/stable/user_guide/indexing.html#returning-a-view-versus-a-copy
  df2.replace(to_replace=r' $', value='', regex=True,inplace=True)
127.0.0.1 - - [26/Jul/2026 05:57:40] "POST /score HTTP/1.1" 200 -
/home/praghuram23/miniconda3/envs/toxin_hemo/lib/python3.10/site-packages/sklearn/base.py:439: UserWarning: X does not have valid feature names, but ExtraTreesClassifier was fitted with feature names
  warnings.warn(

This is the MERCI (Motif - EmeRging and with Classes - Identification) motif locator program.

   * Loading hierarchy NONE
   * Reading data
       input file Sequence_1 read -> 256 sequences found
   * Motif locations written to merci_p.txt

This is the MERCI (Motif - EmeRging and with Classes - Identification) motif locator program.

   * Loading hierarchy NONE
   * Reading data
       input file Sequence_1 read -> 256 sequences found
   * Motif locations written to merci_n.txt
/home/praghuram23/miniconda3/envs/toxin_hemo/lib/python3.10/site-packages/toxinpred3/python_scripts/toxinpred3.py:209: SettingWithCopyWarning: 
A value is trying to be set on a copy of a slice from a DataFrame

See the caveats in the documentation: https://pandas.pydata.org/pandas-docs/stable/user_guide/indexing.html#returning-a-view-versus-a-copy
  df2.replace(to_replace=r"\)", value='', regex=True, inplace=True)
/home/praghuram23/miniconda3/envs/toxin_hemo/lib/python3.10/site-packages/toxinpred3/python_scripts/toxinpred3.py:210: SettingWithCopyWarning: 
A value is trying to be set on a copy of a slice from a DataFrame

See the caveats in the documentation: https://pandas.pydata.org/pandas-docs/stable/user_guide/indexing.html#returning-a-view-versus-a-copy
  df2.replace(to_replace=r'motifs match', value='', regex=True, inplace=True)
/home/praghuram23/miniconda3/envs/toxin_hemo/lib/python3.10/site-packages/toxinpred3/python_scripts/toxinpred3.py:211: SettingWithCopyWarning: 
A value is trying to be set on a copy of a slice from a DataFrame

See the caveats in the documentation: https://pandas.pydata.org/pandas-docs/stable/user_guide/indexing.html#returning-a-view-versus-a-copy
  df2.replace(to_replace=r' $', value='', regex=True,inplace=True)
127.0.0.1 - - [26/Jul/2026 05:58:06] "POST /score HTTP/1.1" 200 -
/home/praghuram23/miniconda3/envs/toxin_hemo/lib/python3.10/site-packages/sklearn/base.py:439: UserWarning: X does not have valid feature names, but ExtraTreesClassifier was fitted with feature names
  warnings.warn(

This is the MERCI (Motif - EmeRging and with Classes - Identification) motif locator program.

   * Loading hierarchy NONE
   * Reading data
       input file Sequence_1 read -> 256 sequences found
   * Motif locations written to merci_p.txt

This is the MERCI (Motif - EmeRging and with Classes - Identification) motif locator program.

   * Loading hierarchy NONE
   * Reading data
       input file Sequence_1 read -> 256 sequences found
   * Motif locations written to merci_n.txt
/home/praghuram23/miniconda3/envs/toxin_hemo/lib/python3.10/site-packages/toxinpred3/python_scripts/toxinpred3.py:209: SettingWithCopyWarning: 
A value is trying to be set on a copy of a slice from a DataFrame

See the caveats in the documentation: https://pandas.pydata.org/pandas-docs/stable/user_guide/indexing.html#returning-a-view-versus-a-copy
  df2.replace(to_replace=r"\)", value='', regex=True, inplace=True)
/home/praghuram23/miniconda3/envs/toxin_hemo/lib/python3.10/site-packages/toxinpred3/python_scripts/toxinpred3.py:210: SettingWithCopyWarning: 
A value is trying to be set on a copy of a slice from a DataFrame

See the caveats in the documentation: https://pandas.pydata.org/pandas-docs/stable/user_guide/indexing.html#returning-a-view-versus-a-copy
  df2.replace(to_replace=r'motifs match', value='', regex=True, inplace=True)
/home/praghuram23/miniconda3/envs/toxin_hemo/lib/python3.10/site-packages/toxinpred3/python_scripts/toxinpred3.py:211: SettingWithCopyWarning: 
A value is trying to be set on a copy of a slice from a DataFrame

See the caveats in the documentation: https://pandas.pydata.org/pandas-docs/stable/user_guide/indexing.html#returning-a-view-versus-a-copy
  df2.replace(to_replace=r' $', value='', regex=True,inplace=True)
127.0.0.1 - - [26/Jul/2026 05:58:32] "POST /score HTTP/1.1" 200 -
/home/praghuram23/miniconda3/envs/toxin_hemo/lib/python3.10/site-packages/sklearn/base.py:439: UserWarning: X does not have valid feature names, but ExtraTreesClassifier was fitted with feature names
  warnings.warn(

This is the MERCI (Motif - EmeRging and with Classes - Identification) motif locator program.

   * Loading hierarchy NONE
   * Reading data
       input file Sequence_1 read -> 256 sequences found
   * Motif locations written to merci_p.txt

This is the MERCI (Motif - EmeRging and with Classes - Identification) motif locator program.

   * Loading hierarchy NONE
   * Reading data
       input file Sequence_1 read -> 256 sequences found
   * Motif locations written to merci_n.txt
/home/praghuram23/miniconda3/envs/toxin_hemo/lib/python3.10/site-packages/toxinpred3/python_scripts/toxinpred3.py:142: SettingWithCopyWarning: 
A value is trying to be set on a copy of a slice from a DataFrame

See the caveats in the documentation: https://pandas.pydata.org/pandas-docs/stable/user_guide/indexing.html#returning-a-view-versus-a-copy
  df2.replace(to_replace=r"\)", value='', regex=True, inplace=True)
/home/praghuram23/miniconda3/envs/toxin_hemo/lib/python3.10/site-packages/toxinpred3/python_scripts/toxinpred3.py:143: SettingWithCopyWarning: 
A value is trying to be set on a copy of a slice from a DataFrame

See the caveats in the documentation: https://pandas.pydata.org/pandas-docs/stable/user_guide/indexing.html#returning-a-view-versus-a-copy
  df2.replace(to_replace=r'motifs match', value='', regex=True, inplace=True)
/home/praghuram23/miniconda3/envs/toxin_hemo/lib/python3.10/site-packages/toxinpred3/python_scripts/toxinpred3.py:144: SettingWithCopyWarning: 
A value is trying to be set on a copy of a slice from a DataFrame

See the caveats in the documentation: https://pandas.pydata.org/pandas-docs/stable/user_guide/indexing.html#returning-a-view-versus-a-copy
  df2.replace(to_replace=r' $', value='', regex=True,inplace=True)
/home/praghuram23/miniconda3/envs/toxin_hemo/lib/python3.10/site-packages/toxinpred3/python_scripts/toxinpred3.py:209: SettingWithCopyWarning: 
A value is trying to be set on a copy of a slice from a DataFrame

See the caveats in the documentation: https://pandas.pydata.org/pandas-docs/stable/user_guide/indexing.html#returning-a-view-versus-a-copy
  df2.replace(to_replace=r"\)", value='', regex=True, inplace=True)
/home/praghuram23/miniconda3/envs/toxin_hemo/lib/python3.10/site-packages/toxinpred3/python_scripts/toxinpred3.py:210: SettingWithCopyWarning: 
A value is trying to be set on a copy of a slice from a DataFrame

See the caveats in the documentation: https://pandas.pydata.org/pandas-docs/stable/user_guide/indexing.html#returning-a-view-versus-a-copy
  df2.replace(to_replace=r'motifs match', value='', regex=True, inplace=True)
/home/praghuram23/miniconda3/envs/toxin_hemo/lib/python3.10/site-packages/toxinpred3/python_scripts/toxinpred3.py:211: SettingWithCopyWarning: 
A value is trying to be set on a copy of a slice from a DataFrame

See the caveats in the documentation: https://pandas.pydata.org/pandas-docs/stable/user_guide/indexing.html#returning-a-view-versus-a-copy
  df2.replace(to_replace=r' $', value='', regex=True,inplace=True)
127.0.0.1 - - [26/Jul/2026 05:59:00] "POST /score HTTP/1.1" 200 -
/home/praghuram23/miniconda3/envs/toxin_hemo/lib/python3.10/site-packages/sklearn/base.py:439: UserWarning: X does not have valid feature names, but ExtraTreesClassifier was fitted with feature names
  warnings.warn(

This is the MERCI (Motif - EmeRging and with Classes - Identification) motif locator program.

   * Loading hierarchy NONE
   * Reading data
       input file Sequence_1 read -> 256 sequences found
   * Motif locations written to merci_p.txt

This is the MERCI (Motif - EmeRging and with Classes - Identification) motif locator program.

   * Loading hierarchy NONE
   * Reading data
       input file Sequence_1 read -> 256 sequences found
   * Motif locations written to merci_n.txt
/home/praghuram23/miniconda3/envs/toxin_hemo/lib/python3.10/site-packages/toxinpred3/python_scripts/toxinpred3.py:209: SettingWithCopyWarning: 
A value is trying to be set on a copy of a slice from a DataFrame

See the caveats in the documentation: https://pandas.pydata.org/pandas-docs/stable/user_guide/indexing.html#returning-a-view-versus-a-copy
  df2.replace(to_replace=r"\)", value='', regex=True, inplace=True)
/home/praghuram23/miniconda3/envs/toxin_hemo/lib/python3.10/site-packages/toxinpred3/python_scripts/toxinpred3.py:210: SettingWithCopyWarning: 
A value is trying to be set on a copy of a slice from a DataFrame

See the caveats in the documentation: https://pandas.pydata.org/pandas-docs/stable/user_guide/indexing.html#returning-a-view-versus-a-copy
  df2.replace(to_replace=r'motifs match', value='', regex=True, inplace=True)
/home/praghuram23/miniconda3/envs/toxin_hemo/lib/python3.10/site-packages/toxinpred3/python_scripts/toxinpred3.py:211: SettingWithCopyWarning: 
A value is trying to be set on a copy of a slice from a DataFrame

See the caveats in the documentation: https://pandas.pydata.org/pandas-docs/stable/user_guide/indexing.html#returning-a-view-versus-a-copy
  df2.replace(to_replace=r' $', value='', regex=True,inplace=True)
127.0.0.1 - - [26/Jul/2026 05:59:27] "POST /score HTTP/1.1" 200 -
/home/praghuram23/miniconda3/envs/toxin_hemo/lib/python3.10/site-packages/sklearn/base.py:439: UserWarning: X does not have valid feature names, but ExtraTreesClassifier was fitted with feature names
  warnings.warn(

This is the MERCI (Motif - EmeRging and with Classes - Identification) motif locator program.

   * Loading hierarchy NONE
   * Reading data
       input file Sequence_1 read -> 256 sequences found
   * Motif locations written to merci_p.txt

This is the MERCI (Motif - EmeRging and with Classes - Identification) motif locator program.

   * Loading hierarchy NONE
   * Reading data
       input file Sequence_1 read -> 256 sequences found
   * Motif locations written to merci_n.txt
/home/praghuram23/miniconda3/envs/toxin_hemo/lib/python3.10/site-packages/toxinpred3/python_scripts/toxinpred3.py:209: SettingWithCopyWarning: 
A value is trying to be set on a copy of a slice from a DataFrame

See the caveats in the documentation: https://pandas.pydata.org/pandas-docs/stable/user_guide/indexing.html#returning-a-view-versus-a-copy
  df2.replace(to_replace=r"\)", value='', regex=True, inplace=True)
/home/praghuram23/miniconda3/envs/toxin_hemo/lib/python3.10/site-packages/toxinpred3/python_scripts/toxinpred3.py:210: SettingWithCopyWarning: 
A value is trying to be set on a copy of a slice from a DataFrame

See the caveats in the documentation: https://pandas.pydata.org/pandas-docs/stable/user_guide/indexing.html#returning-a-view-versus-a-copy
  df2.replace(to_replace=r'motifs match', value='', regex=True, inplace=True)
/home/praghuram23/miniconda3/envs/toxin_hemo/lib/python3.10/site-packages/toxinpred3/python_scripts/toxinpred3.py:211: SettingWithCopyWarning: 
A value is trying to be set on a copy of a slice from a DataFrame

See the caveats in the documentation: https://pandas.pydata.org/pandas-docs/stable/user_guide/indexing.html#returning-a-view-versus-a-copy
  df2.replace(to_replace=r' $', value='', regex=True,inplace=True)
127.0.0.1 - - [26/Jul/2026 05:59:54] "POST /score HTTP/1.1" 200 -
/home/praghuram23/miniconda3/envs/toxin_hemo/lib/python3.10/site-packages/sklearn/base.py:439: UserWarning: X does not have valid feature names, but ExtraTreesClassifier was fitted with feature names
  warnings.warn(

This is the MERCI (Motif - EmeRging and with Classes - Identification) motif locator program.

   * Loading hierarchy NONE
   * Reading data
       input file Sequence_1 read -> 256 sequences found
   * Motif locations written to merci_p.txt

This is the MERCI (Motif - EmeRging and with Classes - Identification) motif locator program.

   * Loading hierarchy NONE
   * Reading data
       input file Sequence_1 read -> 256 sequences found
   * Motif locations written to merci_n.txt
/home/praghuram23/miniconda3/envs/toxin_hemo/lib/python3.10/site-packages/toxinpred3/python_scripts/toxinpred3.py:209: SettingWithCopyWarning: 
A value is trying to be set on a copy of a slice from a DataFrame

See the caveats in the documentation: https://pandas.pydata.org/pandas-docs/stable/user_guide/indexing.html#returning-a-view-versus-a-copy
  df2.replace(to_replace=r"\)", value='', regex=True, inplace=True)
/home/praghuram23/miniconda3/envs/toxin_hemo/lib/python3.10/site-packages/toxinpred3/python_scripts/toxinpred3.py:210: SettingWithCopyWarning: 
A value is trying to be set on a copy of a slice from a DataFrame

See the caveats in the documentation: https://pandas.pydata.org/pandas-docs/stable/user_guide/indexing.html#returning-a-view-versus-a-copy
  df2.replace(to_replace=r'motifs match', value='', regex=True, inplace=True)
/home/praghuram23/miniconda3/envs/toxin_hemo/lib/python3.10/site-packages/toxinpred3/python_scripts/toxinpred3.py:211: SettingWithCopyWarning: 
A value is trying to be set on a copy of a slice from a DataFrame

See the caveats in the documentation: https://pandas.pydata.org/pandas-docs/stable/user_guide/indexing.html#returning-a-view-versus-a-copy
  df2.replace(to_replace=r' $', value='', regex=True,inplace=True)
127.0.0.1 - - [26/Jul/2026 06:00:23] "POST /score HTTP/1.1" 200 -
/home/praghuram23/miniconda3/envs/toxin_hemo/lib/python3.10/site-packages/sklearn/base.py:439: UserWarning: X does not have valid feature names, but ExtraTreesClassifier was fitted with feature names
  warnings.warn(

This is the MERCI (Motif - EmeRging and with Classes - Identification) motif locator program.

   * Loading hierarchy NONE
   * Reading data
       input file Sequence_1 read -> 256 sequences found
   * Motif locations written to merci_p.txt

This is the MERCI (Motif - EmeRging and with Classes - Identification) motif locator program.

   * Loading hierarchy NONE
   * Reading data
       input file Sequence_1 read -> 256 sequences found
   * Motif locations written to merci_n.txt
/home/praghuram23/miniconda3/envs/toxin_hemo/lib/python3.10/site-packages/toxinpred3/python_scripts/toxinpred3.py:209: SettingWithCopyWarning: 
A value is trying to be set on a copy of a slice from a DataFrame

See the caveats in the documentation: https://pandas.pydata.org/pandas-docs/stable/user_guide/indexing.html#returning-a-view-versus-a-copy
  df2.replace(to_replace=r"\)", value='', regex=True, inplace=True)
/home/praghuram23/miniconda3/envs/toxin_hemo/lib/python3.10/site-packages/toxinpred3/python_scripts/toxinpred3.py:210: SettingWithCopyWarning: 
A value is trying to be set on a copy of a slice from a DataFrame

See the caveats in the documentation: https://pandas.pydata.org/pandas-docs/stable/user_guide/indexing.html#returning-a-view-versus-a-copy
  df2.replace(to_replace=r'motifs match', value='', regex=True, inplace=True)
/home/praghuram23/miniconda3/envs/toxin_hemo/lib/python3.10/site-packages/toxinpred3/python_scripts/toxinpred3.py:211: SettingWithCopyWarning: 
A value is trying to be set on a copy of a slice from a DataFrame

See the caveats in the documentation: https://pandas.pydata.org/pandas-docs/stable/user_guide/indexing.html#returning-a-view-versus-a-copy
  df2.replace(to_replace=r' $', value='', regex=True,inplace=True)
127.0.0.1 - - [26/Jul/2026 06:00:52] "POST /score HTTP/1.1" 200 -
/home/praghuram23/miniconda3/envs/toxin_hemo/lib/python3.10/site-packages/sklearn/base.py:439: UserWarning: X does not have valid feature names, but ExtraTreesClassifier was fitted with feature names
  warnings.warn(

This is the MERCI (Motif - EmeRging and with Classes - Identification) motif locator program.

   * Loading hierarchy NONE
   * Reading data
       input file Sequence_1 read -> 256 sequences found
   * Motif locations written to merci_p.txt

This is the MERCI (Motif - EmeRging and with Classes - Identification) motif locator program.

   * Loading hierarchy NONE
   * Reading data
       input file Sequence_1 read -> 256 sequences found
   * Motif locations written to merci_n.txt
/home/praghuram23/miniconda3/envs/toxin_hemo/lib/python3.10/site-packages/toxinpred3/python_scripts/toxinpred3.py:209: SettingWithCopyWarning: 
A value is trying to be set on a copy of a slice from a DataFrame

See the caveats in the documentation: https://pandas.pydata.org/pandas-docs/stable/user_guide/indexing.html#returning-a-view-versus-a-copy
  df2.replace(to_replace=r"\)", value='', regex=True, inplace=True)
/home/praghuram23/miniconda3/envs/toxin_hemo/lib/python3.10/site-packages/toxinpred3/python_scripts/toxinpred3.py:210: SettingWithCopyWarning: 
A value is trying to be set on a copy of a slice from a DataFrame

See the caveats in the documentation: https://pandas.pydata.org/pandas-docs/stable/user_guide/indexing.html#returning-a-view-versus-a-copy
  df2.replace(to_replace=r'motifs match', value='', regex=True, inplace=True)
/home/praghuram23/miniconda3/envs/toxin_hemo/lib/python3.10/site-packages/toxinpred3/python_scripts/toxinpred3.py:211: SettingWithCopyWarning: 
A value is trying to be set on a copy of a slice from a DataFrame

See the caveats in the documentation: https://pandas.pydata.org/pandas-docs/stable/user_guide/indexing.html#returning-a-view-versus-a-copy
  df2.replace(to_replace=r' $', value='', regex=True,inplace=True)
127.0.0.1 - - [26/Jul/2026 06:01:21] "POST /score HTTP/1.1" 200 -
/home/praghuram23/miniconda3/envs/toxin_hemo/lib/python3.10/site-packages/sklearn/base.py:439: UserWarning: X does not have valid feature names, but ExtraTreesClassifier was fitted with feature names
  warnings.warn(

This is the MERCI (Motif - EmeRging and with Classes - Identification) motif locator program.

   * Loading hierarchy NONE
   * Reading data
       input file Sequence_1 read -> 256 sequences found
   * Motif locations written to merci_p.txt

This is the MERCI (Motif - EmeRging and with Classes - Identification) motif locator program.

   * Loading hierarchy NONE
   * Reading data
       input file Sequence_1 read -> 256 sequences found
   * Motif locations written to merci_n.txt
/home/praghuram23/miniconda3/envs/toxin_hemo/lib/python3.10/site-packages/toxinpred3/python_scripts/toxinpred3.py:209: SettingWithCopyWarning: 
A value is trying to be set on a copy of a slice from a DataFrame

See the caveats in the documentation: https://pandas.pydata.org/pandas-docs/stable/user_guide/indexing.html#returning-a-view-versus-a-copy
  df2.replace(to_replace=r"\)", value='', regex=True, inplace=True)
/home/praghuram23/miniconda3/envs/toxin_hemo/lib/python3.10/site-packages/toxinpred3/python_scripts/toxinpred3.py:210: SettingWithCopyWarning: 
A value is trying to be set on a copy of a slice from a DataFrame

See the caveats in the documentation: https://pandas.pydata.org/pandas-docs/stable/user_guide/indexing.html#returning-a-view-versus-a-copy
  df2.replace(to_replace=r'motifs match', value='', regex=True, inplace=True)
/home/praghuram23/miniconda3/envs/toxin_hemo/lib/python3.10/site-packages/toxinpred3/python_scripts/toxinpred3.py:211: SettingWithCopyWarning: 
A value is trying to be set on a copy of a slice from a DataFrame

See the caveats in the documentation: https://pandas.pydata.org/pandas-docs/stable/user_guide/indexing.html#returning-a-view-versus-a-copy
  df2.replace(to_replace=r' $', value='', regex=True,inplace=True)
127.0.0.1 - - [26/Jul/2026 06:01:51] "POST /score HTTP/1.1" 200 -
/home/praghuram23/miniconda3/envs/toxin_hemo/lib/python3.10/site-packages/sklearn/base.py:439: UserWarning: X does not have valid feature names, but ExtraTreesClassifier was fitted with feature names
  warnings.warn(

This is the MERCI (Motif - EmeRging and with Classes - Identification) motif locator program.

   * Loading hierarchy NONE
   * Reading data
       input file Sequence_1 read -> 256 sequences found
   * Motif locations written to merci_p.txt

This is the MERCI (Motif - EmeRging and with Classes - Identification) motif locator program.

   * Loading hierarchy NONE
   * Reading data
       input file Sequence_1 read -> 256 sequences found
   * Motif locations written to merci_n.txt
/home/praghuram23/miniconda3/envs/toxin_hemo/lib/python3.10/site-packages/toxinpred3/python_scripts/toxinpred3.py:209: SettingWithCopyWarning: 
A value is trying to be set on a copy of a slice from a DataFrame

See the caveats in the documentation: https://pandas.pydata.org/pandas-docs/stable/user_guide/indexing.html#returning-a-view-versus-a-copy
  df2.replace(to_replace=r"\)", value='', regex=True, inplace=True)
/home/praghuram23/miniconda3/envs/toxin_hemo/lib/python3.10/site-packages/toxinpred3/python_scripts/toxinpred3.py:210: SettingWithCopyWarning: 
A value is trying to be set on a copy of a slice from a DataFrame

See the caveats in the documentation: https://pandas.pydata.org/pandas-docs/stable/user_guide/indexing.html#returning-a-view-versus-a-copy
  df2.replace(to_replace=r'motifs match', value='', regex=True, inplace=True)
/home/praghuram23/miniconda3/envs/toxin_hemo/lib/python3.10/site-packages/toxinpred3/python_scripts/toxinpred3.py:211: SettingWithCopyWarning: 
A value is trying to be set on a copy of a slice from a DataFrame

See the caveats in the documentation: https://pandas.pydata.org/pandas-docs/stable/user_guide/indexing.html#returning-a-view-versus-a-copy
  df2.replace(to_replace=r' $', value='', regex=True,inplace=True)
127.0.0.1 - - [26/Jul/2026 06:02:20] "POST /score HTTP/1.1" 200 -
/home/praghuram23/miniconda3/envs/toxin_hemo/lib/python3.10/site-packages/sklearn/base.py:439: UserWarning: X does not have valid feature names, but ExtraTreesClassifier was fitted with feature names
  warnings.warn(

This is the MERCI (Motif - EmeRging and with Classes - Identification) motif locator program.

   * Loading hierarchy NONE
   * Reading data
       input file Sequence_1 read -> 256 sequences found
   * Motif locations written to merci_p.txt

This is the MERCI (Motif - EmeRging and with Classes - Identification) motif locator program.

   * Loading hierarchy NONE
   * Reading data
       input file Sequence_1 read -> 256 sequences found
   * Motif locations written to merci_n.txt
/home/praghuram23/miniconda3/envs/toxin_hemo/lib/python3.10/site-packages/toxinpred3/python_scripts/toxinpred3.py:209: SettingWithCopyWarning: 
A value is trying to be set on a copy of a slice from a DataFrame

See the caveats in the documentation: https://pandas.pydata.org/pandas-docs/stable/user_guide/indexing.html#returning-a-view-versus-a-copy
  df2.replace(to_replace=r"\)", value='', regex=True, inplace=True)
/home/praghuram23/miniconda3/envs/toxin_hemo/lib/python3.10/site-packages/toxinpred3/python_scripts/toxinpred3.py:210: SettingWithCopyWarning: 
A value is trying to be set on a copy of a slice from a DataFrame

See the caveats in the documentation: https://pandas.pydata.org/pandas-docs/stable/user_guide/indexing.html#returning-a-view-versus-a-copy
  df2.replace(to_replace=r'motifs match', value='', regex=True, inplace=True)
/home/praghuram23/miniconda3/envs/toxin_hemo/lib/python3.10/site-packages/toxinpred3/python_scripts/toxinpred3.py:211: SettingWithCopyWarning: 
A value is trying to be set on a copy of a slice from a DataFrame

See the caveats in the documentation: https://pandas.pydata.org/pandas-docs/stable/user_guide/indexing.html#returning-a-view-versus-a-copy
  df2.replace(to_replace=r' $', value='', regex=True,inplace=True)
127.0.0.1 - - [26/Jul/2026 06:02:48] "POST /score HTTP/1.1" 200 -
/home/praghuram23/miniconda3/envs/toxin_hemo/lib/python3.10/site-packages/sklearn/base.py:439: UserWarning: X does not have valid feature names, but ExtraTreesClassifier was fitted with feature names
  warnings.warn(

This is the MERCI (Motif - EmeRging and with Classes - Identification) motif locator program.

   * Loading hierarchy NONE
   * Reading data
       input file Sequence_1 read -> 256 sequences found
   * Motif locations written to merci_p.txt

This is the MERCI (Motif - EmeRging and with Classes - Identification) motif locator program.

   * Loading hierarchy NONE
   * Reading data
       input file Sequence_1 read -> 256 sequences found
   * Motif locations written to merci_n.txt
/home/praghuram23/miniconda3/envs/toxin_hemo/lib/python3.10/site-packages/toxinpred3/python_scripts/toxinpred3.py:142: SettingWithCopyWarning: 
A value is trying to be set on a copy of a slice from a DataFrame

See the caveats in the documentation: https://pandas.pydata.org/pandas-docs/stable/user_guide/indexing.html#returning-a-view-versus-a-copy
  df2.replace(to_replace=r"\)", value='', regex=True, inplace=True)
/home/praghuram23/miniconda3/envs/toxin_hemo/lib/python3.10/site-packages/toxinpred3/python_scripts/toxinpred3.py:143: SettingWithCopyWarning: 
A value is trying to be set on a copy of a slice from a DataFrame

See the caveats in the documentation: https://pandas.pydata.org/pandas-docs/stable/user_guide/indexing.html#returning-a-view-versus-a-copy
  df2.replace(to_replace=r'motifs match', value='', regex=True, inplace=True)
/home/praghuram23/miniconda3/envs/toxin_hemo/lib/python3.10/site-packages/toxinpred3/python_scripts/toxinpred3.py:144: SettingWithCopyWarning: 
A value is trying to be set on a copy of a slice from a DataFrame

See the caveats in the documentation: https://pandas.pydata.org/pandas-docs/stable/user_guide/indexing.html#returning-a-view-versus-a-copy
  df2.replace(to_replace=r' $', value='', regex=True,inplace=True)
/home/praghuram23/miniconda3/envs/toxin_hemo/lib/python3.10/site-packages/toxinpred3/python_scripts/toxinpred3.py:209: SettingWithCopyWarning: 
A value is trying to be set on a copy of a slice from a DataFrame

See the caveats in the documentation: https://pandas.pydata.org/pandas-docs/stable/user_guide/indexing.html#returning-a-view-versus-a-copy
  df2.replace(to_replace=r"\)", value='', regex=True, inplace=True)
/home/praghuram23/miniconda3/envs/toxin_hemo/lib/python3.10/site-packages/toxinpred3/python_scripts/toxinpred3.py:210: SettingWithCopyWarning: 
A value is trying to be set on a copy of a slice from a DataFrame

See the caveats in the documentation: https://pandas.pydata.org/pandas-docs/stable/user_guide/indexing.html#returning-a-view-versus-a-copy
  df2.replace(to_replace=r'motifs match', value='', regex=True, inplace=True)
/home/praghuram23/miniconda3/envs/toxin_hemo/lib/python3.10/site-packages/toxinpred3/python_scripts/toxinpred3.py:211: SettingWithCopyWarning: 
A value is trying to be set on a copy of a slice from a DataFrame

See the caveats in the documentation: https://pandas.pydata.org/pandas-docs/stable/user_guide/indexing.html#returning-a-view-versus-a-copy
  df2.replace(to_replace=r' $', value='', regex=True,inplace=True)
127.0.0.1 - - [26/Jul/2026 06:03:15] "POST /score HTTP/1.1" 200 -
/home/praghuram23/miniconda3/envs/toxin_hemo/lib/python3.10/site-packages/sklearn/base.py:439: UserWarning: X does not have valid feature names, but ExtraTreesClassifier was fitted with feature names
  warnings.warn(

This is the MERCI (Motif - EmeRging and with Classes - Identification) motif locator program.

   * Loading hierarchy NONE
   * Reading data
       input file Sequence_1 read -> 256 sequences found
   * Motif locations written to merci_p.txt

This is the MERCI (Motif - EmeRging and with Classes - Identification) motif locator program.

   * Loading hierarchy NONE
   * Reading data
       input file Sequence_1 read -> 256 sequences found
   * Motif locations written to merci_n.txt
/home/praghuram23/miniconda3/envs/toxin_hemo/lib/python3.10/site-packages/toxinpred3/python_scripts/toxinpred3.py:209: SettingWithCopyWarning: 
A value is trying to be set on a copy of a slice from a DataFrame

See the caveats in the documentation: https://pandas.pydata.org/pandas-docs/stable/user_guide/indexing.html#returning-a-view-versus-a-copy
  df2.replace(to_replace=r"\)", value='', regex=True, inplace=True)
/home/praghuram23/miniconda3/envs/toxin_hemo/lib/python3.10/site-packages/toxinpred3/python_scripts/toxinpred3.py:210: SettingWithCopyWarning: 
A value is trying to be set on a copy of a slice from a DataFrame

See the caveats in the documentation: https://pandas.pydata.org/pandas-docs/stable/user_guide/indexing.html#returning-a-view-versus-a-copy
  df2.replace(to_replace=r'motifs match', value='', regex=True, inplace=True)
/home/praghuram23/miniconda3/envs/toxin_hemo/lib/python3.10/site-packages/toxinpred3/python_scripts/toxinpred3.py:211: SettingWithCopyWarning: 
A value is trying to be set on a copy of a slice from a DataFrame

See the caveats in the documentation: https://pandas.pydata.org/pandas-docs/stable/user_guide/indexing.html#returning-a-view-versus-a-copy
  df2.replace(to_replace=r' $', value='', regex=True,inplace=True)
127.0.0.1 - - [26/Jul/2026 06:03:43] "POST /score HTTP/1.1" 200 -
/home/praghuram23/miniconda3/envs/toxin_hemo/lib/python3.10/site-packages/sklearn/base.py:439: UserWarning: X does not have valid feature names, but ExtraTreesClassifier was fitted with feature names
  warnings.warn(

This is the MERCI (Motif - EmeRging and with Classes - Identification) motif locator program.

   * Loading hierarchy NONE
   * Reading data
       input file Sequence_1 read -> 256 sequences found
   * Motif locations written to merci_p.txt

This is the MERCI (Motif - EmeRging and with Classes - Identification) motif locator program.

   * Loading hierarchy NONE
   * Reading data
       input file Sequence_1 read -> 256 sequences found
   * Motif locations written to merci_n.txt
/home/praghuram23/miniconda3/envs/toxin_hemo/lib/python3.10/site-packages/toxinpred3/python_scripts/toxinpred3.py:209: SettingWithCopyWarning: 
A value is trying to be set on a copy of a slice from a DataFrame

See the caveats in the documentation: https://pandas.pydata.org/pandas-docs/stable/user_guide/indexing.html#returning-a-view-versus-a-copy
  df2.replace(to_replace=r"\)", value='', regex=True, inplace=True)
/home/praghuram23/miniconda3/envs/toxin_hemo/lib/python3.10/site-packages/toxinpred3/python_scripts/toxinpred3.py:210: SettingWithCopyWarning: 
A value is trying to be set on a copy of a slice from a DataFrame

See the caveats in the documentation: https://pandas.pydata.org/pandas-docs/stable/user_guide/indexing.html#returning-a-view-versus-a-copy
  df2.replace(to_replace=r'motifs match', value='', regex=True, inplace=True)
/home/praghuram23/miniconda3/envs/toxin_hemo/lib/python3.10/site-packages/toxinpred3/python_scripts/toxinpred3.py:211: SettingWithCopyWarning: 
A value is trying to be set on a copy of a slice from a DataFrame

See the caveats in the documentation: https://pandas.pydata.org/pandas-docs/stable/user_guide/indexing.html#returning-a-view-versus-a-copy
  df2.replace(to_replace=r' $', value='', regex=True,inplace=True)
127.0.0.1 - - [26/Jul/2026 06:04:11] "POST /score HTTP/1.1" 200 -
/home/praghuram23/miniconda3/envs/toxin_hemo/lib/python3.10/site-packages/sklearn/base.py:439: UserWarning: X does not have valid feature names, but ExtraTreesClassifier was fitted with feature names
  warnings.warn(

This is the MERCI (Motif - EmeRging and with Classes - Identification) motif locator program.

   * Loading hierarchy NONE
   * Reading data
       input file Sequence_1 read -> 200 sequences found
   * Motif locations written to merci_p.txt

This is the MERCI (Motif - EmeRging and with Classes - Identification) motif locator program.

   * Loading hierarchy NONE
   * Reading data
       input file Sequence_1 read -> 200 sequences found
   * Motif locations written to merci_n.txt
/home/praghuram23/miniconda3/envs/toxin_hemo/lib/python3.10/site-packages/toxinpred3/python_scripts/toxinpred3.py:142: SettingWithCopyWarning: 
A value is trying to be set on a copy of a slice from a DataFrame

See the caveats in the documentation: https://pandas.pydata.org/pandas-docs/stable/user_guide/indexing.html#returning-a-view-versus-a-copy
  df2.replace(to_replace=r"\)", value='', regex=True, inplace=True)
/home/praghuram23/miniconda3/envs/toxin_hemo/lib/python3.10/site-packages/toxinpred3/python_scripts/toxinpred3.py:143: SettingWithCopyWarning: 
A value is trying to be set on a copy of a slice from a DataFrame

See the caveats in the documentation: https://pandas.pydata.org/pandas-docs/stable/user_guide/indexing.html#returning-a-view-versus-a-copy
  df2.replace(to_replace=r'motifs match', value='', regex=True, inplace=True)
/home/praghuram23/miniconda3/envs/toxin_hemo/lib/python3.10/site-packages/toxinpred3/python_scripts/toxinpred3.py:144: SettingWithCopyWarning: 
A value is trying to be set on a copy of a slice from a DataFrame

See the caveats in the documentation: https://pandas.pydata.org/pandas-docs/stable/user_guide/indexing.html#returning-a-view-versus-a-copy
  df2.replace(to_replace=r' $', value='', regex=True,inplace=True)
/home/praghuram23/miniconda3/envs/toxin_hemo/lib/python3.10/site-packages/toxinpred3/python_scripts/toxinpred3.py:209: SettingWithCopyWarning: 
A value is trying to be set on a copy of a slice from a DataFrame

See the caveats in the documentation: https://pandas.pydata.org/pandas-docs/stable/user_guide/indexing.html#returning-a-view-versus-a-copy
  df2.replace(to_replace=r"\)", value='', regex=True, inplace=True)
/home/praghuram23/miniconda3/envs/toxin_hemo/lib/python3.10/site-packages/toxinpred3/python_scripts/toxinpred3.py:210: SettingWithCopyWarning: 
A value is trying to be set on a copy of a slice from a DataFrame

See the caveats in the documentation: https://pandas.pydata.org/pandas-docs/stable/user_guide/indexing.html#returning-a-view-versus-a-copy
  df2.replace(to_replace=r'motifs match', value='', regex=True, inplace=True)
/home/praghuram23/miniconda3/envs/toxin_hemo/lib/python3.10/site-packages/toxinpred3/python_scripts/toxinpred3.py:211: SettingWithCopyWarning: 
A value is trying to be set on a copy of a slice from a DataFrame

See the caveats in the documentation: https://pandas.pydata.org/pandas-docs/stable/user_guide/indexing.html#returning-a-view-versus-a-copy
  df2.replace(to_replace=r' $', value='', regex=True,inplace=True)
127.0.0.1 - - [26/Jul/2026 06:06:37] "POST /score HTTP/1.1" 200 -
/home/praghuram23/miniconda3/envs/toxin_hemo/lib/python3.10/site-packages/sklearn/base.py:439: UserWarning: X does not have valid feature names, but ExtraTreesClassifier was fitted with feature names
  warnings.warn(

This is the MERCI (Motif - EmeRging and with Classes - Identification) motif locator program.

   * Loading hierarchy NONE
   * Reading data
       input file Sequence_1 read -> 200 sequences found
   * Motif locations written to merci_p.txt

This is the MERCI (Motif - EmeRging and with Classes - Identification) motif locator program.

   * Loading hierarchy NONE
   * Reading data
       input file Sequence_1 read -> 200 sequences found
   * Motif locations written to merci_n.txt
/home/praghuram23/miniconda3/envs/toxin_hemo/lib/python3.10/site-packages/toxinpred3/python_scripts/toxinpred3.py:209: SettingWithCopyWarning: 
A value is trying to be set on a copy of a slice from a DataFrame

See the caveats in the documentation: https://pandas.pydata.org/pandas-docs/stable/user_guide/indexing.html#returning-a-view-versus-a-copy
  df2.replace(to_replace=r"\)", value='', regex=True, inplace=True)
/home/praghuram23/miniconda3/envs/toxin_hemo/lib/python3.10/site-packages/toxinpred3/python_scripts/toxinpred3.py:210: SettingWithCopyWarning: 
A value is trying to be set on a copy of a slice from a DataFrame

See the caveats in the documentation: https://pandas.pydata.org/pandas-docs/stable/user_guide/indexing.html#returning-a-view-versus-a-copy
  df2.replace(to_replace=r'motifs match', value='', regex=True, inplace=True)
/home/praghuram23/miniconda3/envs/toxin_hemo/lib/python3.10/site-packages/toxinpred3/python_scripts/toxinpred3.py:211: SettingWithCopyWarning: 
A value is trying to be set on a copy of a slice from a DataFrame

See the caveats in the documentation: https://pandas.pydata.org/pandas-docs/stable/user_guide/indexing.html#returning-a-view-versus-a-copy
  df2.replace(to_replace=r' $', value='', regex=True,inplace=True)
127.0.0.1 - - [26/Jul/2026 06:07:10] "POST /score HTTP/1.1" 200 -
/home/praghuram23/miniconda3/envs/toxin_hemo/lib/python3.10/site-packages/sklearn/base.py:439: UserWarning: X does not have valid feature names, but ExtraTreesClassifier was fitted with feature names
  warnings.warn(

This is the MERCI (Motif - EmeRging and with Classes - Identification) motif locator program.

   * Loading hierarchy NONE
   * Reading data
       input file Sequence_1 read -> 200 sequences found
   * Motif locations written to merci_p.txt

This is the MERCI (Motif - EmeRging and with Classes - Identification) motif locator program.

   * Loading hierarchy NONE
   * Reading data
       input file Sequence_1 read -> 200 sequences found
   * Motif locations written to merci_n.txt
/home/praghuram23/miniconda3/envs/toxin_hemo/lib/python3.10/site-packages/toxinpred3/python_scripts/toxinpred3.py:142: SettingWithCopyWarning: 
A value is trying to be set on a copy of a slice from a DataFrame

See the caveats in the documentation: https://pandas.pydata.org/pandas-docs/stable/user_guide/indexing.html#returning-a-view-versus-a-copy
  df2.replace(to_replace=r"\)", value='', regex=True, inplace=True)
/home/praghuram23/miniconda3/envs/toxin_hemo/lib/python3.10/site-packages/toxinpred3/python_scripts/toxinpred3.py:143: SettingWithCopyWarning: 
A value is trying to be set on a copy of a slice from a DataFrame

See the caveats in the documentation: https://pandas.pydata.org/pandas-docs/stable/user_guide/indexing.html#returning-a-view-versus-a-copy
  df2.replace(to_replace=r'motifs match', value='', regex=True, inplace=True)
/home/praghuram23/miniconda3/envs/toxin_hemo/lib/python3.10/site-packages/toxinpred3/python_scripts/toxinpred3.py:144: SettingWithCopyWarning: 
A value is trying to be set on a copy of a slice from a DataFrame

See the caveats in the documentation: https://pandas.pydata.org/pandas-docs/stable/user_guide/indexing.html#returning-a-view-versus-a-copy
  df2.replace(to_replace=r' $', value='', regex=True,inplace=True)
/home/praghuram23/miniconda3/envs/toxin_hemo/lib/python3.10/site-packages/toxinpred3/python_scripts/toxinpred3.py:209: SettingWithCopyWarning: 
A value is trying to be set on a copy of a slice from a DataFrame

See the caveats in the documentation: https://pandas.pydata.org/pandas-docs/stable/user_guide/indexing.html#returning-a-view-versus-a-copy
  df2.replace(to_replace=r"\)", value='', regex=True, inplace=True)
/home/praghuram23/miniconda3/envs/toxin_hemo/lib/python3.10/site-packages/toxinpred3/python_scripts/toxinpred3.py:210: SettingWithCopyWarning: 
A value is trying to be set on a copy of a slice from a DataFrame

See the caveats in the documentation: https://pandas.pydata.org/pandas-docs/stable/user_guide/indexing.html#returning-a-view-versus-a-copy
  df2.replace(to_replace=r'motifs match', value='', regex=True, inplace=True)
/home/praghuram23/miniconda3/envs/toxin_hemo/lib/python3.10/site-packages/toxinpred3/python_scripts/toxinpred3.py:211: SettingWithCopyWarning: 
A value is trying to be set on a copy of a slice from a DataFrame

See the caveats in the documentation: https://pandas.pydata.org/pandas-docs/stable/user_guide/indexing.html#returning-a-view-versus-a-copy
  df2.replace(to_replace=r' $', value='', regex=True,inplace=True)
127.0.0.1 - - [26/Jul/2026 06:07:43] "POST /score HTTP/1.1" 200 -
/home/praghuram23/miniconda3/envs/toxin_hemo/lib/python3.10/site-packages/sklearn/base.py:439: UserWarning: X does not have valid feature names, but ExtraTreesClassifier was fitted with feature names
  warnings.warn(

This is the MERCI (Motif - EmeRging and with Classes - Identification) motif locator program.

   * Loading hierarchy NONE
   * Reading data
       input file Sequence_1 read -> 200 sequences found
   * Motif locations written to merci_p.txt

This is the MERCI (Motif - EmeRging and with Classes - Identification) motif locator program.

   * Loading hierarchy NONE
   * Reading data
       input file Sequence_1 read -> 200 sequences found
   * Motif locations written to merci_n.txt
/home/praghuram23/miniconda3/envs/toxin_hemo/lib/python3.10/site-packages/toxinpred3/python_scripts/toxinpred3.py:209: SettingWithCopyWarning: 
A value is trying to be set on a copy of a slice from a DataFrame

See the caveats in the documentation: https://pandas.pydata.org/pandas-docs/stable/user_guide/indexing.html#returning-a-view-versus-a-copy
  df2.replace(to_replace=r"\)", value='', regex=True, inplace=True)
/home/praghuram23/miniconda3/envs/toxin_hemo/lib/python3.10/site-packages/toxinpred3/python_scripts/toxinpred3.py:210: SettingWithCopyWarning: 
A value is trying to be set on a copy of a slice from a DataFrame

See the caveats in the documentation: https://pandas.pydata.org/pandas-docs/stable/user_guide/indexing.html#returning-a-view-versus-a-copy
  df2.replace(to_replace=r'motifs match', value='', regex=True, inplace=True)
/home/praghuram23/miniconda3/envs/toxin_hemo/lib/python3.10/site-packages/toxinpred3/python_scripts/toxinpred3.py:211: SettingWithCopyWarning: 
A value is trying to be set on a copy of a slice from a DataFrame

See the caveats in the documentation: https://pandas.pydata.org/pandas-docs/stable/user_guide/indexing.html#returning-a-view-versus-a-copy
  df2.replace(to_replace=r' $', value='', regex=True,inplace=True)
127.0.0.1 - - [26/Jul/2026 06:08:17] "POST /score HTTP/1.1" 200 -
/home/praghuram23/miniconda3/envs/toxin_hemo/lib/python3.10/site-packages/sklearn/base.py:439: UserWarning: X does not have valid feature names, but ExtraTreesClassifier was fitted with feature names
  warnings.warn(

This is the MERCI (Motif - EmeRging and with Classes - Identification) motif locator program.

   * Loading hierarchy NONE
   * Reading data
       input file Sequence_1 read -> 200 sequences found
   * Motif locations written to merci_p.txt

This is the MERCI (Motif - EmeRging and with Classes - Identification) motif locator program.

   * Loading hierarchy NONE
   * Reading data
       input file Sequence_1 read -> 200 sequences found
   * Motif locations written to merci_n.txt
/home/praghuram23/miniconda3/envs/toxin_hemo/lib/python3.10/site-packages/toxinpred3/python_scripts/toxinpred3.py:209: SettingWithCopyWarning: 
A value is trying to be set on a copy of a slice from a DataFrame

See the caveats in the documentation: https://pandas.pydata.org/pandas-docs/stable/user_guide/indexing.html#returning-a-view-versus-a-copy
  df2.replace(to_replace=r"\)", value='', regex=True, inplace=True)
/home/praghuram23/miniconda3/envs/toxin_hemo/lib/python3.10/site-packages/toxinpred3/python_scripts/toxinpred3.py:210: SettingWithCopyWarning: 
A value is trying to be set on a copy of a slice from a DataFrame

See the caveats in the documentation: https://pandas.pydata.org/pandas-docs/stable/user_guide/indexing.html#returning-a-view-versus-a-copy
  df2.replace(to_replace=r'motifs match', value='', regex=True, inplace=True)
/home/praghuram23/miniconda3/envs/toxin_hemo/lib/python3.10/site-packages/toxinpred3/python_scripts/toxinpred3.py:211: SettingWithCopyWarning: 
A value is trying to be set on a copy of a slice from a DataFrame

See the caveats in the documentation: https://pandas.pydata.org/pandas-docs/stable/user_guide/indexing.html#returning-a-view-versus-a-copy
  df2.replace(to_replace=r' $', value='', regex=True,inplace=True)
127.0.0.1 - - [26/Jul/2026 06:08:52] "POST /score HTTP/1.1" 200 -
/home/praghuram23/miniconda3/envs/toxin_hemo/lib/python3.10/site-packages/sklearn/base.py:439: UserWarning: X does not have valid feature names, but ExtraTreesClassifier was fitted with feature names
  warnings.warn(

This is the MERCI (Motif - EmeRging and with Classes - Identification) motif locator program.

   * Loading hierarchy NONE
   * Reading data
       input file Sequence_1 read -> 200 sequences found
   * Motif locations written to merci_p.txt

This is the MERCI (Motif - EmeRging and with Classes - Identification) motif locator program.

   * Loading hierarchy NONE
   * Reading data
       input file Sequence_1 read -> 200 sequences found
   * Motif locations written to merci_n.txt
/home/praghuram23/miniconda3/envs/toxin_hemo/lib/python3.10/site-packages/toxinpred3/python_scripts/toxinpred3.py:209: SettingWithCopyWarning: 
A value is trying to be set on a copy of a slice from a DataFrame

See the caveats in the documentation: https://pandas.pydata.org/pandas-docs/stable/user_guide/indexing.html#returning-a-view-versus-a-copy
  df2.replace(to_replace=r"\)", value='', regex=True, inplace=True)
/home/praghuram23/miniconda3/envs/toxin_hemo/lib/python3.10/site-packages/toxinpred3/python_scripts/toxinpred3.py:210: SettingWithCopyWarning: 
A value is trying to be set on a copy of a slice from a DataFrame

See the caveats in the documentation: https://pandas.pydata.org/pandas-docs/stable/user_guide/indexing.html#returning-a-view-versus-a-copy
  df2.replace(to_replace=r'motifs match', value='', regex=True, inplace=True)
/home/praghuram23/miniconda3/envs/toxin_hemo/lib/python3.10/site-packages/toxinpred3/python_scripts/toxinpred3.py:211: SettingWithCopyWarning: 
A value is trying to be set on a copy of a slice from a DataFrame

See the caveats in the documentation: https://pandas.pydata.org/pandas-docs/stable/user_guide/indexing.html#returning-a-view-versus-a-copy
  df2.replace(to_replace=r' $', value='', regex=True,inplace=True)
127.0.0.1 - - [26/Jul/2026 06:09:18] "POST /score HTTP/1.1" 200 -
/home/praghuram23/miniconda3/envs/toxin_hemo/lib/python3.10/site-packages/sklearn/base.py:439: UserWarning: X does not have valid feature names, but ExtraTreesClassifier was fitted with feature names
  warnings.warn(

This is the MERCI (Motif - EmeRging and with Classes - Identification) motif locator program.

   * Loading hierarchy NONE
   * Reading data
       input file Sequence_1 read -> 200 sequences found
   * Motif locations written to merci_p.txt

This is the MERCI (Motif - EmeRging and with Classes - Identification) motif locator program.

   * Loading hierarchy NONE
   * Reading data
       input file Sequence_1 read -> 200 sequences found
   * Motif locations written to merci_n.txt
/home/praghuram23/miniconda3/envs/toxin_hemo/lib/python3.10/site-packages/toxinpred3/python_scripts/toxinpred3.py:142: SettingWithCopyWarning: 
A value is trying to be set on a copy of a slice from a DataFrame

See the caveats in the documentation: https://pandas.pydata.org/pandas-docs/stable/user_guide/indexing.html#returning-a-view-versus-a-copy
  df2.replace(to_replace=r"\)", value='', regex=True, inplace=True)
/home/praghuram23/miniconda3/envs/toxin_hemo/lib/python3.10/site-packages/toxinpred3/python_scripts/toxinpred3.py:143: SettingWithCopyWarning: 
A value is trying to be set on a copy of a slice from a DataFrame

See the caveats in the documentation: https://pandas.pydata.org/pandas-docs/stable/user_guide/indexing.html#returning-a-view-versus-a-copy
  df2.replace(to_replace=r'motifs match', value='', regex=True, inplace=True)
/home/praghuram23/miniconda3/envs/toxin_hemo/lib/python3.10/site-packages/toxinpred3/python_scripts/toxinpred3.py:144: SettingWithCopyWarning: 
A value is trying to be set on a copy of a slice from a DataFrame

See the caveats in the documentation: https://pandas.pydata.org/pandas-docs/stable/user_guide/indexing.html#returning-a-view-versus-a-copy
  df2.replace(to_replace=r' $', value='', regex=True,inplace=True)
/home/praghuram23/miniconda3/envs/toxin_hemo/lib/python3.10/site-packages/toxinpred3/python_scripts/toxinpred3.py:209: SettingWithCopyWarning: 
A value is trying to be set on a copy of a slice from a DataFrame

See the caveats in the documentation: https://pandas.pydata.org/pandas-docs/stable/user_guide/indexing.html#returning-a-view-versus-a-copy
  df2.replace(to_replace=r"\)", value='', regex=True, inplace=True)
/home/praghuram23/miniconda3/envs/toxin_hemo/lib/python3.10/site-packages/toxinpred3/python_scripts/toxinpred3.py:210: SettingWithCopyWarning: 
A value is trying to be set on a copy of a slice from a DataFrame

See the caveats in the documentation: https://pandas.pydata.org/pandas-docs/stable/user_guide/indexing.html#returning-a-view-versus-a-copy
  df2.replace(to_replace=r'motifs match', value='', regex=True, inplace=True)
/home/praghuram23/miniconda3/envs/toxin_hemo/lib/python3.10/site-packages/toxinpred3/python_scripts/toxinpred3.py:211: SettingWithCopyWarning: 
A value is trying to be set on a copy of a slice from a DataFrame

See the caveats in the documentation: https://pandas.pydata.org/pandas-docs/stable/user_guide/indexing.html#returning-a-view-versus-a-copy
  df2.replace(to_replace=r' $', value='', regex=True,inplace=True)
127.0.0.1 - - [26/Jul/2026 06:09:25] "POST /score HTTP/1.1" 200 -
/home/praghuram23/miniconda3/envs/toxin_hemo/lib/python3.10/site-packages/sklearn/base.py:439: UserWarning: X does not have valid feature names, but ExtraTreesClassifier was fitted with feature names
  warnings.warn(

This is the MERCI (Motif - EmeRging and with Classes - Identification) motif locator program.

   * Loading hierarchy NONE
   * Reading data
       input file Sequence_1 read -> 200 sequences found
   * Motif locations written to merci_p.txt

This is the MERCI (Motif - EmeRging and with Classes - Identification) motif locator program.

   * Loading hierarchy NONE
   * Reading data
       input file Sequence_1 read -> 200 sequences found
   * Motif locations written to merci_n.txt
/home/praghuram23/miniconda3/envs/toxin_hemo/lib/python3.10/site-packages/toxinpred3/python_scripts/toxinpred3.py:142: SettingWithCopyWarning: 
A value is trying to be set on a copy of a slice from a DataFrame

See the caveats in the documentation: https://pandas.pydata.org/pandas-docs/stable/user_guide/indexing.html#returning-a-view-versus-a-copy
  df2.replace(to_replace=r"\)", value='', regex=True, inplace=True)
/home/praghuram23/miniconda3/envs/toxin_hemo/lib/python3.10/site-packages/toxinpred3/python_scripts/toxinpred3.py:143: SettingWithCopyWarning: 
A value is trying to be set on a copy of a slice from a DataFrame

See the caveats in the documentation: https://pandas.pydata.org/pandas-docs/stable/user_guide/indexing.html#returning-a-view-versus-a-copy
  df2.replace(to_replace=r'motifs match', value='', regex=True, inplace=True)
/home/praghuram23/miniconda3/envs/toxin_hemo/lib/python3.10/site-packages/toxinpred3/python_scripts/toxinpred3.py:144: SettingWithCopyWarning: 
A value is trying to be set on a copy of a slice from a DataFrame

See the caveats in the documentation: https://pandas.pydata.org/pandas-docs/stable/user_guide/indexing.html#returning-a-view-versus-a-copy
  df2.replace(to_replace=r' $', value='', regex=True,inplace=True)
/home/praghuram23/miniconda3/envs/toxin_hemo/lib/python3.10/site-packages/toxinpred3/python_scripts/toxinpred3.py:209: SettingWithCopyWarning: 
A value is trying to be set on a copy of a slice from a DataFrame

See the caveats in the documentation: https://pandas.pydata.org/pandas-docs/stable/user_guide/indexing.html#returning-a-view-versus-a-copy
  df2.replace(to_replace=r"\)", value='', regex=True, inplace=True)
/home/praghuram23/miniconda3/envs/toxin_hemo/lib/python3.10/site-packages/toxinpred3/python_scripts/toxinpred3.py:210: SettingWithCopyWarning: 
A value is trying to be set on a copy of a slice from a DataFrame

See the caveats in the documentation: https://pandas.pydata.org/pandas-docs/stable/user_guide/indexing.html#returning-a-view-versus-a-copy
  df2.replace(to_replace=r'motifs match', value='', regex=True, inplace=True)
/home/praghuram23/miniconda3/envs/toxin_hemo/lib/python3.10/site-packages/toxinpred3/python_scripts/toxinpred3.py:211: SettingWithCopyWarning: 
A value is trying to be set on a copy of a slice from a DataFrame

See the caveats in the documentation: https://pandas.pydata.org/pandas-docs/stable/user_guide/indexing.html#returning-a-view-versus-a-copy
  df2.replace(to_replace=r' $', value='', regex=True,inplace=True)
127.0.0.1 - - [26/Jul/2026 06:09:33] "POST /score HTTP/1.1" 200 -
/home/praghuram23/miniconda3/envs/toxin_hemo/lib/python3.10/site-packages/sklearn/base.py:439: UserWarning: X does not have valid feature names, but ExtraTreesClassifier was fitted with feature names
  warnings.warn(

This is the MERCI (Motif - EmeRging and with Classes - Identification) motif locator program.

   * Loading hierarchy NONE
   * Reading data
       input file Sequence_1 read -> 200 sequences found
   * Motif locations written to merci_p.txt

This is the MERCI (Motif - EmeRging and with Classes - Identification) motif locator program.

   * Loading hierarchy NONE
   * Reading data
       input file Sequence_1 read -> 200 sequences found
   * Motif locations written to merci_n.txt
/home/praghuram23/miniconda3/envs/toxin_hemo/lib/python3.10/site-packages/toxinpred3/python_scripts/toxinpred3.py:209: SettingWithCopyWarning: 
A value is trying to be set on a copy of a slice from a DataFrame

See the caveats in the documentation: https://pandas.pydata.org/pandas-docs/stable/user_guide/indexing.html#returning-a-view-versus-a-copy
  df2.replace(to_replace=r"\)", value='', regex=True, inplace=True)
/home/praghuram23/miniconda3/envs/toxin_hemo/lib/python3.10/site-packages/toxinpred3/python_scripts/toxinpred3.py:210: SettingWithCopyWarning: 
A value is trying to be set on a copy of a slice from a DataFrame

See the caveats in the documentation: https://pandas.pydata.org/pandas-docs/stable/user_guide/indexing.html#returning-a-view-versus-a-copy
  df2.replace(to_replace=r'motifs match', value='', regex=True, inplace=True)
/home/praghuram23/miniconda3/envs/toxin_hemo/lib/python3.10/site-packages/toxinpred3/python_scripts/toxinpred3.py:211: SettingWithCopyWarning: 
A value is trying to be set on a copy of a slice from a DataFrame

See the caveats in the documentation: https://pandas.pydata.org/pandas-docs/stable/user_guide/indexing.html#returning-a-view-versus-a-copy
  df2.replace(to_replace=r' $', value='', regex=True,inplace=True)
127.0.0.1 - - [26/Jul/2026 06:09:41] "POST /score HTTP/1.1" 200 -
/home/praghuram23/miniconda3/envs/toxin_hemo/lib/python3.10/site-packages/sklearn/base.py:439: UserWarning: X does not have valid feature names, but ExtraTreesClassifier was fitted with feature names
  warnings.warn(

This is the MERCI (Motif - EmeRging and with Classes - Identification) motif locator program.

   * Loading hierarchy NONE
   * Reading data
       input file Sequence_1 read -> 200 sequences found
   * Motif locations written to merci_p.txt

This is the MERCI (Motif - EmeRging and with Classes - Identification) motif locator program.

   * Loading hierarchy NONE
   * Reading data
       input file Sequence_1 read -> 200 sequences found
   * Motif locations written to merci_n.txt
/home/praghuram23/miniconda3/envs/toxin_hemo/lib/python3.10/site-packages/toxinpred3/python_scripts/toxinpred3.py:209: SettingWithCopyWarning: 
A value is trying to be set on a copy of a slice from a DataFrame

See the caveats in the documentation: https://pandas.pydata.org/pandas-docs/stable/user_guide/indexing.html#returning-a-view-versus-a-copy
  df2.replace(to_replace=r"\)", value='', regex=True, inplace=True)
/home/praghuram23/miniconda3/envs/toxin_hemo/lib/python3.10/site-packages/toxinpred3/python_scripts/toxinpred3.py:210: SettingWithCopyWarning: 
A value is trying to be set on a copy of a slice from a DataFrame

See the caveats in the documentation: https://pandas.pydata.org/pandas-docs/stable/user_guide/indexing.html#returning-a-view-versus-a-copy
  df2.replace(to_replace=r'motifs match', value='', regex=True, inplace=True)
/home/praghuram23/miniconda3/envs/toxin_hemo/lib/python3.10/site-packages/toxinpred3/python_scripts/toxinpred3.py:211: SettingWithCopyWarning: 
A value is trying to be set on a copy of a slice from a DataFrame

See the caveats in the documentation: https://pandas.pydata.org/pandas-docs/stable/user_guide/indexing.html#returning-a-view-versus-a-copy
  df2.replace(to_replace=r' $', value='', regex=True,inplace=True)
127.0.0.1 - - [26/Jul/2026 06:09:48] "POST /score HTTP/1.1" 200 -
/home/praghuram23/miniconda3/envs/toxin_hemo/lib/python3.10/site-packages/sklearn/base.py:439: UserWarning: X does not have valid feature names, but ExtraTreesClassifier was fitted with feature names
  warnings.warn(

This is the MERCI (Motif - EmeRging and with Classes - Identification) motif locator program.

   * Loading hierarchy NONE
   * Reading data
       input file Sequence_1 read -> 200 sequences found
   * Motif locations written to merci_p.txt

This is the MERCI (Motif - EmeRging and with Classes - Identification) motif locator program.

   * Loading hierarchy NONE
   * Reading data
       input file Sequence_1 read -> 200 sequences found
   * Motif locations written to merci_n.txt
/home/praghuram23/miniconda3/envs/toxin_hemo/lib/python3.10/site-packages/toxinpred3/python_scripts/toxinpred3.py:142: SettingWithCopyWarning: 
A value is trying to be set on a copy of a slice from a DataFrame

See the caveats in the documentation: https://pandas.pydata.org/pandas-docs/stable/user_guide/indexing.html#returning-a-view-versus-a-copy
  df2.replace(to_replace=r"\)", value='', regex=True, inplace=True)
/home/praghuram23/miniconda3/envs/toxin_hemo/lib/python3.10/site-packages/toxinpred3/python_scripts/toxinpred3.py:143: SettingWithCopyWarning: 
A value is trying to be set on a copy of a slice from a DataFrame

See the caveats in the documentation: https://pandas.pydata.org/pandas-docs/stable/user_guide/indexing.html#returning-a-view-versus-a-copy
  df2.replace(to_replace=r'motifs match', value='', regex=True, inplace=True)
/home/praghuram23/miniconda3/envs/toxin_hemo/lib/python3.10/site-packages/toxinpred3/python_scripts/toxinpred3.py:144: SettingWithCopyWarning: 
A value is trying to be set on a copy of a slice from a DataFrame

See the caveats in the documentation: https://pandas.pydata.org/pandas-docs/stable/user_guide/indexing.html#returning-a-view-versus-a-copy
  df2.replace(to_replace=r' $', value='', regex=True,inplace=True)
/home/praghuram23/miniconda3/envs/toxin_hemo/lib/python3.10/site-packages/toxinpred3/python_scripts/toxinpred3.py:209: SettingWithCopyWarning: 
A value is trying to be set on a copy of a slice from a DataFrame

See the caveats in the documentation: https://pandas.pydata.org/pandas-docs/stable/user_guide/indexing.html#returning-a-view-versus-a-copy
  df2.replace(to_replace=r"\)", value='', regex=True, inplace=True)
/home/praghuram23/miniconda3/envs/toxin_hemo/lib/python3.10/site-packages/toxinpred3/python_scripts/toxinpred3.py:210: SettingWithCopyWarning: 
A value is trying to be set on a copy of a slice from a DataFrame

See the caveats in the documentation: https://pandas.pydata.org/pandas-docs/stable/user_guide/indexing.html#returning-a-view-versus-a-copy
  df2.replace(to_replace=r'motifs match', value='', regex=True, inplace=True)
/home/praghuram23/miniconda3/envs/toxin_hemo/lib/python3.10/site-packages/toxinpred3/python_scripts/toxinpred3.py:211: SettingWithCopyWarning: 
A value is trying to be set on a copy of a slice from a DataFrame

See the caveats in the documentation: https://pandas.pydata.org/pandas-docs/stable/user_guide/indexing.html#returning-a-view-versus-a-copy
  df2.replace(to_replace=r' $', value='', regex=True,inplace=True)
127.0.0.1 - - [26/Jul/2026 06:09:56] "POST /score HTTP/1.1" 200 -
/home/praghuram23/miniconda3/envs/toxin_hemo/lib/python3.10/site-packages/sklearn/base.py:439: UserWarning: X does not have valid feature names, but ExtraTreesClassifier was fitted with feature names
  warnings.warn(

This is the MERCI (Motif - EmeRging and with Classes - Identification) motif locator program.

   * Loading hierarchy NONE
   * Reading data
       input file Sequence_1 read -> 200 sequences found
   * Motif locations written to merci_p.txt

This is the MERCI (Motif - EmeRging and with Classes - Identification) motif locator program.

   * Loading hierarchy NONE
   * Reading data
       input file Sequence_1 read -> 200 sequences found
   * Motif locations written to merci_n.txt
/home/praghuram23/miniconda3/envs/toxin_hemo/lib/python3.10/site-packages/toxinpred3/python_scripts/toxinpred3.py:209: SettingWithCopyWarning: 
A value is trying to be set on a copy of a slice from a DataFrame

See the caveats in the documentation: https://pandas.pydata.org/pandas-docs/stable/user_guide/indexing.html#returning-a-view-versus-a-copy
  df2.replace(to_replace=r"\)", value='', regex=True, inplace=True)
/home/praghuram23/miniconda3/envs/toxin_hemo/lib/python3.10/site-packages/toxinpred3/python_scripts/toxinpred3.py:210: SettingWithCopyWarning: 
A value is trying to be set on a copy of a slice from a DataFrame

See the caveats in the documentation: https://pandas.pydata.org/pandas-docs/stable/user_guide/indexing.html#returning-a-view-versus-a-copy
  df2.replace(to_replace=r'motifs match', value='', regex=True, inplace=True)
/home/praghuram23/miniconda3/envs/toxin_hemo/lib/python3.10/site-packages/toxinpred3/python_scripts/toxinpred3.py:211: SettingWithCopyWarning: 
A value is trying to be set on a copy of a slice from a DataFrame

See the caveats in the documentation: https://pandas.pydata.org/pandas-docs/stable/user_guide/indexing.html#returning-a-view-versus-a-copy
  df2.replace(to_replace=r' $', value='', regex=True,inplace=True)
127.0.0.1 - - [26/Jul/2026 06:10:04] "POST /score HTTP/1.1" 200 -
/home/praghuram23/miniconda3/envs/toxin_hemo/lib/python3.10/site-packages/sklearn/base.py:439: UserWarning: X does not have valid feature names, but ExtraTreesClassifier was fitted with feature names
  warnings.warn(

This is the MERCI (Motif - EmeRging and with Classes - Identification) motif locator program.

   * Loading hierarchy NONE
   * Reading data
       input file Sequence_1 read -> 200 sequences found
   * Motif locations written to merci_p.txt

This is the MERCI (Motif - EmeRging and with Classes - Identification) motif locator program.

   * Loading hierarchy NONE
   * Reading data
       input file Sequence_1 read -> 200 sequences found
   * Motif locations written to merci_n.txt
/home/praghuram23/miniconda3/envs/toxin_hemo/lib/python3.10/site-packages/toxinpred3/python_scripts/toxinpred3.py:142: SettingWithCopyWarning: 
A value is trying to be set on a copy of a slice from a DataFrame

See the caveats in the documentation: https://pandas.pydata.org/pandas-docs/stable/user_guide/indexing.html#returning-a-view-versus-a-copy
  df2.replace(to_replace=r"\)", value='', regex=True, inplace=True)
/home/praghuram23/miniconda3/envs/toxin_hemo/lib/python3.10/site-packages/toxinpred3/python_scripts/toxinpred3.py:143: SettingWithCopyWarning: 
A value is trying to be set on a copy of a slice from a DataFrame

See the caveats in the documentation: https://pandas.pydata.org/pandas-docs/stable/user_guide/indexing.html#returning-a-view-versus-a-copy
  df2.replace(to_replace=r'motifs match', value='', regex=True, inplace=True)
/home/praghuram23/miniconda3/envs/toxin_hemo/lib/python3.10/site-packages/toxinpred3/python_scripts/toxinpred3.py:144: SettingWithCopyWarning: 
A value is trying to be set on a copy of a slice from a DataFrame

See the caveats in the documentation: https://pandas.pydata.org/pandas-docs/stable/user_guide/indexing.html#returning-a-view-versus-a-copy
  df2.replace(to_replace=r' $', value='', regex=True,inplace=True)
/home/praghuram23/miniconda3/envs/toxin_hemo/lib/python3.10/site-packages/toxinpred3/python_scripts/toxinpred3.py:209: SettingWithCopyWarning: 
A value is trying to be set on a copy of a slice from a DataFrame

See the caveats in the documentation: https://pandas.pydata.org/pandas-docs/stable/user_guide/indexing.html#returning-a-view-versus-a-copy
  df2.replace(to_replace=r"\)", value='', regex=True, inplace=True)
/home/praghuram23/miniconda3/envs/toxin_hemo/lib/python3.10/site-packages/toxinpred3/python_scripts/toxinpred3.py:210: SettingWithCopyWarning: 
A value is trying to be set on a copy of a slice from a DataFrame

See the caveats in the documentation: https://pandas.pydata.org/pandas-docs/stable/user_guide/indexing.html#returning-a-view-versus-a-copy
  df2.replace(to_replace=r'motifs match', value='', regex=True, inplace=True)
/home/praghuram23/miniconda3/envs/toxin_hemo/lib/python3.10/site-packages/toxinpred3/python_scripts/toxinpred3.py:211: SettingWithCopyWarning: 
A value is trying to be set on a copy of a slice from a DataFrame

See the caveats in the documentation: https://pandas.pydata.org/pandas-docs/stable/user_guide/indexing.html#returning-a-view-versus-a-copy
  df2.replace(to_replace=r' $', value='', regex=True,inplace=True)
127.0.0.1 - - [26/Jul/2026 06:10:11] "POST /score HTTP/1.1" 200 -
/home/praghuram23/miniconda3/envs/toxin_hemo/lib/python3.10/site-packages/sklearn/base.py:439: UserWarning: X does not have valid feature names, but ExtraTreesClassifier was fitted with feature names
  warnings.warn(

This is the MERCI (Motif - EmeRging and with Classes - Identification) motif locator program.

   * Loading hierarchy NONE
   * Reading data
       input file Sequence_1 read -> 200 sequences found
   * Motif locations written to merci_p.txt

This is the MERCI (Motif - EmeRging and with Classes - Identification) motif locator program.

   * Loading hierarchy NONE
   * Reading data
       input file Sequence_1 read -> 200 sequences found
   * Motif locations written to merci_n.txt
/home/praghuram23/miniconda3/envs/toxin_hemo/lib/python3.10/site-packages/toxinpred3/python_scripts/toxinpred3.py:209: SettingWithCopyWarning: 
A value is trying to be set on a copy of a slice from a DataFrame

See the caveats in the documentation: https://pandas.pydata.org/pandas-docs/stable/user_guide/indexing.html#returning-a-view-versus-a-copy
  df2.replace(to_replace=r"\)", value='', regex=True, inplace=True)
/home/praghuram23/miniconda3/envs/toxin_hemo/lib/python3.10/site-packages/toxinpred3/python_scripts/toxinpred3.py:210: SettingWithCopyWarning: 
A value is trying to be set on a copy of a slice from a DataFrame

See the caveats in the documentation: https://pandas.pydata.org/pandas-docs/stable/user_guide/indexing.html#returning-a-view-versus-a-copy
  df2.replace(to_replace=r'motifs match', value='', regex=True, inplace=True)
/home/praghuram23/miniconda3/envs/toxin_hemo/lib/python3.10/site-packages/toxinpred3/python_scripts/toxinpred3.py:211: SettingWithCopyWarning: 
A value is trying to be set on a copy of a slice from a DataFrame

See the caveats in the documentation: https://pandas.pydata.org/pandas-docs/stable/user_guide/indexing.html#returning-a-view-versus-a-copy
  df2.replace(to_replace=r' $', value='', regex=True,inplace=True)
127.0.0.1 - - [26/Jul/2026 06:10:19] "POST /score HTTP/1.1" 200 -
/home/praghuram23/miniconda3/envs/toxin_hemo/lib/python3.10/site-packages/sklearn/base.py:439: UserWarning: X does not have valid feature names, but ExtraTreesClassifier was fitted with feature names
  warnings.warn(

This is the MERCI (Motif - EmeRging and with Classes - Identification) motif locator program.

   * Loading hierarchy NONE
   * Reading data
       input file Sequence_1 read -> 200 sequences found
   * Motif locations written to merci_p.txt

This is the MERCI (Motif - EmeRging and with Classes - Identification) motif locator program.

   * Loading hierarchy NONE
   * Reading data
       input file Sequence_1 read -> 200 sequences found
   * Motif locations written to merci_n.txt
/home/praghuram23/miniconda3/envs/toxin_hemo/lib/python3.10/site-packages/toxinpred3/python_scripts/toxinpred3.py:209: SettingWithCopyWarning: 
A value is trying to be set on a copy of a slice from a DataFrame

See the caveats in the documentation: https://pandas.pydata.org/pandas-docs/stable/user_guide/indexing.html#returning-a-view-versus-a-copy
  df2.replace(to_replace=r"\)", value='', regex=True, inplace=True)
/home/praghuram23/miniconda3/envs/toxin_hemo/lib/python3.10/site-packages/toxinpred3/python_scripts/toxinpred3.py:210: SettingWithCopyWarning: 
A value is trying to be set on a copy of a slice from a DataFrame

See the caveats in the documentation: https://pandas.pydata.org/pandas-docs/stable/user_guide/indexing.html#returning-a-view-versus-a-copy
  df2.replace(to_replace=r'motifs match', value='', regex=True, inplace=True)
/home/praghuram23/miniconda3/envs/toxin_hemo/lib/python3.10/site-packages/toxinpred3/python_scripts/toxinpred3.py:211: SettingWithCopyWarning: 
A value is trying to be set on a copy of a slice from a DataFrame

See the caveats in the documentation: https://pandas.pydata.org/pandas-docs/stable/user_guide/indexing.html#returning-a-view-versus-a-copy
  df2.replace(to_replace=r' $', value='', regex=True,inplace=True)
127.0.0.1 - - [26/Jul/2026 06:10:27] "POST /score HTTP/1.1" 200 -
/home/praghuram23/miniconda3/envs/toxin_hemo/lib/python3.10/site-packages/sklearn/base.py:439: UserWarning: X does not have valid feature names, but ExtraTreesClassifier was fitted with feature names
  warnings.warn(

This is the MERCI (Motif - EmeRging and with Classes - Identification) motif locator program.

   * Loading hierarchy NONE
   * Reading data
       input file Sequence_1 read -> 200 sequences found
   * Motif locations written to merci_p.txt

This is the MERCI (Motif - EmeRging and with Classes - Identification) motif locator program.

   * Loading hierarchy NONE
   * Reading data
       input file Sequence_1 read -> 200 sequences found
   * Motif locations written to merci_n.txt
/home/praghuram23/miniconda3/envs/toxin_hemo/lib/python3.10/site-packages/toxinpred3/python_scripts/toxinpred3.py:209: SettingWithCopyWarning: 
A value is trying to be set on a copy of a slice from a DataFrame

See the caveats in the documentation: https://pandas.pydata.org/pandas-docs/stable/user_guide/indexing.html#returning-a-view-versus-a-copy
  df2.replace(to_replace=r"\)", value='', regex=True, inplace=True)
/home/praghuram23/miniconda3/envs/toxin_hemo/lib/python3.10/site-packages/toxinpred3/python_scripts/toxinpred3.py:210: SettingWithCopyWarning: 
A value is trying to be set on a copy of a slice from a DataFrame

See the caveats in the documentation: https://pandas.pydata.org/pandas-docs/stable/user_guide/indexing.html#returning-a-view-versus-a-copy
  df2.replace(to_replace=r'motifs match', value='', regex=True, inplace=True)
/home/praghuram23/miniconda3/envs/toxin_hemo/lib/python3.10/site-packages/toxinpred3/python_scripts/toxinpred3.py:211: SettingWithCopyWarning: 
A value is trying to be set on a copy of a slice from a DataFrame

See the caveats in the documentation: https://pandas.pydata.org/pandas-docs/stable/user_guide/indexing.html#returning-a-view-versus-a-copy
  df2.replace(to_replace=r' $', value='', regex=True,inplace=True)
127.0.0.1 - - [26/Jul/2026 06:10:34] "POST /score HTTP/1.1" 200 -
/home/praghuram23/miniconda3/envs/toxin_hemo/lib/python3.10/site-packages/sklearn/base.py:439: UserWarning: X does not have valid feature names, but ExtraTreesClassifier was fitted with feature names
  warnings.warn(

This is the MERCI (Motif - EmeRging and with Classes - Identification) motif locator program.

   * Loading hierarchy NONE
   * Reading data
       input file Sequence_1 read -> 200 sequences found
   * Motif locations written to merci_p.txt

This is the MERCI (Motif - EmeRging and with Classes - Identification) motif locator program.

   * Loading hierarchy NONE
   * Reading data
       input file Sequence_1 read -> 200 sequences found
   * Motif locations written to merci_n.txt
/home/praghuram23/miniconda3/envs/toxin_hemo/lib/python3.10/site-packages/toxinpred3/python_scripts/toxinpred3.py:209: SettingWithCopyWarning: 
A value is trying to be set on a copy of a slice from a DataFrame

See the caveats in the documentation: https://pandas.pydata.org/pandas-docs/stable/user_guide/indexing.html#returning-a-view-versus-a-copy
  df2.replace(to_replace=r"\)", value='', regex=True, inplace=True)
/home/praghuram23/miniconda3/envs/toxin_hemo/lib/python3.10/site-packages/toxinpred3/python_scripts/toxinpred3.py:210: SettingWithCopyWarning: 
A value is trying to be set on a copy of a slice from a DataFrame

See the caveats in the documentation: https://pandas.pydata.org/pandas-docs/stable/user_guide/indexing.html#returning-a-view-versus-a-copy
  df2.replace(to_replace=r'motifs match', value='', regex=True, inplace=True)
/home/praghuram23/miniconda3/envs/toxin_hemo/lib/python3.10/site-packages/toxinpred3/python_scripts/toxinpred3.py:211: SettingWithCopyWarning: 
A value is trying to be set on a copy of a slice from a DataFrame

See the caveats in the documentation: https://pandas.pydata.org/pandas-docs/stable/user_guide/indexing.html#returning-a-view-versus-a-copy
  df2.replace(to_replace=r' $', value='', regex=True,inplace=True)
127.0.0.1 - - [26/Jul/2026 06:10:42] "POST /score HTTP/1.1" 200 -
/home/praghuram23/miniconda3/envs/toxin_hemo/lib/python3.10/site-packages/sklearn/base.py:439: UserWarning: X does not have valid feature names, but ExtraTreesClassifier was fitted with feature names
  warnings.warn(

This is the MERCI (Motif - EmeRging and with Classes - Identification) motif locator program.

   * Loading hierarchy NONE
   * Reading data
       input file Sequence_1 read -> 200 sequences found
   * Motif locations written to merci_p.txt

This is the MERCI (Motif - EmeRging and with Classes - Identification) motif locator program.

   * Loading hierarchy NONE
   * Reading data
       input file Sequence_1 read -> 200 sequences found
   * Motif locations written to merci_n.txt
/home/praghuram23/miniconda3/envs/toxin_hemo/lib/python3.10/site-packages/toxinpred3/python_scripts/toxinpred3.py:142: SettingWithCopyWarning: 
A value is trying to be set on a copy of a slice from a DataFrame

See the caveats in the documentation: https://pandas.pydata.org/pandas-docs/stable/user_guide/indexing.html#returning-a-view-versus-a-copy
  df2.replace(to_replace=r"\)", value='', regex=True, inplace=True)
/home/praghuram23/miniconda3/envs/toxin_hemo/lib/python3.10/site-packages/toxinpred3/python_scripts/toxinpred3.py:143: SettingWithCopyWarning: 
A value is trying to be set on a copy of a slice from a DataFrame

See the caveats in the documentation: https://pandas.pydata.org/pandas-docs/stable/user_guide/indexing.html#returning-a-view-versus-a-copy
  df2.replace(to_replace=r'motifs match', value='', regex=True, inplace=True)
/home/praghuram23/miniconda3/envs/toxin_hemo/lib/python3.10/site-packages/toxinpred3/python_scripts/toxinpred3.py:144: SettingWithCopyWarning: 
A value is trying to be set on a copy of a slice from a DataFrame

See the caveats in the documentation: https://pandas.pydata.org/pandas-docs/stable/user_guide/indexing.html#returning-a-view-versus-a-copy
  df2.replace(to_replace=r' $', value='', regex=True,inplace=True)
/home/praghuram23/miniconda3/envs/toxin_hemo/lib/python3.10/site-packages/toxinpred3/python_scripts/toxinpred3.py:209: SettingWithCopyWarning: 
A value is trying to be set on a copy of a slice from a DataFrame

See the caveats in the documentation: https://pandas.pydata.org/pandas-docs/stable/user_guide/indexing.html#returning-a-view-versus-a-copy
  df2.replace(to_replace=r"\)", value='', regex=True, inplace=True)
/home/praghuram23/miniconda3/envs/toxin_hemo/lib/python3.10/site-packages/toxinpred3/python_scripts/toxinpred3.py:210: SettingWithCopyWarning: 
A value is trying to be set on a copy of a slice from a DataFrame

See the caveats in the documentation: https://pandas.pydata.org/pandas-docs/stable/user_guide/indexing.html#returning-a-view-versus-a-copy
  df2.replace(to_replace=r'motifs match', value='', regex=True, inplace=True)
/home/praghuram23/miniconda3/envs/toxin_hemo/lib/python3.10/site-packages/toxinpred3/python_scripts/toxinpred3.py:211: SettingWithCopyWarning: 
A value is trying to be set on a copy of a slice from a DataFrame

See the caveats in the documentation: https://pandas.pydata.org/pandas-docs/stable/user_guide/indexing.html#returning-a-view-versus-a-copy
  df2.replace(to_replace=r' $', value='', regex=True,inplace=True)
127.0.0.1 - - [26/Jul/2026 06:10:50] "POST /score HTTP/1.1" 200 -
/home/praghuram23/miniconda3/envs/toxin_hemo/lib/python3.10/site-packages/sklearn/base.py:439: UserWarning: X does not have valid feature names, but ExtraTreesClassifier was fitted with feature names
  warnings.warn(

This is the MERCI (Motif - EmeRging and with Classes - Identification) motif locator program.

   * Loading hierarchy NONE
   * Reading data
       input file Sequence_1 read -> 200 sequences found
   * Motif locations written to merci_p.txt

This is the MERCI (Motif - EmeRging and with Classes - Identification) motif locator program.

   * Loading hierarchy NONE
   * Reading data
       input file Sequence_1 read -> 200 sequences found
   * Motif locations written to merci_n.txt
/home/praghuram23/miniconda3/envs/toxin_hemo/lib/python3.10/site-packages/toxinpred3/python_scripts/toxinpred3.py:142: SettingWithCopyWarning: 
A value is trying to be set on a copy of a slice from a DataFrame

See the caveats in the documentation: https://pandas.pydata.org/pandas-docs/stable/user_guide/indexing.html#returning-a-view-versus-a-copy
  df2.replace(to_replace=r"\)", value='', regex=True, inplace=True)
/home/praghuram23/miniconda3/envs/toxin_hemo/lib/python3.10/site-packages/toxinpred3/python_scripts/toxinpred3.py:143: SettingWithCopyWarning: 
A value is trying to be set on a copy of a slice from a DataFrame

See the caveats in the documentation: https://pandas.pydata.org/pandas-docs/stable/user_guide/indexing.html#returning-a-view-versus-a-copy
  df2.replace(to_replace=r'motifs match', value='', regex=True, inplace=True)
/home/praghuram23/miniconda3/envs/toxin_hemo/lib/python3.10/site-packages/toxinpred3/python_scripts/toxinpred3.py:144: SettingWithCopyWarning: 
A value is trying to be set on a copy of a slice from a DataFrame

See the caveats in the documentation: https://pandas.pydata.org/pandas-docs/stable/user_guide/indexing.html#returning-a-view-versus-a-copy
  df2.replace(to_replace=r' $', value='', regex=True,inplace=True)
/home/praghuram23/miniconda3/envs/toxin_hemo/lib/python3.10/site-packages/toxinpred3/python_scripts/toxinpred3.py:209: SettingWithCopyWarning: 
A value is trying to be set on a copy of a slice from a DataFrame

See the caveats in the documentation: https://pandas.pydata.org/pandas-docs/stable/user_guide/indexing.html#returning-a-view-versus-a-copy
  df2.replace(to_replace=r"\)", value='', regex=True, inplace=True)
/home/praghuram23/miniconda3/envs/toxin_hemo/lib/python3.10/site-packages/toxinpred3/python_scripts/toxinpred3.py:210: SettingWithCopyWarning: 
A value is trying to be set on a copy of a slice from a DataFrame

See the caveats in the documentation: https://pandas.pydata.org/pandas-docs/stable/user_guide/indexing.html#returning-a-view-versus-a-copy
  df2.replace(to_replace=r'motifs match', value='', regex=True, inplace=True)
/home/praghuram23/miniconda3/envs/toxin_hemo/lib/python3.10/site-packages/toxinpred3/python_scripts/toxinpred3.py:211: SettingWithCopyWarning: 
A value is trying to be set on a copy of a slice from a DataFrame

See the caveats in the documentation: https://pandas.pydata.org/pandas-docs/stable/user_guide/indexing.html#returning-a-view-versus-a-copy
  df2.replace(to_replace=r' $', value='', regex=True,inplace=True)
127.0.0.1 - - [26/Jul/2026 06:10:57] "POST /score HTTP/1.1" 200 -
/home/praghuram23/miniconda3/envs/toxin_hemo/lib/python3.10/site-packages/sklearn/base.py:439: UserWarning: X does not have valid feature names, but ExtraTreesClassifier was fitted with feature names
  warnings.warn(

This is the MERCI (Motif - EmeRging and with Classes - Identification) motif locator program.

   * Loading hierarchy NONE
   * Reading data
       input file Sequence_1 read -> 200 sequences found
   * Motif locations written to merci_p.txt

This is the MERCI (Motif - EmeRging and with Classes - Identification) motif locator program.

   * Loading hierarchy NONE
   * Reading data
       input file Sequence_1 read -> 200 sequences found
   * Motif locations written to merci_n.txt
/home/praghuram23/miniconda3/envs/toxin_hemo/lib/python3.10/site-packages/toxinpred3/python_scripts/toxinpred3.py:209: SettingWithCopyWarning: 
A value is trying to be set on a copy of a slice from a DataFrame

See the caveats in the documentation: https://pandas.pydata.org/pandas-docs/stable/user_guide/indexing.html#returning-a-view-versus-a-copy
  df2.replace(to_replace=r"\)", value='', regex=True, inplace=True)
/home/praghuram23/miniconda3/envs/toxin_hemo/lib/python3.10/site-packages/toxinpred3/python_scripts/toxinpred3.py:210: SettingWithCopyWarning: 
A value is trying to be set on a copy of a slice from a DataFrame

See the caveats in the documentation: https://pandas.pydata.org/pandas-docs/stable/user_guide/indexing.html#returning-a-view-versus-a-copy
  df2.replace(to_replace=r'motifs match', value='', regex=True, inplace=True)
/home/praghuram23/miniconda3/envs/toxin_hemo/lib/python3.10/site-packages/toxinpred3/python_scripts/toxinpred3.py:211: SettingWithCopyWarning: 
A value is trying to be set on a copy of a slice from a DataFrame

See the caveats in the documentation: https://pandas.pydata.org/pandas-docs/stable/user_guide/indexing.html#returning-a-view-versus-a-copy
  df2.replace(to_replace=r' $', value='', regex=True,inplace=True)
127.0.0.1 - - [26/Jul/2026 06:11:05] "POST /score HTTP/1.1" 200 -
/home/praghuram23/miniconda3/envs/toxin_hemo/lib/python3.10/site-packages/sklearn/base.py:439: UserWarning: X does not have valid feature names, but ExtraTreesClassifier was fitted with feature names
  warnings.warn(

This is the MERCI (Motif - EmeRging and with Classes - Identification) motif locator program.

   * Loading hierarchy NONE
   * Reading data
       input file Sequence_1 read -> 200 sequences found
   * Motif locations written to merci_p.txt

This is the MERCI (Motif - EmeRging and with Classes - Identification) motif locator program.

   * Loading hierarchy NONE
   * Reading data
       input file Sequence_1 read -> 200 sequences found
   * Motif locations written to merci_n.txt
/home/praghuram23/miniconda3/envs/toxin_hemo/lib/python3.10/site-packages/toxinpred3/python_scripts/toxinpred3.py:209: SettingWithCopyWarning: 
A value is trying to be set on a copy of a slice from a DataFrame

See the caveats in the documentation: https://pandas.pydata.org/pandas-docs/stable/user_guide/indexing.html#returning-a-view-versus-a-copy
  df2.replace(to_replace=r"\)", value='', regex=True, inplace=True)
/home/praghuram23/miniconda3/envs/toxin_hemo/lib/python3.10/site-packages/toxinpred3/python_scripts/toxinpred3.py:210: SettingWithCopyWarning: 
A value is trying to be set on a copy of a slice from a DataFrame

See the caveats in the documentation: https://pandas.pydata.org/pandas-docs/stable/user_guide/indexing.html#returning-a-view-versus-a-copy
  df2.replace(to_replace=r'motifs match', value='', regex=True, inplace=True)
/home/praghuram23/miniconda3/envs/toxin_hemo/lib/python3.10/site-packages/toxinpred3/python_scripts/toxinpred3.py:211: SettingWithCopyWarning: 
A value is trying to be set on a copy of a slice from a DataFrame

See the caveats in the documentation: https://pandas.pydata.org/pandas-docs/stable/user_guide/indexing.html#returning-a-view-versus-a-copy
  df2.replace(to_replace=r' $', value='', regex=True,inplace=True)
127.0.0.1 - - [26/Jul/2026 06:11:12] "POST /score HTTP/1.1" 200 -
/home/praghuram23/miniconda3/envs/toxin_hemo/lib/python3.10/site-packages/sklearn/base.py:439: UserWarning: X does not have valid feature names, but ExtraTreesClassifier was fitted with feature names
  warnings.warn(

This is the MERCI (Motif - EmeRging and with Classes - Identification) motif locator program.

   * Loading hierarchy NONE
   * Reading data
       input file Sequence_1 read -> 200 sequences found
   * Motif locations written to merci_p.txt

This is the MERCI (Motif - EmeRging and with Classes - Identification) motif locator program.

   * Loading hierarchy NONE
   * Reading data
       input file Sequence_1 read -> 200 sequences found
   * Motif locations written to merci_n.txt
/home/praghuram23/miniconda3/envs/toxin_hemo/lib/python3.10/site-packages/toxinpred3/python_scripts/toxinpred3.py:209: SettingWithCopyWarning: 
A value is trying to be set on a copy of a slice from a DataFrame

See the caveats in the documentation: https://pandas.pydata.org/pandas-docs/stable/user_guide/indexing.html#returning-a-view-versus-a-copy
  df2.replace(to_replace=r"\)", value='', regex=True, inplace=True)
/home/praghuram23/miniconda3/envs/toxin_hemo/lib/python3.10/site-packages/toxinpred3/python_scripts/toxinpred3.py:210: SettingWithCopyWarning: 
A value is trying to be set on a copy of a slice from a DataFrame

See the caveats in the documentation: https://pandas.pydata.org/pandas-docs/stable/user_guide/indexing.html#returning-a-view-versus-a-copy
  df2.replace(to_replace=r'motifs match', value='', regex=True, inplace=True)
/home/praghuram23/miniconda3/envs/toxin_hemo/lib/python3.10/site-packages/toxinpred3/python_scripts/toxinpred3.py:211: SettingWithCopyWarning: 
A value is trying to be set on a copy of a slice from a DataFrame

See the caveats in the documentation: https://pandas.pydata.org/pandas-docs/stable/user_guide/indexing.html#returning-a-view-versus-a-copy
  df2.replace(to_replace=r' $', value='', regex=True,inplace=True)
127.0.0.1 - - [26/Jul/2026 06:11:20] "POST /score HTTP/1.1" 200 -
/home/praghuram23/miniconda3/envs/toxin_hemo/lib/python3.10/site-packages/sklearn/base.py:439: UserWarning: X does not have valid feature names, but ExtraTreesClassifier was fitted with feature names
  warnings.warn(

This is the MERCI (Motif - EmeRging and with Classes - Identification) motif locator program.

   * Loading hierarchy NONE
   * Reading data
       input file Sequence_1 read -> 200 sequences found
   * Motif locations written to merci_p.txt

This is the MERCI (Motif - EmeRging and with Classes - Identification) motif locator program.

   * Loading hierarchy NONE
   * Reading data
       input file Sequence_1 read -> 200 sequences found
   * Motif locations written to merci_n.txt
/home/praghuram23/miniconda3/envs/toxin_hemo/lib/python3.10/site-packages/toxinpred3/python_scripts/toxinpred3.py:142: SettingWithCopyWarning: 
A value is trying to be set on a copy of a slice from a DataFrame

See the caveats in the documentation: https://pandas.pydata.org/pandas-docs/stable/user_guide/indexing.html#returning-a-view-versus-a-copy
  df2.replace(to_replace=r"\)", value='', regex=True, inplace=True)
/home/praghuram23/miniconda3/envs/toxin_hemo/lib/python3.10/site-packages/toxinpred3/python_scripts/toxinpred3.py:143: SettingWithCopyWarning: 
A value is trying to be set on a copy of a slice from a DataFrame

See the caveats in the documentation: https://pandas.pydata.org/pandas-docs/stable/user_guide/indexing.html#returning-a-view-versus-a-copy
  df2.replace(to_replace=r'motifs match', value='', regex=True, inplace=True)
/home/praghuram23/miniconda3/envs/toxin_hemo/lib/python3.10/site-packages/toxinpred3/python_scripts/toxinpred3.py:144: SettingWithCopyWarning: 
A value is trying to be set on a copy of a slice from a DataFrame

See the caveats in the documentation: https://pandas.pydata.org/pandas-docs/stable/user_guide/indexing.html#returning-a-view-versus-a-copy
  df2.replace(to_replace=r' $', value='', regex=True,inplace=True)
/home/praghuram23/miniconda3/envs/toxin_hemo/lib/python3.10/site-packages/toxinpred3/python_scripts/toxinpred3.py:209: SettingWithCopyWarning: 
A value is trying to be set on a copy of a slice from a DataFrame

See the caveats in the documentation: https://pandas.pydata.org/pandas-docs/stable/user_guide/indexing.html#returning-a-view-versus-a-copy
  df2.replace(to_replace=r"\)", value='', regex=True, inplace=True)
/home/praghuram23/miniconda3/envs/toxin_hemo/lib/python3.10/site-packages/toxinpred3/python_scripts/toxinpred3.py:210: SettingWithCopyWarning: 
A value is trying to be set on a copy of a slice from a DataFrame

See the caveats in the documentation: https://pandas.pydata.org/pandas-docs/stable/user_guide/indexing.html#returning-a-view-versus-a-copy
  df2.replace(to_replace=r'motifs match', value='', regex=True, inplace=True)
/home/praghuram23/miniconda3/envs/toxin_hemo/lib/python3.10/site-packages/toxinpred3/python_scripts/toxinpred3.py:211: SettingWithCopyWarning: 
A value is trying to be set on a copy of a slice from a DataFrame

See the caveats in the documentation: https://pandas.pydata.org/pandas-docs/stable/user_guide/indexing.html#returning-a-view-versus-a-copy
  df2.replace(to_replace=r' $', value='', regex=True,inplace=True)
127.0.0.1 - - [26/Jul/2026 06:11:28] "POST /score HTTP/1.1" 200 -
/home/praghuram23/miniconda3/envs/toxin_hemo/lib/python3.10/site-packages/sklearn/base.py:439: UserWarning: X does not have valid feature names, but ExtraTreesClassifier was fitted with feature names
  warnings.warn(

This is the MERCI (Motif - EmeRging and with Classes - Identification) motif locator program.

   * Loading hierarchy NONE
   * Reading data
       input file Sequence_1 read -> 200 sequences found
   * Motif locations written to merci_p.txt

This is the MERCI (Motif - EmeRging and with Classes - Identification) motif locator program.

   * Loading hierarchy NONE
   * Reading data
       input file Sequence_1 read -> 200 sequences found
   * Motif locations written to merci_n.txt
/home/praghuram23/miniconda3/envs/toxin_hemo/lib/python3.10/site-packages/toxinpred3/python_scripts/toxinpred3.py:209: SettingWithCopyWarning: 
A value is trying to be set on a copy of a slice from a DataFrame

See the caveats in the documentation: https://pandas.pydata.org/pandas-docs/stable/user_guide/indexing.html#returning-a-view-versus-a-copy
  df2.replace(to_replace=r"\)", value='', regex=True, inplace=True)
/home/praghuram23/miniconda3/envs/toxin_hemo/lib/python3.10/site-packages/toxinpred3/python_scripts/toxinpred3.py:210: SettingWithCopyWarning: 
A value is trying to be set on a copy of a slice from a DataFrame

See the caveats in the documentation: https://pandas.pydata.org/pandas-docs/stable/user_guide/indexing.html#returning-a-view-versus-a-copy
  df2.replace(to_replace=r'motifs match', value='', regex=True, inplace=True)
/home/praghuram23/miniconda3/envs/toxin_hemo/lib/python3.10/site-packages/toxinpred3/python_scripts/toxinpred3.py:211: SettingWithCopyWarning: 
A value is trying to be set on a copy of a slice from a DataFrame

See the caveats in the documentation: https://pandas.pydata.org/pandas-docs/stable/user_guide/indexing.html#returning-a-view-versus-a-copy
  df2.replace(to_replace=r' $', value='', regex=True,inplace=True)
127.0.0.1 - - [26/Jul/2026 06:11:35] "POST /score HTTP/1.1" 200 -
/home/praghuram23/miniconda3/envs/toxin_hemo/lib/python3.10/site-packages/sklearn/base.py:439: UserWarning: X does not have valid feature names, but ExtraTreesClassifier was fitted with feature names
  warnings.warn(

This is the MERCI (Motif - EmeRging and with Classes - Identification) motif locator program.

   * Loading hierarchy NONE
   * Reading data
       input file Sequence_1 read -> 200 sequences found
   * Motif locations written to merci_p.txt

This is the MERCI (Motif - EmeRging and with Classes - Identification) motif locator program.

   * Loading hierarchy NONE
   * Reading data
       input file Sequence_1 read -> 200 sequences found
   * Motif locations written to merci_n.txt
/home/praghuram23/miniconda3/envs/toxin_hemo/lib/python3.10/site-packages/toxinpred3/python_scripts/toxinpred3.py:209: SettingWithCopyWarning: 
A value is trying to be set on a copy of a slice from a DataFrame

See the caveats in the documentation: https://pandas.pydata.org/pandas-docs/stable/user_guide/indexing.html#returning-a-view-versus-a-copy
  df2.replace(to_replace=r"\)", value='', regex=True, inplace=True)
/home/praghuram23/miniconda3/envs/toxin_hemo/lib/python3.10/site-packages/toxinpred3/python_scripts/toxinpred3.py:210: SettingWithCopyWarning: 
A value is trying to be set on a copy of a slice from a DataFrame

See the caveats in the documentation: https://pandas.pydata.org/pandas-docs/stable/user_guide/indexing.html#returning-a-view-versus-a-copy
  df2.replace(to_replace=r'motifs match', value='', regex=True, inplace=True)
/home/praghuram23/miniconda3/envs/toxin_hemo/lib/python3.10/site-packages/toxinpred3/python_scripts/toxinpred3.py:211: SettingWithCopyWarning: 
A value is trying to be set on a copy of a slice from a DataFrame

See the caveats in the documentation: https://pandas.pydata.org/pandas-docs/stable/user_guide/indexing.html#returning-a-view-versus-a-copy
  df2.replace(to_replace=r' $', value='', regex=True,inplace=True)
127.0.0.1 - - [26/Jul/2026 06:11:43] "POST /score HTTP/1.1" 200 -
/home/praghuram23/miniconda3/envs/toxin_hemo/lib/python3.10/site-packages/sklearn/base.py:439: UserWarning: X does not have valid feature names, but ExtraTreesClassifier was fitted with feature names
  warnings.warn(

This is the MERCI (Motif - EmeRging and with Classes - Identification) motif locator program.

   * Loading hierarchy NONE
   * Reading data
       input file Sequence_1 read -> 200 sequences found
   * Motif locations written to merci_p.txt

This is the MERCI (Motif - EmeRging and with Classes - Identification) motif locator program.

   * Loading hierarchy NONE
   * Reading data
       input file Sequence_1 read -> 200 sequences found
   * Motif locations written to merci_n.txt
/home/praghuram23/miniconda3/envs/toxin_hemo/lib/python3.10/site-packages/toxinpred3/python_scripts/toxinpred3.py:209: SettingWithCopyWarning: 
A value is trying to be set on a copy of a slice from a DataFrame

See the caveats in the documentation: https://pandas.pydata.org/pandas-docs/stable/user_guide/indexing.html#returning-a-view-versus-a-copy
  df2.replace(to_replace=r"\)", value='', regex=True, inplace=True)
/home/praghuram23/miniconda3/envs/toxin_hemo/lib/python3.10/site-packages/toxinpred3/python_scripts/toxinpred3.py:210: SettingWithCopyWarning: 
A value is trying to be set on a copy of a slice from a DataFrame

See the caveats in the documentation: https://pandas.pydata.org/pandas-docs/stable/user_guide/indexing.html#returning-a-view-versus-a-copy
  df2.replace(to_replace=r'motifs match', value='', regex=True, inplace=True)
/home/praghuram23/miniconda3/envs/toxin_hemo/lib/python3.10/site-packages/toxinpred3/python_scripts/toxinpred3.py:211: SettingWithCopyWarning: 
A value is trying to be set on a copy of a slice from a DataFrame

See the caveats in the documentation: https://pandas.pydata.org/pandas-docs/stable/user_guide/indexing.html#returning-a-view-versus-a-copy
  df2.replace(to_replace=r' $', value='', regex=True,inplace=True)
127.0.0.1 - - [26/Jul/2026 06:11:51] "POST /score HTTP/1.1" 200 -
/home/praghuram23/miniconda3/envs/toxin_hemo/lib/python3.10/site-packages/sklearn/base.py:439: UserWarning: X does not have valid feature names, but ExtraTreesClassifier was fitted with feature names
  warnings.warn(

This is the MERCI (Motif - EmeRging and with Classes - Identification) motif locator program.

   * Loading hierarchy NONE
   * Reading data
       input file Sequence_1 read -> 200 sequences found
   * Motif locations written to merci_p.txt

This is the MERCI (Motif - EmeRging and with Classes - Identification) motif locator program.

   * Loading hierarchy NONE
   * Reading data
       input file Sequence_1 read -> 200 sequences found
   * Motif locations written to merci_n.txt
/home/praghuram23/miniconda3/envs/toxin_hemo/lib/python3.10/site-packages/toxinpred3/python_scripts/toxinpred3.py:209: SettingWithCopyWarning: 
A value is trying to be set on a copy of a slice from a DataFrame

See the caveats in the documentation: https://pandas.pydata.org/pandas-docs/stable/user_guide/indexing.html#returning-a-view-versus-a-copy
  df2.replace(to_replace=r"\)", value='', regex=True, inplace=True)
/home/praghuram23/miniconda3/envs/toxin_hemo/lib/python3.10/site-packages/toxinpred3/python_scripts/toxinpred3.py:210: SettingWithCopyWarning: 
A value is trying to be set on a copy of a slice from a DataFrame

See the caveats in the documentation: https://pandas.pydata.org/pandas-docs/stable/user_guide/indexing.html#returning-a-view-versus-a-copy
  df2.replace(to_replace=r'motifs match', value='', regex=True, inplace=True)
/home/praghuram23/miniconda3/envs/toxin_hemo/lib/python3.10/site-packages/toxinpred3/python_scripts/toxinpred3.py:211: SettingWithCopyWarning: 
A value is trying to be set on a copy of a slice from a DataFrame

See the caveats in the documentation: https://pandas.pydata.org/pandas-docs/stable/user_guide/indexing.html#returning-a-view-versus-a-copy
  df2.replace(to_replace=r' $', value='', regex=True,inplace=True)
127.0.0.1 - - [26/Jul/2026 06:11:58] "POST /score HTTP/1.1" 200 -
/home/praghuram23/miniconda3/envs/toxin_hemo/lib/python3.10/site-packages/sklearn/base.py:439: UserWarning: X does not have valid feature names, but ExtraTreesClassifier was fitted with feature names
  warnings.warn(

This is the MERCI (Motif - EmeRging and with Classes - Identification) motif locator program.

   * Loading hierarchy NONE
   * Reading data
       input file Sequence_1 read -> 200 sequences found
   * Motif locations written to merci_p.txt

This is the MERCI (Motif - EmeRging and with Classes - Identification) motif locator program.

   * Loading hierarchy NONE
   * Reading data
       input file Sequence_1 read -> 200 sequences found
   * Motif locations written to merci_n.txt
/home/praghuram23/miniconda3/envs/toxin_hemo/lib/python3.10/site-packages/toxinpred3/python_scripts/toxinpred3.py:209: SettingWithCopyWarning: 
A value is trying to be set on a copy of a slice from a DataFrame

See the caveats in the documentation: https://pandas.pydata.org/pandas-docs/stable/user_guide/indexing.html#returning-a-view-versus-a-copy
  df2.replace(to_replace=r"\)", value='', regex=True, inplace=True)
/home/praghuram23/miniconda3/envs/toxin_hemo/lib/python3.10/site-packages/toxinpred3/python_scripts/toxinpred3.py:210: SettingWithCopyWarning: 
A value is trying to be set on a copy of a slice from a DataFrame

See the caveats in the documentation: https://pandas.pydata.org/pandas-docs/stable/user_guide/indexing.html#returning-a-view-versus-a-copy
  df2.replace(to_replace=r'motifs match', value='', regex=True, inplace=True)
/home/praghuram23/miniconda3/envs/toxin_hemo/lib/python3.10/site-packages/toxinpred3/python_scripts/toxinpred3.py:211: SettingWithCopyWarning: 
A value is trying to be set on a copy of a slice from a DataFrame

See the caveats in the documentation: https://pandas.pydata.org/pandas-docs/stable/user_guide/indexing.html#returning-a-view-versus-a-copy
  df2.replace(to_replace=r' $', value='', regex=True,inplace=True)
127.0.0.1 - - [26/Jul/2026 06:12:06] "POST /score HTTP/1.1" 200 -
/home/praghuram23/miniconda3/envs/toxin_hemo/lib/python3.10/site-packages/sklearn/base.py:439: UserWarning: X does not have valid feature names, but ExtraTreesClassifier was fitted with feature names
  warnings.warn(

This is the MERCI (Motif - EmeRging and with Classes - Identification) motif locator program.

   * Loading hierarchy NONE
   * Reading data
       input file Sequence_1 read -> 200 sequences found
   * Motif locations written to merci_p.txt

This is the MERCI (Motif - EmeRging and with Classes - Identification) motif locator program.

   * Loading hierarchy NONE
   * Reading data
       input file Sequence_1 read -> 200 sequences found
   * Motif locations written to merci_n.txt
/home/praghuram23/miniconda3/envs/toxin_hemo/lib/python3.10/site-packages/toxinpred3/python_scripts/toxinpred3.py:209: SettingWithCopyWarning: 
A value is trying to be set on a copy of a slice from a DataFrame

See the caveats in the documentation: https://pandas.pydata.org/pandas-docs/stable/user_guide/indexing.html#returning-a-view-versus-a-copy
  df2.replace(to_replace=r"\)", value='', regex=True, inplace=True)
/home/praghuram23/miniconda3/envs/toxin_hemo/lib/python3.10/site-packages/toxinpred3/python_scripts/toxinpred3.py:210: SettingWithCopyWarning: 
A value is trying to be set on a copy of a slice from a DataFrame

See the caveats in the documentation: https://pandas.pydata.org/pandas-docs/stable/user_guide/indexing.html#returning-a-view-versus-a-copy
  df2.replace(to_replace=r'motifs match', value='', regex=True, inplace=True)
/home/praghuram23/miniconda3/envs/toxin_hemo/lib/python3.10/site-packages/toxinpred3/python_scripts/toxinpred3.py:211: SettingWithCopyWarning: 
A value is trying to be set on a copy of a slice from a DataFrame

See the caveats in the documentation: https://pandas.pydata.org/pandas-docs/stable/user_guide/indexing.html#returning-a-view-versus-a-copy
  df2.replace(to_replace=r' $', value='', regex=True,inplace=True)
127.0.0.1 - - [26/Jul/2026 06:12:14] "POST /score HTTP/1.1" 200 -
/home/praghuram23/miniconda3/envs/toxin_hemo/lib/python3.10/site-packages/sklearn/base.py:439: UserWarning: X does not have valid feature names, but ExtraTreesClassifier was fitted with feature names
  warnings.warn(

This is the MERCI (Motif - EmeRging and with Classes - Identification) motif locator program.

   * Loading hierarchy NONE
   * Reading data
       input file Sequence_1 read -> 200 sequences found
   * Motif locations written to merci_p.txt

This is the MERCI (Motif - EmeRging and with Classes - Identification) motif locator program.

   * Loading hierarchy NONE
   * Reading data
       input file Sequence_1 read -> 200 sequences found
   * Motif locations written to merci_n.txt
/home/praghuram23/miniconda3/envs/toxin_hemo/lib/python3.10/site-packages/toxinpred3/python_scripts/toxinpred3.py:209: SettingWithCopyWarning: 
A value is trying to be set on a copy of a slice from a DataFrame

See the caveats in the documentation: https://pandas.pydata.org/pandas-docs/stable/user_guide/indexing.html#returning-a-view-versus-a-copy
  df2.replace(to_replace=r"\)", value='', regex=True, inplace=True)
/home/praghuram23/miniconda3/envs/toxin_hemo/lib/python3.10/site-packages/toxinpred3/python_scripts/toxinpred3.py:210: SettingWithCopyWarning: 
A value is trying to be set on a copy of a slice from a DataFrame

See the caveats in the documentation: https://pandas.pydata.org/pandas-docs/stable/user_guide/indexing.html#returning-a-view-versus-a-copy
  df2.replace(to_replace=r'motifs match', value='', regex=True, inplace=True)
/home/praghuram23/miniconda3/envs/toxin_hemo/lib/python3.10/site-packages/toxinpred3/python_scripts/toxinpred3.py:211: SettingWithCopyWarning: 
A value is trying to be set on a copy of a slice from a DataFrame

See the caveats in the documentation: https://pandas.pydata.org/pandas-docs/stable/user_guide/indexing.html#returning-a-view-versus-a-copy
  df2.replace(to_replace=r' $', value='', regex=True,inplace=True)
127.0.0.1 - - [26/Jul/2026 06:12:22] "POST /score HTTP/1.1" 200 -
/home/praghuram23/miniconda3/envs/toxin_hemo/lib/python3.10/site-packages/sklearn/base.py:439: UserWarning: X does not have valid feature names, but ExtraTreesClassifier was fitted with feature names
  warnings.warn(

This is the MERCI (Motif - EmeRging and with Classes - Identification) motif locator program.

   * Loading hierarchy NONE
   * Reading data
       input file Sequence_1 read -> 200 sequences found
   * Motif locations written to merci_p.txt

This is the MERCI (Motif - EmeRging and with Classes - Identification) motif locator program.

   * Loading hierarchy NONE
   * Reading data
       input file Sequence_1 read -> 200 sequences found
   * Motif locations written to merci_n.txt
/home/praghuram23/miniconda3/envs/toxin_hemo/lib/python3.10/site-packages/toxinpred3/python_scripts/toxinpred3.py:209: SettingWithCopyWarning: 
A value is trying to be set on a copy of a slice from a DataFrame

See the caveats in the documentation: https://pandas.pydata.org/pandas-docs/stable/user_guide/indexing.html#returning-a-view-versus-a-copy
  df2.replace(to_replace=r"\)", value='', regex=True, inplace=True)
/home/praghuram23/miniconda3/envs/toxin_hemo/lib/python3.10/site-packages/toxinpred3/python_scripts/toxinpred3.py:210: SettingWithCopyWarning: 
A value is trying to be set on a copy of a slice from a DataFrame

See the caveats in the documentation: https://pandas.pydata.org/pandas-docs/stable/user_guide/indexing.html#returning-a-view-versus-a-copy
  df2.replace(to_replace=r'motifs match', value='', regex=True, inplace=True)
/home/praghuram23/miniconda3/envs/toxin_hemo/lib/python3.10/site-packages/toxinpred3/python_scripts/toxinpred3.py:211: SettingWithCopyWarning: 
A value is trying to be set on a copy of a slice from a DataFrame

See the caveats in the documentation: https://pandas.pydata.org/pandas-docs/stable/user_guide/indexing.html#returning-a-view-versus-a-copy
  df2.replace(to_replace=r' $', value='', regex=True,inplace=True)
127.0.0.1 - - [26/Jul/2026 06:12:30] "POST /score HTTP/1.1" 200 -
/home/praghuram23/miniconda3/envs/toxin_hemo/lib/python3.10/site-packages/sklearn/base.py:439: UserWarning: X does not have valid feature names, but ExtraTreesClassifier was fitted with feature names
  warnings.warn(

This is the MERCI (Motif - EmeRging and with Classes - Identification) motif locator program.

   * Loading hierarchy NONE
   * Reading data
       input file Sequence_1 read -> 200 sequences found
   * Motif locations written to merci_p.txt

This is the MERCI (Motif - EmeRging and with Classes - Identification) motif locator program.

   * Loading hierarchy NONE
   * Reading data
       input file Sequence_1 read -> 200 sequences found
   * Motif locations written to merci_n.txt
/home/praghuram23/miniconda3/envs/toxin_hemo/lib/python3.10/site-packages/toxinpred3/python_scripts/toxinpred3.py:209: SettingWithCopyWarning: 
A value is trying to be set on a copy of a slice from a DataFrame

See the caveats in the documentation: https://pandas.pydata.org/pandas-docs/stable/user_guide/indexing.html#returning-a-view-versus-a-copy
  df2.replace(to_replace=r"\)", value='', regex=True, inplace=True)
/home/praghuram23/miniconda3/envs/toxin_hemo/lib/python3.10/site-packages/toxinpred3/python_scripts/toxinpred3.py:210: SettingWithCopyWarning: 
A value is trying to be set on a copy of a slice from a DataFrame

See the caveats in the documentation: https://pandas.pydata.org/pandas-docs/stable/user_guide/indexing.html#returning-a-view-versus-a-copy
  df2.replace(to_replace=r'motifs match', value='', regex=True, inplace=True)
/home/praghuram23/miniconda3/envs/toxin_hemo/lib/python3.10/site-packages/toxinpred3/python_scripts/toxinpred3.py:211: SettingWithCopyWarning: 
A value is trying to be set on a copy of a slice from a DataFrame

See the caveats in the documentation: https://pandas.pydata.org/pandas-docs/stable/user_guide/indexing.html#returning-a-view-versus-a-copy
  df2.replace(to_replace=r' $', value='', regex=True,inplace=True)
127.0.0.1 - - [26/Jul/2026 06:12:37] "POST /score HTTP/1.1" 200 -
/home/praghuram23/miniconda3/envs/toxin_hemo/lib/python3.10/site-packages/sklearn/base.py:439: UserWarning: X does not have valid feature names, but ExtraTreesClassifier was fitted with feature names
  warnings.warn(

This is the MERCI (Motif - EmeRging and with Classes - Identification) motif locator program.

   * Loading hierarchy NONE
   * Reading data
       input file Sequence_1 read -> 200 sequences found
   * Motif locations written to merci_p.txt

This is the MERCI (Motif - EmeRging and with Classes - Identification) motif locator program.

   * Loading hierarchy NONE
   * Reading data
       input file Sequence_1 read -> 200 sequences found
   * Motif locations written to merci_n.txt
/home/praghuram23/miniconda3/envs/toxin_hemo/lib/python3.10/site-packages/toxinpred3/python_scripts/toxinpred3.py:209: SettingWithCopyWarning: 
A value is trying to be set on a copy of a slice from a DataFrame

See the caveats in the documentation: https://pandas.pydata.org/pandas-docs/stable/user_guide/indexing.html#returning-a-view-versus-a-copy
  df2.replace(to_replace=r"\)", value='', regex=True, inplace=True)
/home/praghuram23/miniconda3/envs/toxin_hemo/lib/python3.10/site-packages/toxinpred3/python_scripts/toxinpred3.py:210: SettingWithCopyWarning: 
A value is trying to be set on a copy of a slice from a DataFrame

See the caveats in the documentation: https://pandas.pydata.org/pandas-docs/stable/user_guide/indexing.html#returning-a-view-versus-a-copy
  df2.replace(to_replace=r'motifs match', value='', regex=True, inplace=True)
/home/praghuram23/miniconda3/envs/toxin_hemo/lib/python3.10/site-packages/toxinpred3/python_scripts/toxinpred3.py:211: SettingWithCopyWarning: 
A value is trying to be set on a copy of a slice from a DataFrame

See the caveats in the documentation: https://pandas.pydata.org/pandas-docs/stable/user_guide/indexing.html#returning-a-view-versus-a-copy
  df2.replace(to_replace=r' $', value='', regex=True,inplace=True)
127.0.0.1 - - [26/Jul/2026 06:12:45] "POST /score HTTP/1.1" 200 -
/home/praghuram23/miniconda3/envs/toxin_hemo/lib/python3.10/site-packages/sklearn/base.py:439: UserWarning: X does not have valid feature names, but ExtraTreesClassifier was fitted with feature names
  warnings.warn(

This is the MERCI (Motif - EmeRging and with Classes - Identification) motif locator program.

   * Loading hierarchy NONE
   * Reading data
       input file Sequence_1 read -> 200 sequences found
   * Motif locations written to merci_p.txt

This is the MERCI (Motif - EmeRging and with Classes - Identification) motif locator program.

   * Loading hierarchy NONE
   * Reading data
       input file Sequence_1 read -> 200 sequences found
   * Motif locations written to merci_n.txt
/home/praghuram23/miniconda3/envs/toxin_hemo/lib/python3.10/site-packages/toxinpred3/python_scripts/toxinpred3.py:142: SettingWithCopyWarning: 
A value is trying to be set on a copy of a slice from a DataFrame

See the caveats in the documentation: https://pandas.pydata.org/pandas-docs/stable/user_guide/indexing.html#returning-a-view-versus-a-copy
  df2.replace(to_replace=r"\)", value='', regex=True, inplace=True)
/home/praghuram23/miniconda3/envs/toxin_hemo/lib/python3.10/site-packages/toxinpred3/python_scripts/toxinpred3.py:143: SettingWithCopyWarning: 
A value is trying to be set on a copy of a slice from a DataFrame

See the caveats in the documentation: https://pandas.pydata.org/pandas-docs/stable/user_guide/indexing.html#returning-a-view-versus-a-copy
  df2.replace(to_replace=r'motifs match', value='', regex=True, inplace=True)
/home/praghuram23/miniconda3/envs/toxin_hemo/lib/python3.10/site-packages/toxinpred3/python_scripts/toxinpred3.py:144: SettingWithCopyWarning: 
A value is trying to be set on a copy of a slice from a DataFrame

See the caveats in the documentation: https://pandas.pydata.org/pandas-docs/stable/user_guide/indexing.html#returning-a-view-versus-a-copy
  df2.replace(to_replace=r' $', value='', regex=True,inplace=True)
/home/praghuram23/miniconda3/envs/toxin_hemo/lib/python3.10/site-packages/toxinpred3/python_scripts/toxinpred3.py:209: SettingWithCopyWarning: 
A value is trying to be set on a copy of a slice from a DataFrame

See the caveats in the documentation: https://pandas.pydata.org/pandas-docs/stable/user_guide/indexing.html#returning-a-view-versus-a-copy
  df2.replace(to_replace=r"\)", value='', regex=True, inplace=True)
/home/praghuram23/miniconda3/envs/toxin_hemo/lib/python3.10/site-packages/toxinpred3/python_scripts/toxinpred3.py:210: SettingWithCopyWarning: 
A value is trying to be set on a copy of a slice from a DataFrame

See the caveats in the documentation: https://pandas.pydata.org/pandas-docs/stable/user_guide/indexing.html#returning-a-view-versus-a-copy
  df2.replace(to_replace=r'motifs match', value='', regex=True, inplace=True)
/home/praghuram23/miniconda3/envs/toxin_hemo/lib/python3.10/site-packages/toxinpred3/python_scripts/toxinpred3.py:211: SettingWithCopyWarning: 
A value is trying to be set on a copy of a slice from a DataFrame

See the caveats in the documentation: https://pandas.pydata.org/pandas-docs/stable/user_guide/indexing.html#returning-a-view-versus-a-copy
  df2.replace(to_replace=r' $', value='', regex=True,inplace=True)
127.0.0.1 - - [26/Jul/2026 06:12:53] "POST /score HTTP/1.1" 200 -
/home/praghuram23/miniconda3/envs/toxin_hemo/lib/python3.10/site-packages/sklearn/base.py:439: UserWarning: X does not have valid feature names, but ExtraTreesClassifier was fitted with feature names
  warnings.warn(

This is the MERCI (Motif - EmeRging and with Classes - Identification) motif locator program.

   * Loading hierarchy NONE
   * Reading data
       input file Sequence_1 read -> 200 sequences found
   * Motif locations written to merci_p.txt

This is the MERCI (Motif - EmeRging and with Classes - Identification) motif locator program.

   * Loading hierarchy NONE
   * Reading data
       input file Sequence_1 read -> 200 sequences found
   * Motif locations written to merci_n.txt
/home/praghuram23/miniconda3/envs/toxin_hemo/lib/python3.10/site-packages/toxinpred3/python_scripts/toxinpred3.py:209: SettingWithCopyWarning: 
A value is trying to be set on a copy of a slice from a DataFrame

See the caveats in the documentation: https://pandas.pydata.org/pandas-docs/stable/user_guide/indexing.html#returning-a-view-versus-a-copy
  df2.replace(to_replace=r"\)", value='', regex=True, inplace=True)
/home/praghuram23/miniconda3/envs/toxin_hemo/lib/python3.10/site-packages/toxinpred3/python_scripts/toxinpred3.py:210: SettingWithCopyWarning: 
A value is trying to be set on a copy of a slice from a DataFrame

See the caveats in the documentation: https://pandas.pydata.org/pandas-docs/stable/user_guide/indexing.html#returning-a-view-versus-a-copy
  df2.replace(to_replace=r'motifs match', value='', regex=True, inplace=True)
/home/praghuram23/miniconda3/envs/toxin_hemo/lib/python3.10/site-packages/toxinpred3/python_scripts/toxinpred3.py:211: SettingWithCopyWarning: 
A value is trying to be set on a copy of a slice from a DataFrame

See the caveats in the documentation: https://pandas.pydata.org/pandas-docs/stable/user_guide/indexing.html#returning-a-view-versus-a-copy
  df2.replace(to_replace=r' $', value='', regex=True,inplace=True)
127.0.0.1 - - [26/Jul/2026 06:13:01] "POST /score HTTP/1.1" 200 -
/home/praghuram23/miniconda3/envs/toxin_hemo/lib/python3.10/site-packages/sklearn/base.py:439: UserWarning: X does not have valid feature names, but ExtraTreesClassifier was fitted with feature names
  warnings.warn(

This is the MERCI (Motif - EmeRging and with Classes - Identification) motif locator program.

   * Loading hierarchy NONE
   * Reading data
       input file Sequence_1 read -> 200 sequences found
   * Motif locations written to merci_p.txt

This is the MERCI (Motif - EmeRging and with Classes - Identification) motif locator program.

   * Loading hierarchy NONE
   * Reading data
       input file Sequence_1 read -> 200 sequences found
   * Motif locations written to merci_n.txt
/home/praghuram23/miniconda3/envs/toxin_hemo/lib/python3.10/site-packages/toxinpred3/python_scripts/toxinpred3.py:209: SettingWithCopyWarning: 
A value is trying to be set on a copy of a slice from a DataFrame

See the caveats in the documentation: https://pandas.pydata.org/pandas-docs/stable/user_guide/indexing.html#returning-a-view-versus-a-copy
  df2.replace(to_replace=r"\)", value='', regex=True, inplace=True)
/home/praghuram23/miniconda3/envs/toxin_hemo/lib/python3.10/site-packages/toxinpred3/python_scripts/toxinpred3.py:210: SettingWithCopyWarning: 
A value is trying to be set on a copy of a slice from a DataFrame

See the caveats in the documentation: https://pandas.pydata.org/pandas-docs/stable/user_guide/indexing.html#returning-a-view-versus-a-copy
  df2.replace(to_replace=r'motifs match', value='', regex=True, inplace=True)
/home/praghuram23/miniconda3/envs/toxin_hemo/lib/python3.10/site-packages/toxinpred3/python_scripts/toxinpred3.py:211: SettingWithCopyWarning: 
A value is trying to be set on a copy of a slice from a DataFrame

See the caveats in the documentation: https://pandas.pydata.org/pandas-docs/stable/user_guide/indexing.html#returning-a-view-versus-a-copy
  df2.replace(to_replace=r' $', value='', regex=True,inplace=True)
127.0.0.1 - - [26/Jul/2026 06:13:09] "POST /score HTTP/1.1" 200 -
/home/praghuram23/miniconda3/envs/toxin_hemo/lib/python3.10/site-packages/sklearn/base.py:439: UserWarning: X does not have valid feature names, but ExtraTreesClassifier was fitted with feature names
  warnings.warn(

This is the MERCI (Motif - EmeRging and with Classes - Identification) motif locator program.

   * Loading hierarchy NONE
   * Reading data
       input file Sequence_1 read -> 181 sequences found
   * Motif locations written to merci_p.txt

This is the MERCI (Motif - EmeRging and with Classes - Identification) motif locator program.

   * Loading hierarchy NONE
   * Reading data
       input file Sequence_1 read -> 181 sequences found
   * Motif locations written to merci_n.txt
/home/praghuram23/miniconda3/envs/toxin_hemo/lib/python3.10/site-packages/toxinpred3/python_scripts/toxinpred3.py:209: SettingWithCopyWarning: 
A value is trying to be set on a copy of a slice from a DataFrame

See the caveats in the documentation: https://pandas.pydata.org/pandas-docs/stable/user_guide/indexing.html#returning-a-view-versus-a-copy
  df2.replace(to_replace=r"\)", value='', regex=True, inplace=True)
/home/praghuram23/miniconda3/envs/toxin_hemo/lib/python3.10/site-packages/toxinpred3/python_scripts/toxinpred3.py:210: SettingWithCopyWarning: 
A value is trying to be set on a copy of a slice from a DataFrame

See the caveats in the documentation: https://pandas.pydata.org/pandas-docs/stable/user_guide/indexing.html#returning-a-view-versus-a-copy
  df2.replace(to_replace=r'motifs match', value='', regex=True, inplace=True)
/home/praghuram23/miniconda3/envs/toxin_hemo/lib/python3.10/site-packages/toxinpred3/python_scripts/toxinpred3.py:211: SettingWithCopyWarning: 
A value is trying to be set on a copy of a slice from a DataFrame

See the caveats in the documentation: https://pandas.pydata.org/pandas-docs/stable/user_guide/indexing.html#returning-a-view-versus-a-copy
  df2.replace(to_replace=r' $', value='', regex=True,inplace=True)
127.0.0.1 - - [26/Jul/2026 06:13:16] "POST /score HTTP/1.1" 200 -
/home/praghuram23/miniconda3/envs/toxin_hemo/lib/python3.10/site-packages/sklearn/base.py:439: UserWarning: X does not have valid feature names, but ExtraTreesClassifier was fitted with feature names
  warnings.warn(

This is the MERCI (Motif - EmeRging and with Classes - Identification) motif locator program.

   * Loading hierarchy NONE
   * Reading data
       input file Sequence_1 read -> 500 sequences found
   * Motif locations written to merci_p.txt

This is the MERCI (Motif - EmeRging and with Classes - Identification) motif locator program.

   * Loading hierarchy NONE
   * Reading data
       input file Sequence_1 read -> 500 sequences found
   * Motif locations written to merci_n.txt
/home/praghuram23/miniconda3/envs/toxin_hemo/lib/python3.10/site-packages/toxinpred3/python_scripts/toxinpred3.py:142: SettingWithCopyWarning: 
A value is trying to be set on a copy of a slice from a DataFrame

See the caveats in the documentation: https://pandas.pydata.org/pandas-docs/stable/user_guide/indexing.html#returning-a-view-versus-a-copy
  df2.replace(to_replace=r"\)", value='', regex=True, inplace=True)
/home/praghuram23/miniconda3/envs/toxin_hemo/lib/python3.10/site-packages/toxinpred3/python_scripts/toxinpred3.py:143: SettingWithCopyWarning: 
A value is trying to be set on a copy of a slice from a DataFrame

See the caveats in the documentation: https://pandas.pydata.org/pandas-docs/stable/user_guide/indexing.html#returning-a-view-versus-a-copy
  df2.replace(to_replace=r'motifs match', value='', regex=True, inplace=True)
/home/praghuram23/miniconda3/envs/toxin_hemo/lib/python3.10/site-packages/toxinpred3/python_scripts/toxinpred3.py:144: SettingWithCopyWarning: 
A value is trying to be set on a copy of a slice from a DataFrame

See the caveats in the documentation: https://pandas.pydata.org/pandas-docs/stable/user_guide/indexing.html#returning-a-view-versus-a-copy
  df2.replace(to_replace=r' $', value='', regex=True,inplace=True)
/home/praghuram23/miniconda3/envs/toxin_hemo/lib/python3.10/site-packages/toxinpred3/python_scripts/toxinpred3.py:209: SettingWithCopyWarning: 
A value is trying to be set on a copy of a slice from a DataFrame

See the caveats in the documentation: https://pandas.pydata.org/pandas-docs/stable/user_guide/indexing.html#returning-a-view-versus-a-copy
  df2.replace(to_replace=r"\)", value='', regex=True, inplace=True)
/home/praghuram23/miniconda3/envs/toxin_hemo/lib/python3.10/site-packages/toxinpred3/python_scripts/toxinpred3.py:210: SettingWithCopyWarning: 
A value is trying to be set on a copy of a slice from a DataFrame

See the caveats in the documentation: https://pandas.pydata.org/pandas-docs/stable/user_guide/indexing.html#returning-a-view-versus-a-copy
  df2.replace(to_replace=r'motifs match', value='', regex=True, inplace=True)
/home/praghuram23/miniconda3/envs/toxin_hemo/lib/python3.10/site-packages/toxinpred3/python_scripts/toxinpred3.py:211: SettingWithCopyWarning: 
A value is trying to be set on a copy of a slice from a DataFrame

See the caveats in the documentation: https://pandas.pydata.org/pandas-docs/stable/user_guide/indexing.html#returning-a-view-versus-a-copy
  df2.replace(to_replace=r' $', value='', regex=True,inplace=True)
127.0.0.1 - - [26/Jul/2026 06:15:26] "POST /score HTTP/1.1" 200 -
/home/praghuram23/miniconda3/envs/toxin_hemo/lib/python3.10/site-packages/sklearn/base.py:439: UserWarning: X does not have valid feature names, but ExtraTreesClassifier was fitted with feature names
  warnings.warn(

This is the MERCI (Motif - EmeRging and with Classes - Identification) motif locator program.

   * Loading hierarchy NONE
   * Reading data
       input file Sequence_1 read -> 256 sequences found
   * Motif locations written to merci_p.txt

This is the MERCI (Motif - EmeRging and with Classes - Identification) motif locator program.

   * Loading hierarchy NONE
   * Reading data
       input file Sequence_1 read -> 256 sequences found
   * Motif locations written to merci_n.txt
/home/praghuram23/miniconda3/envs/toxin_hemo/lib/python3.10/site-packages/toxinpred3/python_scripts/toxinpred3.py:209: SettingWithCopyWarning: 
A value is trying to be set on a copy of a slice from a DataFrame

See the caveats in the documentation: https://pandas.pydata.org/pandas-docs/stable/user_guide/indexing.html#returning-a-view-versus-a-copy
  df2.replace(to_replace=r"\)", value='', regex=True, inplace=True)
/home/praghuram23/miniconda3/envs/toxin_hemo/lib/python3.10/site-packages/toxinpred3/python_scripts/toxinpred3.py:210: SettingWithCopyWarning: 
A value is trying to be set on a copy of a slice from a DataFrame

See the caveats in the documentation: https://pandas.pydata.org/pandas-docs/stable/user_guide/indexing.html#returning-a-view-versus-a-copy
  df2.replace(to_replace=r'motifs match', value='', regex=True, inplace=True)
/home/praghuram23/miniconda3/envs/toxin_hemo/lib/python3.10/site-packages/toxinpred3/python_scripts/toxinpred3.py:211: SettingWithCopyWarning: 
A value is trying to be set on a copy of a slice from a DataFrame

See the caveats in the documentation: https://pandas.pydata.org/pandas-docs/stable/user_guide/indexing.html#returning-a-view-versus-a-copy
  df2.replace(to_replace=r' $', value='', regex=True,inplace=True)
127.0.0.1 - - [26/Jul/2026 06:17:12] "POST /score HTTP/1.1" 200 -
/home/praghuram23/miniconda3/envs/toxin_hemo/lib/python3.10/site-packages/sklearn/base.py:439: UserWarning: X does not have valid feature names, but ExtraTreesClassifier was fitted with feature names
  warnings.warn(

This is the MERCI (Motif - EmeRging and with Classes - Identification) motif locator program.

   * Loading hierarchy NONE
   * Reading data
       input file Sequence_1 read -> 256 sequences found
   * Motif locations written to merci_p.txt

This is the MERCI (Motif - EmeRging and with Classes - Identification) motif locator program.

   * Loading hierarchy NONE
   * Reading data
       input file Sequence_1 read -> 256 sequences found
   * Motif locations written to merci_n.txt
/home/praghuram23/miniconda3/envs/toxin_hemo/lib/python3.10/site-packages/toxinpred3/python_scripts/toxinpred3.py:209: SettingWithCopyWarning: 
A value is trying to be set on a copy of a slice from a DataFrame

See the caveats in the documentation: https://pandas.pydata.org/pandas-docs/stable/user_guide/indexing.html#returning-a-view-versus-a-copy
  df2.replace(to_replace=r"\)", value='', regex=True, inplace=True)
/home/praghuram23/miniconda3/envs/toxin_hemo/lib/python3.10/site-packages/toxinpred3/python_scripts/toxinpred3.py:210: SettingWithCopyWarning: 
A value is trying to be set on a copy of a slice from a DataFrame

See the caveats in the documentation: https://pandas.pydata.org/pandas-docs/stable/user_guide/indexing.html#returning-a-view-versus-a-copy
  df2.replace(to_replace=r'motifs match', value='', regex=True, inplace=True)
/home/praghuram23/miniconda3/envs/toxin_hemo/lib/python3.10/site-packages/toxinpred3/python_scripts/toxinpred3.py:211: SettingWithCopyWarning: 
A value is trying to be set on a copy of a slice from a DataFrame

See the caveats in the documentation: https://pandas.pydata.org/pandas-docs/stable/user_guide/indexing.html#returning-a-view-versus-a-copy
  df2.replace(to_replace=r' $', value='', regex=True,inplace=True)
127.0.0.1 - - [26/Jul/2026 06:17:47] "POST /score HTTP/1.1" 200 -
/home/praghuram23/miniconda3/envs/toxin_hemo/lib/python3.10/site-packages/sklearn/base.py:439: UserWarning: X does not have valid feature names, but ExtraTreesClassifier was fitted with feature names
  warnings.warn(

This is the MERCI (Motif - EmeRging and with Classes - Identification) motif locator program.

   * Loading hierarchy NONE
   * Reading data
       input file Sequence_1 read -> 256 sequences found
   * Motif locations written to merci_p.txt

This is the MERCI (Motif - EmeRging and with Classes - Identification) motif locator program.

   * Loading hierarchy NONE
   * Reading data
       input file Sequence_1 read -> 256 sequences found
   * Motif locations written to merci_n.txt
/home/praghuram23/miniconda3/envs/toxin_hemo/lib/python3.10/site-packages/toxinpred3/python_scripts/toxinpred3.py:209: SettingWithCopyWarning: 
A value is trying to be set on a copy of a slice from a DataFrame

See the caveats in the documentation: https://pandas.pydata.org/pandas-docs/stable/user_guide/indexing.html#returning-a-view-versus-a-copy
  df2.replace(to_replace=r"\)", value='', regex=True, inplace=True)
/home/praghuram23/miniconda3/envs/toxin_hemo/lib/python3.10/site-packages/toxinpred3/python_scripts/toxinpred3.py:210: SettingWithCopyWarning: 
A value is trying to be set on a copy of a slice from a DataFrame

See the caveats in the documentation: https://pandas.pydata.org/pandas-docs/stable/user_guide/indexing.html#returning-a-view-versus-a-copy
  df2.replace(to_replace=r'motifs match', value='', regex=True, inplace=True)
/home/praghuram23/miniconda3/envs/toxin_hemo/lib/python3.10/site-packages/toxinpred3/python_scripts/toxinpred3.py:211: SettingWithCopyWarning: 
A value is trying to be set on a copy of a slice from a DataFrame

See the caveats in the documentation: https://pandas.pydata.org/pandas-docs/stable/user_guide/indexing.html#returning-a-view-versus-a-copy
  df2.replace(to_replace=r' $', value='', regex=True,inplace=True)
127.0.0.1 - - [26/Jul/2026 06:18:20] "POST /score HTTP/1.1" 200 -
/home/praghuram23/miniconda3/envs/toxin_hemo/lib/python3.10/site-packages/sklearn/base.py:439: UserWarning: X does not have valid feature names, but ExtraTreesClassifier was fitted with feature names
  warnings.warn(

This is the MERCI (Motif - EmeRging and with Classes - Identification) motif locator program.

   * Loading hierarchy NONE
   * Reading data
       input file Sequence_1 read -> 256 sequences found
   * Motif locations written to merci_p.txt

This is the MERCI (Motif - EmeRging and with Classes - Identification) motif locator program.

   * Loading hierarchy NONE
   * Reading data
       input file Sequence_1 read -> 256 sequences found
   * Motif locations written to merci_n.txt
/home/praghuram23/miniconda3/envs/toxin_hemo/lib/python3.10/site-packages/toxinpred3/python_scripts/toxinpred3.py:209: SettingWithCopyWarning: 
A value is trying to be set on a copy of a slice from a DataFrame

See the caveats in the documentation: https://pandas.pydata.org/pandas-docs/stable/user_guide/indexing.html#returning-a-view-versus-a-copy
  df2.replace(to_replace=r"\)", value='', regex=True, inplace=True)
/home/praghuram23/miniconda3/envs/toxin_hemo/lib/python3.10/site-packages/toxinpred3/python_scripts/toxinpred3.py:210: SettingWithCopyWarning: 
A value is trying to be set on a copy of a slice from a DataFrame

See the caveats in the documentation: https://pandas.pydata.org/pandas-docs/stable/user_guide/indexing.html#returning-a-view-versus-a-copy
  df2.replace(to_replace=r'motifs match', value='', regex=True, inplace=True)
/home/praghuram23/miniconda3/envs/toxin_hemo/lib/python3.10/site-packages/toxinpred3/python_scripts/toxinpred3.py:211: SettingWithCopyWarning: 
A value is trying to be set on a copy of a slice from a DataFrame

See the caveats in the documentation: https://pandas.pydata.org/pandas-docs/stable/user_guide/indexing.html#returning-a-view-versus-a-copy
  df2.replace(to_replace=r' $', value='', regex=True,inplace=True)
127.0.0.1 - - [26/Jul/2026 06:18:58] "POST /score HTTP/1.1" 200 -
/home/praghuram23/miniconda3/envs/toxin_hemo/lib/python3.10/site-packages/sklearn/base.py:439: UserWarning: X does not have valid feature names, but ExtraTreesClassifier was fitted with feature names
  warnings.warn(

This is the MERCI (Motif - EmeRging and with Classes - Identification) motif locator program.

   * Loading hierarchy NONE
   * Reading data
       input file Sequence_1 read -> 256 sequences found
   * Motif locations written to merci_p.txt

This is the MERCI (Motif - EmeRging and with Classes - Identification) motif locator program.

   * Loading hierarchy NONE
   * Reading data
       input file Sequence_1 read -> 256 sequences found
   * Motif locations written to merci_n.txt
/home/praghuram23/miniconda3/envs/toxin_hemo/lib/python3.10/site-packages/toxinpred3/python_scripts/toxinpred3.py:142: SettingWithCopyWarning: 
A value is trying to be set on a copy of a slice from a DataFrame

See the caveats in the documentation: https://pandas.pydata.org/pandas-docs/stable/user_guide/indexing.html#returning-a-view-versus-a-copy
  df2.replace(to_replace=r"\)", value='', regex=True, inplace=True)
/home/praghuram23/miniconda3/envs/toxin_hemo/lib/python3.10/site-packages/toxinpred3/python_scripts/toxinpred3.py:143: SettingWithCopyWarning: 
A value is trying to be set on a copy of a slice from a DataFrame

See the caveats in the documentation: https://pandas.pydata.org/pandas-docs/stable/user_guide/indexing.html#returning-a-view-versus-a-copy
  df2.replace(to_replace=r'motifs match', value='', regex=True, inplace=True)
/home/praghuram23/miniconda3/envs/toxin_hemo/lib/python3.10/site-packages/toxinpred3/python_scripts/toxinpred3.py:144: SettingWithCopyWarning: 
A value is trying to be set on a copy of a slice from a DataFrame

See the caveats in the documentation: https://pandas.pydata.org/pandas-docs/stable/user_guide/indexing.html#returning-a-view-versus-a-copy
  df2.replace(to_replace=r' $', value='', regex=True,inplace=True)
/home/praghuram23/miniconda3/envs/toxin_hemo/lib/python3.10/site-packages/toxinpred3/python_scripts/toxinpred3.py:209: SettingWithCopyWarning: 
A value is trying to be set on a copy of a slice from a DataFrame

See the caveats in the documentation: https://pandas.pydata.org/pandas-docs/stable/user_guide/indexing.html#returning-a-view-versus-a-copy
  df2.replace(to_replace=r"\)", value='', regex=True, inplace=True)
/home/praghuram23/miniconda3/envs/toxin_hemo/lib/python3.10/site-packages/toxinpred3/python_scripts/toxinpred3.py:210: SettingWithCopyWarning: 
A value is trying to be set on a copy of a slice from a DataFrame

See the caveats in the documentation: https://pandas.pydata.org/pandas-docs/stable/user_guide/indexing.html#returning-a-view-versus-a-copy
  df2.replace(to_replace=r'motifs match', value='', regex=True, inplace=True)
/home/praghuram23/miniconda3/envs/toxin_hemo/lib/python3.10/site-packages/toxinpred3/python_scripts/toxinpred3.py:211: SettingWithCopyWarning: 
A value is trying to be set on a copy of a slice from a DataFrame

See the caveats in the documentation: https://pandas.pydata.org/pandas-docs/stable/user_guide/indexing.html#returning-a-view-versus-a-copy
  df2.replace(to_replace=r' $', value='', regex=True,inplace=True)
127.0.0.1 - - [26/Jul/2026 06:19:32] "POST /score HTTP/1.1" 200 -
/home/praghuram23/miniconda3/envs/toxin_hemo/lib/python3.10/site-packages/sklearn/base.py:439: UserWarning: X does not have valid feature names, but ExtraTreesClassifier was fitted with feature names
  warnings.warn(

This is the MERCI (Motif - EmeRging and with Classes - Identification) motif locator program.

   * Loading hierarchy NONE
   * Reading data
       input file Sequence_1 read -> 256 sequences found
   * Motif locations written to merci_p.txt

This is the MERCI (Motif - EmeRging and with Classes - Identification) motif locator program.

   * Loading hierarchy NONE
   * Reading data
       input file Sequence_1 read -> 256 sequences found
   * Motif locations written to merci_n.txt
/home/praghuram23/miniconda3/envs/toxin_hemo/lib/python3.10/site-packages/toxinpred3/python_scripts/toxinpred3.py:209: SettingWithCopyWarning: 
A value is trying to be set on a copy of a slice from a DataFrame

See the caveats in the documentation: https://pandas.pydata.org/pandas-docs/stable/user_guide/indexing.html#returning-a-view-versus-a-copy
  df2.replace(to_replace=r"\)", value='', regex=True, inplace=True)
/home/praghuram23/miniconda3/envs/toxin_hemo/lib/python3.10/site-packages/toxinpred3/python_scripts/toxinpred3.py:210: SettingWithCopyWarning: 
A value is trying to be set on a copy of a slice from a DataFrame

See the caveats in the documentation: https://pandas.pydata.org/pandas-docs/stable/user_guide/indexing.html#returning-a-view-versus-a-copy
  df2.replace(to_replace=r'motifs match', value='', regex=True, inplace=True)
/home/praghuram23/miniconda3/envs/toxin_hemo/lib/python3.10/site-packages/toxinpred3/python_scripts/toxinpred3.py:211: SettingWithCopyWarning: 
A value is trying to be set on a copy of a slice from a DataFrame

See the caveats in the documentation: https://pandas.pydata.org/pandas-docs/stable/user_guide/indexing.html#returning-a-view-versus-a-copy
  df2.replace(to_replace=r' $', value='', regex=True,inplace=True)
127.0.0.1 - - [26/Jul/2026 06:20:04] "POST /score HTTP/1.1" 200 -
/home/praghuram23/miniconda3/envs/toxin_hemo/lib/python3.10/site-packages/sklearn/base.py:439: UserWarning: X does not have valid feature names, but ExtraTreesClassifier was fitted with feature names
  warnings.warn(

This is the MERCI (Motif - EmeRging and with Classes - Identification) motif locator program.

   * Loading hierarchy NONE
   * Reading data
       input file Sequence_1 read -> 256 sequences found
   * Motif locations written to merci_p.txt

This is the MERCI (Motif - EmeRging and with Classes - Identification) motif locator program.

   * Loading hierarchy NONE
   * Reading data
       input file Sequence_1 read -> 256 sequences found
   * Motif locations written to merci_n.txt
/home/praghuram23/miniconda3/envs/toxin_hemo/lib/python3.10/site-packages/toxinpred3/python_scripts/toxinpred3.py:142: SettingWithCopyWarning: 
A value is trying to be set on a copy of a slice from a DataFrame

See the caveats in the documentation: https://pandas.pydata.org/pandas-docs/stable/user_guide/indexing.html#returning-a-view-versus-a-copy
  df2.replace(to_replace=r"\)", value='', regex=True, inplace=True)
/home/praghuram23/miniconda3/envs/toxin_hemo/lib/python3.10/site-packages/toxinpred3/python_scripts/toxinpred3.py:143: SettingWithCopyWarning: 
A value is trying to be set on a copy of a slice from a DataFrame

See the caveats in the documentation: https://pandas.pydata.org/pandas-docs/stable/user_guide/indexing.html#returning-a-view-versus-a-copy
  df2.replace(to_replace=r'motifs match', value='', regex=True, inplace=True)
/home/praghuram23/miniconda3/envs/toxin_hemo/lib/python3.10/site-packages/toxinpred3/python_scripts/toxinpred3.py:144: SettingWithCopyWarning: 
A value is trying to be set on a copy of a slice from a DataFrame

See the caveats in the documentation: https://pandas.pydata.org/pandas-docs/stable/user_guide/indexing.html#returning-a-view-versus-a-copy
  df2.replace(to_replace=r' $', value='', regex=True,inplace=True)
/home/praghuram23/miniconda3/envs/toxin_hemo/lib/python3.10/site-packages/toxinpred3/python_scripts/toxinpred3.py:209: SettingWithCopyWarning: 
A value is trying to be set on a copy of a slice from a DataFrame

See the caveats in the documentation: https://pandas.pydata.org/pandas-docs/stable/user_guide/indexing.html#returning-a-view-versus-a-copy
  df2.replace(to_replace=r"\)", value='', regex=True, inplace=True)
/home/praghuram23/miniconda3/envs/toxin_hemo/lib/python3.10/site-packages/toxinpred3/python_scripts/toxinpred3.py:210: SettingWithCopyWarning: 
A value is trying to be set on a copy of a slice from a DataFrame

See the caveats in the documentation: https://pandas.pydata.org/pandas-docs/stable/user_guide/indexing.html#returning-a-view-versus-a-copy
  df2.replace(to_replace=r'motifs match', value='', regex=True, inplace=True)
/home/praghuram23/miniconda3/envs/toxin_hemo/lib/python3.10/site-packages/toxinpred3/python_scripts/toxinpred3.py:211: SettingWithCopyWarning: 
A value is trying to be set on a copy of a slice from a DataFrame

See the caveats in the documentation: https://pandas.pydata.org/pandas-docs/stable/user_guide/indexing.html#returning-a-view-versus-a-copy
  df2.replace(to_replace=r' $', value='', regex=True,inplace=True)
127.0.0.1 - - [26/Jul/2026 06:20:34] "POST /score HTTP/1.1" 200 -
/home/praghuram23/miniconda3/envs/toxin_hemo/lib/python3.10/site-packages/sklearn/base.py:439: UserWarning: X does not have valid feature names, but ExtraTreesClassifier was fitted with feature names
  warnings.warn(

This is the MERCI (Motif - EmeRging and with Classes - Identification) motif locator program.

   * Loading hierarchy NONE
   * Reading data
       input file Sequence_1 read -> 256 sequences found
   * Motif locations written to merci_p.txt

This is the MERCI (Motif - EmeRging and with Classes - Identification) motif locator program.

   * Loading hierarchy NONE
   * Reading data
       input file Sequence_1 read -> 256 sequences found
   * Motif locations written to merci_n.txt
/home/praghuram23/miniconda3/envs/toxin_hemo/lib/python3.10/site-packages/toxinpred3/python_scripts/toxinpred3.py:209: SettingWithCopyWarning: 
A value is trying to be set on a copy of a slice from a DataFrame

See the caveats in the documentation: https://pandas.pydata.org/pandas-docs/stable/user_guide/indexing.html#returning-a-view-versus-a-copy
  df2.replace(to_replace=r"\)", value='', regex=True, inplace=True)
/home/praghuram23/miniconda3/envs/toxin_hemo/lib/python3.10/site-packages/toxinpred3/python_scripts/toxinpred3.py:210: SettingWithCopyWarning: 
A value is trying to be set on a copy of a slice from a DataFrame

See the caveats in the documentation: https://pandas.pydata.org/pandas-docs/stable/user_guide/indexing.html#returning-a-view-versus-a-copy
  df2.replace(to_replace=r'motifs match', value='', regex=True, inplace=True)
/home/praghuram23/miniconda3/envs/toxin_hemo/lib/python3.10/site-packages/toxinpred3/python_scripts/toxinpred3.py:211: SettingWithCopyWarning: 
A value is trying to be set on a copy of a slice from a DataFrame

See the caveats in the documentation: https://pandas.pydata.org/pandas-docs/stable/user_guide/indexing.html#returning-a-view-versus-a-copy
  df2.replace(to_replace=r' $', value='', regex=True,inplace=True)
127.0.0.1 - - [26/Jul/2026 06:21:09] "POST /score HTTP/1.1" 200 -
/home/praghuram23/miniconda3/envs/toxin_hemo/lib/python3.10/site-packages/sklearn/base.py:439: UserWarning: X does not have valid feature names, but ExtraTreesClassifier was fitted with feature names
  warnings.warn(

This is the MERCI (Motif - EmeRging and with Classes - Identification) motif locator program.

   * Loading hierarchy NONE
   * Reading data
       input file Sequence_1 read -> 256 sequences found
   * Motif locations written to merci_p.txt

This is the MERCI (Motif - EmeRging and with Classes - Identification) motif locator program.

   * Loading hierarchy NONE
   * Reading data
       input file Sequence_1 read -> 256 sequences found
   * Motif locations written to merci_n.txt
/home/praghuram23/miniconda3/envs/toxin_hemo/lib/python3.10/site-packages/toxinpred3/python_scripts/toxinpred3.py:209: SettingWithCopyWarning: 
A value is trying to be set on a copy of a slice from a DataFrame

See the caveats in the documentation: https://pandas.pydata.org/pandas-docs/stable/user_guide/indexing.html#returning-a-view-versus-a-copy
  df2.replace(to_replace=r"\)", value='', regex=True, inplace=True)
/home/praghuram23/miniconda3/envs/toxin_hemo/lib/python3.10/site-packages/toxinpred3/python_scripts/toxinpred3.py:210: SettingWithCopyWarning: 
A value is trying to be set on a copy of a slice from a DataFrame

See the caveats in the documentation: https://pandas.pydata.org/pandas-docs/stable/user_guide/indexing.html#returning-a-view-versus-a-copy
  df2.replace(to_replace=r'motifs match', value='', regex=True, inplace=True)
/home/praghuram23/miniconda3/envs/toxin_hemo/lib/python3.10/site-packages/toxinpred3/python_scripts/toxinpred3.py:211: SettingWithCopyWarning: 
A value is trying to be set on a copy of a slice from a DataFrame

See the caveats in the documentation: https://pandas.pydata.org/pandas-docs/stable/user_guide/indexing.html#returning-a-view-versus-a-copy
  df2.replace(to_replace=r' $', value='', regex=True,inplace=True)
127.0.0.1 - - [26/Jul/2026 06:21:40] "POST /score HTTP/1.1" 200 -
/home/praghuram23/miniconda3/envs/toxin_hemo/lib/python3.10/site-packages/sklearn/base.py:439: UserWarning: X does not have valid feature names, but ExtraTreesClassifier was fitted with feature names
  warnings.warn(

This is the MERCI (Motif - EmeRging and with Classes - Identification) motif locator program.

   * Loading hierarchy NONE
   * Reading data
       input file Sequence_1 read -> 256 sequences found
   * Motif locations written to merci_p.txt

This is the MERCI (Motif - EmeRging and with Classes - Identification) motif locator program.

   * Loading hierarchy NONE
   * Reading data
       input file Sequence_1 read -> 256 sequences found
   * Motif locations written to merci_n.txt
/home/praghuram23/miniconda3/envs/toxin_hemo/lib/python3.10/site-packages/toxinpred3/python_scripts/toxinpred3.py:209: SettingWithCopyWarning: 
A value is trying to be set on a copy of a slice from a DataFrame

See the caveats in the documentation: https://pandas.pydata.org/pandas-docs/stable/user_guide/indexing.html#returning-a-view-versus-a-copy
  df2.replace(to_replace=r"\)", value='', regex=True, inplace=True)
/home/praghuram23/miniconda3/envs/toxin_hemo/lib/python3.10/site-packages/toxinpred3/python_scripts/toxinpred3.py:210: SettingWithCopyWarning: 
A value is trying to be set on a copy of a slice from a DataFrame

See the caveats in the documentation: https://pandas.pydata.org/pandas-docs/stable/user_guide/indexing.html#returning-a-view-versus-a-copy
  df2.replace(to_replace=r'motifs match', value='', regex=True, inplace=True)
/home/praghuram23/miniconda3/envs/toxin_hemo/lib/python3.10/site-packages/toxinpred3/python_scripts/toxinpred3.py:211: SettingWithCopyWarning: 
A value is trying to be set on a copy of a slice from a DataFrame

See the caveats in the documentation: https://pandas.pydata.org/pandas-docs/stable/user_guide/indexing.html#returning-a-view-versus-a-copy
  df2.replace(to_replace=r' $', value='', regex=True,inplace=True)
127.0.0.1 - - [26/Jul/2026 06:22:13] "POST /score HTTP/1.1" 200 -
/home/praghuram23/miniconda3/envs/toxin_hemo/lib/python3.10/site-packages/sklearn/base.py:439: UserWarning: X does not have valid feature names, but ExtraTreesClassifier was fitted with feature names
  warnings.warn(

This is the MERCI (Motif - EmeRging and with Classes - Identification) motif locator program.

   * Loading hierarchy NONE
   * Reading data
       input file Sequence_1 read -> 256 sequences found
   * Motif locations written to merci_p.txt

This is the MERCI (Motif - EmeRging and with Classes - Identification) motif locator program.

   * Loading hierarchy NONE
   * Reading data
       input file Sequence_1 read -> 256 sequences found
   * Motif locations written to merci_n.txt
/home/praghuram23/miniconda3/envs/toxin_hemo/lib/python3.10/site-packages/toxinpred3/python_scripts/toxinpred3.py:209: SettingWithCopyWarning: 
A value is trying to be set on a copy of a slice from a DataFrame

See the caveats in the documentation: https://pandas.pydata.org/pandas-docs/stable/user_guide/indexing.html#returning-a-view-versus-a-copy
  df2.replace(to_replace=r"\)", value='', regex=True, inplace=True)
/home/praghuram23/miniconda3/envs/toxin_hemo/lib/python3.10/site-packages/toxinpred3/python_scripts/toxinpred3.py:210: SettingWithCopyWarning: 
A value is trying to be set on a copy of a slice from a DataFrame

See the caveats in the documentation: https://pandas.pydata.org/pandas-docs/stable/user_guide/indexing.html#returning-a-view-versus-a-copy
  df2.replace(to_replace=r'motifs match', value='', regex=True, inplace=True)
/home/praghuram23/miniconda3/envs/toxin_hemo/lib/python3.10/site-packages/toxinpred3/python_scripts/toxinpred3.py:211: SettingWithCopyWarning: 
A value is trying to be set on a copy of a slice from a DataFrame

See the caveats in the documentation: https://pandas.pydata.org/pandas-docs/stable/user_guide/indexing.html#returning-a-view-versus-a-copy
  df2.replace(to_replace=r' $', value='', regex=True,inplace=True)
127.0.0.1 - - [26/Jul/2026 06:22:46] "POST /score HTTP/1.1" 200 -
/home/praghuram23/miniconda3/envs/toxin_hemo/lib/python3.10/site-packages/sklearn/base.py:439: UserWarning: X does not have valid feature names, but ExtraTreesClassifier was fitted with feature names
  warnings.warn(

This is the MERCI (Motif - EmeRging and with Classes - Identification) motif locator program.

   * Loading hierarchy NONE
   * Reading data
       input file Sequence_1 read -> 256 sequences found
   * Motif locations written to merci_p.txt

This is the MERCI (Motif - EmeRging and with Classes - Identification) motif locator program.

   * Loading hierarchy NONE
   * Reading data
       input file Sequence_1 read -> 256 sequences found
   * Motif locations written to merci_n.txt
/home/praghuram23/miniconda3/envs/toxin_hemo/lib/python3.10/site-packages/toxinpred3/python_scripts/toxinpred3.py:209: SettingWithCopyWarning: 
A value is trying to be set on a copy of a slice from a DataFrame

See the caveats in the documentation: https://pandas.pydata.org/pandas-docs/stable/user_guide/indexing.html#returning-a-view-versus-a-copy
  df2.replace(to_replace=r"\)", value='', regex=True, inplace=True)
/home/praghuram23/miniconda3/envs/toxin_hemo/lib/python3.10/site-packages/toxinpred3/python_scripts/toxinpred3.py:210: SettingWithCopyWarning: 
A value is trying to be set on a copy of a slice from a DataFrame

See the caveats in the documentation: https://pandas.pydata.org/pandas-docs/stable/user_guide/indexing.html#returning-a-view-versus-a-copy
  df2.replace(to_replace=r'motifs match', value='', regex=True, inplace=True)
/home/praghuram23/miniconda3/envs/toxin_hemo/lib/python3.10/site-packages/toxinpred3/python_scripts/toxinpred3.py:211: SettingWithCopyWarning: 
A value is trying to be set on a copy of a slice from a DataFrame

See the caveats in the documentation: https://pandas.pydata.org/pandas-docs/stable/user_guide/indexing.html#returning-a-view-versus-a-copy
  df2.replace(to_replace=r' $', value='', regex=True,inplace=True)
127.0.0.1 - - [26/Jul/2026 06:23:16] "POST /score HTTP/1.1" 200 -
/home/praghuram23/miniconda3/envs/toxin_hemo/lib/python3.10/site-packages/sklearn/base.py:439: UserWarning: X does not have valid feature names, but ExtraTreesClassifier was fitted with feature names
  warnings.warn(

This is the MERCI (Motif - EmeRging and with Classes - Identification) motif locator program.

   * Loading hierarchy NONE
   * Reading data
       input file Sequence_1 read -> 256 sequences found
   * Motif locations written to merci_p.txt

This is the MERCI (Motif - EmeRging and with Classes - Identification) motif locator program.

   * Loading hierarchy NONE
   * Reading data
       input file Sequence_1 read -> 256 sequences found
   * Motif locations written to merci_n.txt
/home/praghuram23/miniconda3/envs/toxin_hemo/lib/python3.10/site-packages/toxinpred3/python_scripts/toxinpred3.py:209: SettingWithCopyWarning: 
A value is trying to be set on a copy of a slice from a DataFrame

See the caveats in the documentation: https://pandas.pydata.org/pandas-docs/stable/user_guide/indexing.html#returning-a-view-versus-a-copy
  df2.replace(to_replace=r"\)", value='', regex=True, inplace=True)
/home/praghuram23/miniconda3/envs/toxin_hemo/lib/python3.10/site-packages/toxinpred3/python_scripts/toxinpred3.py:210: SettingWithCopyWarning: 
A value is trying to be set on a copy of a slice from a DataFrame

See the caveats in the documentation: https://pandas.pydata.org/pandas-docs/stable/user_guide/indexing.html#returning-a-view-versus-a-copy
  df2.replace(to_replace=r'motifs match', value='', regex=True, inplace=True)
/home/praghuram23/miniconda3/envs/toxin_hemo/lib/python3.10/site-packages/toxinpred3/python_scripts/toxinpred3.py:211: SettingWithCopyWarning: 
A value is trying to be set on a copy of a slice from a DataFrame

See the caveats in the documentation: https://pandas.pydata.org/pandas-docs/stable/user_guide/indexing.html#returning-a-view-versus-a-copy
  df2.replace(to_replace=r' $', value='', regex=True,inplace=True)
127.0.0.1 - - [26/Jul/2026 06:23:46] "POST /score HTTP/1.1" 200 -
/home/praghuram23/miniconda3/envs/toxin_hemo/lib/python3.10/site-packages/sklearn/base.py:439: UserWarning: X does not have valid feature names, but ExtraTreesClassifier was fitted with feature names
  warnings.warn(

This is the MERCI (Motif - EmeRging and with Classes - Identification) motif locator program.

   * Loading hierarchy NONE
   * Reading data
       input file Sequence_1 read -> 256 sequences found
   * Motif locations written to merci_p.txt

This is the MERCI (Motif - EmeRging and with Classes - Identification) motif locator program.

   * Loading hierarchy NONE
   * Reading data
       input file Sequence_1 read -> 256 sequences found
   * Motif locations written to merci_n.txt
/home/praghuram23/miniconda3/envs/toxin_hemo/lib/python3.10/site-packages/toxinpred3/python_scripts/toxinpred3.py:209: SettingWithCopyWarning: 
A value is trying to be set on a copy of a slice from a DataFrame

See the caveats in the documentation: https://pandas.pydata.org/pandas-docs/stable/user_guide/indexing.html#returning-a-view-versus-a-copy
  df2.replace(to_replace=r"\)", value='', regex=True, inplace=True)
/home/praghuram23/miniconda3/envs/toxin_hemo/lib/python3.10/site-packages/toxinpred3/python_scripts/toxinpred3.py:210: SettingWithCopyWarning: 
A value is trying to be set on a copy of a slice from a DataFrame

See the caveats in the documentation: https://pandas.pydata.org/pandas-docs/stable/user_guide/indexing.html#returning-a-view-versus-a-copy
  df2.replace(to_replace=r'motifs match', value='', regex=True, inplace=True)
/home/praghuram23/miniconda3/envs/toxin_hemo/lib/python3.10/site-packages/toxinpred3/python_scripts/toxinpred3.py:211: SettingWithCopyWarning: 
A value is trying to be set on a copy of a slice from a DataFrame

See the caveats in the documentation: https://pandas.pydata.org/pandas-docs/stable/user_guide/indexing.html#returning-a-view-versus-a-copy
  df2.replace(to_replace=r' $', value='', regex=True,inplace=True)
127.0.0.1 - - [26/Jul/2026 06:24:16] "POST /score HTTP/1.1" 200 -
/home/praghuram23/miniconda3/envs/toxin_hemo/lib/python3.10/site-packages/sklearn/base.py:439: UserWarning: X does not have valid feature names, but ExtraTreesClassifier was fitted with feature names
  warnings.warn(

This is the MERCI (Motif - EmeRging and with Classes - Identification) motif locator program.

   * Loading hierarchy NONE
   * Reading data
       input file Sequence_1 read -> 256 sequences found
   * Motif locations written to merci_p.txt

This is the MERCI (Motif - EmeRging and with Classes - Identification) motif locator program.

   * Loading hierarchy NONE
   * Reading data
       input file Sequence_1 read -> 256 sequences found
   * Motif locations written to merci_n.txt
/home/praghuram23/miniconda3/envs/toxin_hemo/lib/python3.10/site-packages/toxinpred3/python_scripts/toxinpred3.py:209: SettingWithCopyWarning: 
A value is trying to be set on a copy of a slice from a DataFrame

See the caveats in the documentation: https://pandas.pydata.org/pandas-docs/stable/user_guide/indexing.html#returning-a-view-versus-a-copy
  df2.replace(to_replace=r"\)", value='', regex=True, inplace=True)
/home/praghuram23/miniconda3/envs/toxin_hemo/lib/python3.10/site-packages/toxinpred3/python_scripts/toxinpred3.py:210: SettingWithCopyWarning: 
A value is trying to be set on a copy of a slice from a DataFrame

See the caveats in the documentation: https://pandas.pydata.org/pandas-docs/stable/user_guide/indexing.html#returning-a-view-versus-a-copy
  df2.replace(to_replace=r'motifs match', value='', regex=True, inplace=True)
/home/praghuram23/miniconda3/envs/toxin_hemo/lib/python3.10/site-packages/toxinpred3/python_scripts/toxinpred3.py:211: SettingWithCopyWarning: 
A value is trying to be set on a copy of a slice from a DataFrame

See the caveats in the documentation: https://pandas.pydata.org/pandas-docs/stable/user_guide/indexing.html#returning-a-view-versus-a-copy
  df2.replace(to_replace=r' $', value='', regex=True,inplace=True)
127.0.0.1 - - [26/Jul/2026 06:24:44] "POST /score HTTP/1.1" 200 -
/home/praghuram23/miniconda3/envs/toxin_hemo/lib/python3.10/site-packages/sklearn/base.py:439: UserWarning: X does not have valid feature names, but ExtraTreesClassifier was fitted with feature names
  warnings.warn(

This is the MERCI (Motif - EmeRging and with Classes - Identification) motif locator program.

   * Loading hierarchy NONE
   * Reading data
       input file Sequence_1 read -> 256 sequences found
   * Motif locations written to merci_p.txt

This is the MERCI (Motif - EmeRging and with Classes - Identification) motif locator program.

   * Loading hierarchy NONE
   * Reading data
       input file Sequence_1 read -> 256 sequences found
   * Motif locations written to merci_n.txt
/home/praghuram23/miniconda3/envs/toxin_hemo/lib/python3.10/site-packages/toxinpred3/python_scripts/toxinpred3.py:209: SettingWithCopyWarning: 
A value is trying to be set on a copy of a slice from a DataFrame

See the caveats in the documentation: https://pandas.pydata.org/pandas-docs/stable/user_guide/indexing.html#returning-a-view-versus-a-copy
  df2.replace(to_replace=r"\)", value='', regex=True, inplace=True)
/home/praghuram23/miniconda3/envs/toxin_hemo/lib/python3.10/site-packages/toxinpred3/python_scripts/toxinpred3.py:210: SettingWithCopyWarning: 
A value is trying to be set on a copy of a slice from a DataFrame

See the caveats in the documentation: https://pandas.pydata.org/pandas-docs/stable/user_guide/indexing.html#returning-a-view-versus-a-copy
  df2.replace(to_replace=r'motifs match', value='', regex=True, inplace=True)
/home/praghuram23/miniconda3/envs/toxin_hemo/lib/python3.10/site-packages/toxinpred3/python_scripts/toxinpred3.py:211: SettingWithCopyWarning: 
A value is trying to be set on a copy of a slice from a DataFrame

See the caveats in the documentation: https://pandas.pydata.org/pandas-docs/stable/user_guide/indexing.html#returning-a-view-versus-a-copy
  df2.replace(to_replace=r' $', value='', regex=True,inplace=True)
127.0.0.1 - - [26/Jul/2026 06:25:12] "POST /score HTTP/1.1" 200 -
/home/praghuram23/miniconda3/envs/toxin_hemo/lib/python3.10/site-packages/sklearn/base.py:439: UserWarning: X does not have valid feature names, but ExtraTreesClassifier was fitted with feature names
  warnings.warn(

This is the MERCI (Motif - EmeRging and with Classes - Identification) motif locator program.

   * Loading hierarchy NONE
   * Reading data
       input file Sequence_1 read -> 256 sequences found
   * Motif locations written to merci_p.txt

This is the MERCI (Motif - EmeRging and with Classes - Identification) motif locator program.

   * Loading hierarchy NONE
   * Reading data
       input file Sequence_1 read -> 256 sequences found
   * Motif locations written to merci_n.txt
/home/praghuram23/miniconda3/envs/toxin_hemo/lib/python3.10/site-packages/toxinpred3/python_scripts/toxinpred3.py:209: SettingWithCopyWarning: 
A value is trying to be set on a copy of a slice from a DataFrame

See the caveats in the documentation: https://pandas.pydata.org/pandas-docs/stable/user_guide/indexing.html#returning-a-view-versus-a-copy
  df2.replace(to_replace=r"\)", value='', regex=True, inplace=True)
/home/praghuram23/miniconda3/envs/toxin_hemo/lib/python3.10/site-packages/toxinpred3/python_scripts/toxinpred3.py:210: SettingWithCopyWarning: 
A value is trying to be set on a copy of a slice from a DataFrame

See the caveats in the documentation: https://pandas.pydata.org/pandas-docs/stable/user_guide/indexing.html#returning-a-view-versus-a-copy
  df2.replace(to_replace=r'motifs match', value='', regex=True, inplace=True)
/home/praghuram23/miniconda3/envs/toxin_hemo/lib/python3.10/site-packages/toxinpred3/python_scripts/toxinpred3.py:211: SettingWithCopyWarning: 
A value is trying to be set on a copy of a slice from a DataFrame

See the caveats in the documentation: https://pandas.pydata.org/pandas-docs/stable/user_guide/indexing.html#returning-a-view-versus-a-copy
  df2.replace(to_replace=r' $', value='', regex=True,inplace=True)
127.0.0.1 - - [26/Jul/2026 06:25:39] "POST /score HTTP/1.1" 200 -
/home/praghuram23/miniconda3/envs/toxin_hemo/lib/python3.10/site-packages/sklearn/base.py:439: UserWarning: X does not have valid feature names, but ExtraTreesClassifier was fitted with feature names
  warnings.warn(

This is the MERCI (Motif - EmeRging and with Classes - Identification) motif locator program.

   * Loading hierarchy NONE
   * Reading data
       input file Sequence_1 read -> 256 sequences found
   * Motif locations written to merci_p.txt

This is the MERCI (Motif - EmeRging and with Classes - Identification) motif locator program.

   * Loading hierarchy NONE
   * Reading data
       input file Sequence_1 read -> 256 sequences found
   * Motif locations written to merci_n.txt
/home/praghuram23/miniconda3/envs/toxin_hemo/lib/python3.10/site-packages/toxinpred3/python_scripts/toxinpred3.py:209: SettingWithCopyWarning: 
A value is trying to be set on a copy of a slice from a DataFrame

See the caveats in the documentation: https://pandas.pydata.org/pandas-docs/stable/user_guide/indexing.html#returning-a-view-versus-a-copy
  df2.replace(to_replace=r"\)", value='', regex=True, inplace=True)
/home/praghuram23/miniconda3/envs/toxin_hemo/lib/python3.10/site-packages/toxinpred3/python_scripts/toxinpred3.py:210: SettingWithCopyWarning: 
A value is trying to be set on a copy of a slice from a DataFrame

See the caveats in the documentation: https://pandas.pydata.org/pandas-docs/stable/user_guide/indexing.html#returning-a-view-versus-a-copy
  df2.replace(to_replace=r'motifs match', value='', regex=True, inplace=True)
/home/praghuram23/miniconda3/envs/toxin_hemo/lib/python3.10/site-packages/toxinpred3/python_scripts/toxinpred3.py:211: SettingWithCopyWarning: 
A value is trying to be set on a copy of a slice from a DataFrame

See the caveats in the documentation: https://pandas.pydata.org/pandas-docs/stable/user_guide/indexing.html#returning-a-view-versus-a-copy
  df2.replace(to_replace=r' $', value='', regex=True,inplace=True)
127.0.0.1 - - [26/Jul/2026 06:26:09] "POST /score HTTP/1.1" 200 -
/home/praghuram23/miniconda3/envs/toxin_hemo/lib/python3.10/site-packages/sklearn/base.py:439: UserWarning: X does not have valid feature names, but ExtraTreesClassifier was fitted with feature names
  warnings.warn(

This is the MERCI (Motif - EmeRging and with Classes - Identification) motif locator program.

   * Loading hierarchy NONE
   * Reading data
       input file Sequence_1 read -> 256 sequences found
   * Motif locations written to merci_p.txt

This is the MERCI (Motif - EmeRging and with Classes - Identification) motif locator program.

   * Loading hierarchy NONE
   * Reading data
       input file Sequence_1 read -> 256 sequences found
   * Motif locations written to merci_n.txt
/home/praghuram23/miniconda3/envs/toxin_hemo/lib/python3.10/site-packages/toxinpred3/python_scripts/toxinpred3.py:209: SettingWithCopyWarning: 
A value is trying to be set on a copy of a slice from a DataFrame

See the caveats in the documentation: https://pandas.pydata.org/pandas-docs/stable/user_guide/indexing.html#returning-a-view-versus-a-copy
  df2.replace(to_replace=r"\)", value='', regex=True, inplace=True)
/home/praghuram23/miniconda3/envs/toxin_hemo/lib/python3.10/site-packages/toxinpred3/python_scripts/toxinpred3.py:210: SettingWithCopyWarning: 
A value is trying to be set on a copy of a slice from a DataFrame

See the caveats in the documentation: https://pandas.pydata.org/pandas-docs/stable/user_guide/indexing.html#returning-a-view-versus-a-copy
  df2.replace(to_replace=r'motifs match', value='', regex=True, inplace=True)
/home/praghuram23/miniconda3/envs/toxin_hemo/lib/python3.10/site-packages/toxinpred3/python_scripts/toxinpred3.py:211: SettingWithCopyWarning: 
A value is trying to be set on a copy of a slice from a DataFrame

See the caveats in the documentation: https://pandas.pydata.org/pandas-docs/stable/user_guide/indexing.html#returning-a-view-versus-a-copy
  df2.replace(to_replace=r' $', value='', regex=True,inplace=True)
127.0.0.1 - - [26/Jul/2026 06:26:43] "POST /score HTTP/1.1" 200 -
/home/praghuram23/miniconda3/envs/toxin_hemo/lib/python3.10/site-packages/sklearn/base.py:439: UserWarning: X does not have valid feature names, but ExtraTreesClassifier was fitted with feature names
  warnings.warn(

This is the MERCI (Motif - EmeRging and with Classes - Identification) motif locator program.

   * Loading hierarchy NONE
   * Reading data
       input file Sequence_1 read -> 256 sequences found
   * Motif locations written to merci_p.txt

This is the MERCI (Motif - EmeRging and with Classes - Identification) motif locator program.

   * Loading hierarchy NONE
   * Reading data
       input file Sequence_1 read -> 256 sequences found
   * Motif locations written to merci_n.txt
/home/praghuram23/miniconda3/envs/toxin_hemo/lib/python3.10/site-packages/toxinpred3/python_scripts/toxinpred3.py:142: SettingWithCopyWarning: 
A value is trying to be set on a copy of a slice from a DataFrame

See the caveats in the documentation: https://pandas.pydata.org/pandas-docs/stable/user_guide/indexing.html#returning-a-view-versus-a-copy
  df2.replace(to_replace=r"\)", value='', regex=True, inplace=True)
/home/praghuram23/miniconda3/envs/toxin_hemo/lib/python3.10/site-packages/toxinpred3/python_scripts/toxinpred3.py:143: SettingWithCopyWarning: 
A value is trying to be set on a copy of a slice from a DataFrame

See the caveats in the documentation: https://pandas.pydata.org/pandas-docs/stable/user_guide/indexing.html#returning-a-view-versus-a-copy
  df2.replace(to_replace=r'motifs match', value='', regex=True, inplace=True)
/home/praghuram23/miniconda3/envs/toxin_hemo/lib/python3.10/site-packages/toxinpred3/python_scripts/toxinpred3.py:144: SettingWithCopyWarning: 
A value is trying to be set on a copy of a slice from a DataFrame

See the caveats in the documentation: https://pandas.pydata.org/pandas-docs/stable/user_guide/indexing.html#returning-a-view-versus-a-copy
  df2.replace(to_replace=r' $', value='', regex=True,inplace=True)
/home/praghuram23/miniconda3/envs/toxin_hemo/lib/python3.10/site-packages/toxinpred3/python_scripts/toxinpred3.py:209: SettingWithCopyWarning: 
A value is trying to be set on a copy of a slice from a DataFrame

See the caveats in the documentation: https://pandas.pydata.org/pandas-docs/stable/user_guide/indexing.html#returning-a-view-versus-a-copy
  df2.replace(to_replace=r"\)", value='', regex=True, inplace=True)
/home/praghuram23/miniconda3/envs/toxin_hemo/lib/python3.10/site-packages/toxinpred3/python_scripts/toxinpred3.py:210: SettingWithCopyWarning: 
A value is trying to be set on a copy of a slice from a DataFrame

See the caveats in the documentation: https://pandas.pydata.org/pandas-docs/stable/user_guide/indexing.html#returning-a-view-versus-a-copy
  df2.replace(to_replace=r'motifs match', value='', regex=True, inplace=True)
/home/praghuram23/miniconda3/envs/toxin_hemo/lib/python3.10/site-packages/toxinpred3/python_scripts/toxinpred3.py:211: SettingWithCopyWarning: 
A value is trying to be set on a copy of a slice from a DataFrame

See the caveats in the documentation: https://pandas.pydata.org/pandas-docs/stable/user_guide/indexing.html#returning-a-view-versus-a-copy
  df2.replace(to_replace=r' $', value='', regex=True,inplace=True)
127.0.0.1 - - [26/Jul/2026 06:27:16] "POST /score HTTP/1.1" 200 -
/home/praghuram23/miniconda3/envs/toxin_hemo/lib/python3.10/site-packages/sklearn/base.py:439: UserWarning: X does not have valid feature names, but ExtraTreesClassifier was fitted with feature names
  warnings.warn(

This is the MERCI (Motif - EmeRging and with Classes - Identification) motif locator program.

   * Loading hierarchy NONE
   * Reading data
       input file Sequence_1 read -> 256 sequences found
   * Motif locations written to merci_p.txt

This is the MERCI (Motif - EmeRging and with Classes - Identification) motif locator program.

   * Loading hierarchy NONE
   * Reading data
       input file Sequence_1 read -> 256 sequences found
   * Motif locations written to merci_n.txt
/home/praghuram23/miniconda3/envs/toxin_hemo/lib/python3.10/site-packages/toxinpred3/python_scripts/toxinpred3.py:142: SettingWithCopyWarning: 
A value is trying to be set on a copy of a slice from a DataFrame

See the caveats in the documentation: https://pandas.pydata.org/pandas-docs/stable/user_guide/indexing.html#returning-a-view-versus-a-copy
  df2.replace(to_replace=r"\)", value='', regex=True, inplace=True)
/home/praghuram23/miniconda3/envs/toxin_hemo/lib/python3.10/site-packages/toxinpred3/python_scripts/toxinpred3.py:143: SettingWithCopyWarning: 
A value is trying to be set on a copy of a slice from a DataFrame

See the caveats in the documentation: https://pandas.pydata.org/pandas-docs/stable/user_guide/indexing.html#returning-a-view-versus-a-copy
  df2.replace(to_replace=r'motifs match', value='', regex=True, inplace=True)
/home/praghuram23/miniconda3/envs/toxin_hemo/lib/python3.10/site-packages/toxinpred3/python_scripts/toxinpred3.py:144: SettingWithCopyWarning: 
A value is trying to be set on a copy of a slice from a DataFrame

See the caveats in the documentation: https://pandas.pydata.org/pandas-docs/stable/user_guide/indexing.html#returning-a-view-versus-a-copy
  df2.replace(to_replace=r' $', value='', regex=True,inplace=True)
/home/praghuram23/miniconda3/envs/toxin_hemo/lib/python3.10/site-packages/toxinpred3/python_scripts/toxinpred3.py:209: SettingWithCopyWarning: 
A value is trying to be set on a copy of a slice from a DataFrame

See the caveats in the documentation: https://pandas.pydata.org/pandas-docs/stable/user_guide/indexing.html#returning-a-view-versus-a-copy
  df2.replace(to_replace=r"\)", value='', regex=True, inplace=True)
/home/praghuram23/miniconda3/envs/toxin_hemo/lib/python3.10/site-packages/toxinpred3/python_scripts/toxinpred3.py:210: SettingWithCopyWarning: 
A value is trying to be set on a copy of a slice from a DataFrame

See the caveats in the documentation: https://pandas.pydata.org/pandas-docs/stable/user_guide/indexing.html#returning-a-view-versus-a-copy
  df2.replace(to_replace=r'motifs match', value='', regex=True, inplace=True)
/home/praghuram23/miniconda3/envs/toxin_hemo/lib/python3.10/site-packages/toxinpred3/python_scripts/toxinpred3.py:211: SettingWithCopyWarning: 
A value is trying to be set on a copy of a slice from a DataFrame

See the caveats in the documentation: https://pandas.pydata.org/pandas-docs/stable/user_guide/indexing.html#returning-a-view-versus-a-copy
  df2.replace(to_replace=r' $', value='', regex=True,inplace=True)
127.0.0.1 - - [26/Jul/2026 06:27:46] "POST /score HTTP/1.1" 200 -
/home/praghuram23/miniconda3/envs/toxin_hemo/lib/python3.10/site-packages/sklearn/base.py:439: UserWarning: X does not have valid feature names, but ExtraTreesClassifier was fitted with feature names
  warnings.warn(

This is the MERCI (Motif - EmeRging and with Classes - Identification) motif locator program.

   * Loading hierarchy NONE
   * Reading data
       input file Sequence_1 read -> 256 sequences found
   * Motif locations written to merci_p.txt

This is the MERCI (Motif - EmeRging and with Classes - Identification) motif locator program.

   * Loading hierarchy NONE
   * Reading data
       input file Sequence_1 read -> 256 sequences found
   * Motif locations written to merci_n.txt
/home/praghuram23/miniconda3/envs/toxin_hemo/lib/python3.10/site-packages/toxinpred3/python_scripts/toxinpred3.py:209: SettingWithCopyWarning: 
A value is trying to be set on a copy of a slice from a DataFrame

See the caveats in the documentation: https://pandas.pydata.org/pandas-docs/stable/user_guide/indexing.html#returning-a-view-versus-a-copy
  df2.replace(to_replace=r"\)", value='', regex=True, inplace=True)
/home/praghuram23/miniconda3/envs/toxin_hemo/lib/python3.10/site-packages/toxinpred3/python_scripts/toxinpred3.py:210: SettingWithCopyWarning: 
A value is trying to be set on a copy of a slice from a DataFrame

See the caveats in the documentation: https://pandas.pydata.org/pandas-docs/stable/user_guide/indexing.html#returning-a-view-versus-a-copy
  df2.replace(to_replace=r'motifs match', value='', regex=True, inplace=True)
/home/praghuram23/miniconda3/envs/toxin_hemo/lib/python3.10/site-packages/toxinpred3/python_scripts/toxinpred3.py:211: SettingWithCopyWarning: 
A value is trying to be set on a copy of a slice from a DataFrame

See the caveats in the documentation: https://pandas.pydata.org/pandas-docs/stable/user_guide/indexing.html#returning-a-view-versus-a-copy
  df2.replace(to_replace=r' $', value='', regex=True,inplace=True)
127.0.0.1 - - [26/Jul/2026 06:28:17] "POST /score HTTP/1.1" 200 -
/home/praghuram23/miniconda3/envs/toxin_hemo/lib/python3.10/site-packages/sklearn/base.py:439: UserWarning: X does not have valid feature names, but ExtraTreesClassifier was fitted with feature names
  warnings.warn(

This is the MERCI (Motif - EmeRging and with Classes - Identification) motif locator program.

   * Loading hierarchy NONE
   * Reading data
       input file Sequence_1 read -> 256 sequences found
   * Motif locations written to merci_p.txt

This is the MERCI (Motif - EmeRging and with Classes - Identification) motif locator program.

   * Loading hierarchy NONE
   * Reading data
       input file Sequence_1 read -> 256 sequences found
   * Motif locations written to merci_n.txt
/home/praghuram23/miniconda3/envs/toxin_hemo/lib/python3.10/site-packages/toxinpred3/python_scripts/toxinpred3.py:209: SettingWithCopyWarning: 
A value is trying to be set on a copy of a slice from a DataFrame

See the caveats in the documentation: https://pandas.pydata.org/pandas-docs/stable/user_guide/indexing.html#returning-a-view-versus-a-copy
  df2.replace(to_replace=r"\)", value='', regex=True, inplace=True)
/home/praghuram23/miniconda3/envs/toxin_hemo/lib/python3.10/site-packages/toxinpred3/python_scripts/toxinpred3.py:210: SettingWithCopyWarning: 
A value is trying to be set on a copy of a slice from a DataFrame

See the caveats in the documentation: https://pandas.pydata.org/pandas-docs/stable/user_guide/indexing.html#returning-a-view-versus-a-copy
  df2.replace(to_replace=r'motifs match', value='', regex=True, inplace=True)
/home/praghuram23/miniconda3/envs/toxin_hemo/lib/python3.10/site-packages/toxinpred3/python_scripts/toxinpred3.py:211: SettingWithCopyWarning: 
A value is trying to be set on a copy of a slice from a DataFrame

See the caveats in the documentation: https://pandas.pydata.org/pandas-docs/stable/user_guide/indexing.html#returning-a-view-versus-a-copy
  df2.replace(to_replace=r' $', value='', regex=True,inplace=True)
127.0.0.1 - - [26/Jul/2026 06:28:47] "POST /score HTTP/1.1" 200 -
/home/praghuram23/miniconda3/envs/toxin_hemo/lib/python3.10/site-packages/sklearn/base.py:439: UserWarning: X does not have valid feature names, but ExtraTreesClassifier was fitted with feature names
  warnings.warn(

This is the MERCI (Motif - EmeRging and with Classes - Identification) motif locator program.

   * Loading hierarchy NONE
   * Reading data
       input file Sequence_1 read -> 256 sequences found
   * Motif locations written to merci_p.txt

This is the MERCI (Motif - EmeRging and with Classes - Identification) motif locator program.

   * Loading hierarchy NONE
   * Reading data
       input file Sequence_1 read -> 256 sequences found
   * Motif locations written to merci_n.txt
/home/praghuram23/miniconda3/envs/toxin_hemo/lib/python3.10/site-packages/toxinpred3/python_scripts/toxinpred3.py:142: SettingWithCopyWarning: 
A value is trying to be set on a copy of a slice from a DataFrame

See the caveats in the documentation: https://pandas.pydata.org/pandas-docs/stable/user_guide/indexing.html#returning-a-view-versus-a-copy
  df2.replace(to_replace=r"\)", value='', regex=True, inplace=True)
/home/praghuram23/miniconda3/envs/toxin_hemo/lib/python3.10/site-packages/toxinpred3/python_scripts/toxinpred3.py:143: SettingWithCopyWarning: 
A value is trying to be set on a copy of a slice from a DataFrame

See the caveats in the documentation: https://pandas.pydata.org/pandas-docs/stable/user_guide/indexing.html#returning-a-view-versus-a-copy
  df2.replace(to_replace=r'motifs match', value='', regex=True, inplace=True)
/home/praghuram23/miniconda3/envs/toxin_hemo/lib/python3.10/site-packages/toxinpred3/python_scripts/toxinpred3.py:144: SettingWithCopyWarning: 
A value is trying to be set on a copy of a slice from a DataFrame

See the caveats in the documentation: https://pandas.pydata.org/pandas-docs/stable/user_guide/indexing.html#returning-a-view-versus-a-copy
  df2.replace(to_replace=r' $', value='', regex=True,inplace=True)
/home/praghuram23/miniconda3/envs/toxin_hemo/lib/python3.10/site-packages/toxinpred3/python_scripts/toxinpred3.py:209: SettingWithCopyWarning: 
A value is trying to be set on a copy of a slice from a DataFrame

See the caveats in the documentation: https://pandas.pydata.org/pandas-docs/stable/user_guide/indexing.html#returning-a-view-versus-a-copy
  df2.replace(to_replace=r"\)", value='', regex=True, inplace=True)
/home/praghuram23/miniconda3/envs/toxin_hemo/lib/python3.10/site-packages/toxinpred3/python_scripts/toxinpred3.py:210: SettingWithCopyWarning: 
A value is trying to be set on a copy of a slice from a DataFrame

See the caveats in the documentation: https://pandas.pydata.org/pandas-docs/stable/user_guide/indexing.html#returning-a-view-versus-a-copy
  df2.replace(to_replace=r'motifs match', value='', regex=True, inplace=True)
/home/praghuram23/miniconda3/envs/toxin_hemo/lib/python3.10/site-packages/toxinpred3/python_scripts/toxinpred3.py:211: SettingWithCopyWarning: 
A value is trying to be set on a copy of a slice from a DataFrame

See the caveats in the documentation: https://pandas.pydata.org/pandas-docs/stable/user_guide/indexing.html#returning-a-view-versus-a-copy
  df2.replace(to_replace=r' $', value='', regex=True,inplace=True)
127.0.0.1 - - [26/Jul/2026 06:29:16] "POST /score HTTP/1.1" 200 -
/home/praghuram23/miniconda3/envs/toxin_hemo/lib/python3.10/site-packages/sklearn/base.py:439: UserWarning: X does not have valid feature names, but ExtraTreesClassifier was fitted with feature names
  warnings.warn(

This is the MERCI (Motif - EmeRging and with Classes - Identification) motif locator program.

   * Loading hierarchy NONE
   * Reading data
       input file Sequence_1 read -> 256 sequences found
   * Motif locations written to merci_p.txt

This is the MERCI (Motif - EmeRging and with Classes - Identification) motif locator program.

   * Loading hierarchy NONE
   * Reading data
       input file Sequence_1 read -> 256 sequences found
   * Motif locations written to merci_n.txt
/home/praghuram23/miniconda3/envs/toxin_hemo/lib/python3.10/site-packages/toxinpred3/python_scripts/toxinpred3.py:209: SettingWithCopyWarning: 
A value is trying to be set on a copy of a slice from a DataFrame

See the caveats in the documentation: https://pandas.pydata.org/pandas-docs/stable/user_guide/indexing.html#returning-a-view-versus-a-copy
  df2.replace(to_replace=r"\)", value='', regex=True, inplace=True)
/home/praghuram23/miniconda3/envs/toxin_hemo/lib/python3.10/site-packages/toxinpred3/python_scripts/toxinpred3.py:210: SettingWithCopyWarning: 
A value is trying to be set on a copy of a slice from a DataFrame

See the caveats in the documentation: https://pandas.pydata.org/pandas-docs/stable/user_guide/indexing.html#returning-a-view-versus-a-copy
  df2.replace(to_replace=r'motifs match', value='', regex=True, inplace=True)
/home/praghuram23/miniconda3/envs/toxin_hemo/lib/python3.10/site-packages/toxinpred3/python_scripts/toxinpred3.py:211: SettingWithCopyWarning: 
A value is trying to be set on a copy of a slice from a DataFrame

See the caveats in the documentation: https://pandas.pydata.org/pandas-docs/stable/user_guide/indexing.html#returning-a-view-versus-a-copy
  df2.replace(to_replace=r' $', value='', regex=True,inplace=True)
127.0.0.1 - - [26/Jul/2026 06:29:45] "POST /score HTTP/1.1" 200 -
/home/praghuram23/miniconda3/envs/toxin_hemo/lib/python3.10/site-packages/sklearn/base.py:439: UserWarning: X does not have valid feature names, but ExtraTreesClassifier was fitted with feature names
  warnings.warn(

This is the MERCI (Motif - EmeRging and with Classes - Identification) motif locator program.

   * Loading hierarchy NONE
   * Reading data
       input file Sequence_1 read -> 256 sequences found
   * Motif locations written to merci_p.txt

This is the MERCI (Motif - EmeRging and with Classes - Identification) motif locator program.

   * Loading hierarchy NONE
   * Reading data
       input file Sequence_1 read -> 256 sequences found
   * Motif locations written to merci_n.txt
/home/praghuram23/miniconda3/envs/toxin_hemo/lib/python3.10/site-packages/toxinpred3/python_scripts/toxinpred3.py:142: SettingWithCopyWarning: 
A value is trying to be set on a copy of a slice from a DataFrame

See the caveats in the documentation: https://pandas.pydata.org/pandas-docs/stable/user_guide/indexing.html#returning-a-view-versus-a-copy
  df2.replace(to_replace=r"\)", value='', regex=True, inplace=True)
/home/praghuram23/miniconda3/envs/toxin_hemo/lib/python3.10/site-packages/toxinpred3/python_scripts/toxinpred3.py:143: SettingWithCopyWarning: 
A value is trying to be set on a copy of a slice from a DataFrame

See the caveats in the documentation: https://pandas.pydata.org/pandas-docs/stable/user_guide/indexing.html#returning-a-view-versus-a-copy
  df2.replace(to_replace=r'motifs match', value='', regex=True, inplace=True)
/home/praghuram23/miniconda3/envs/toxin_hemo/lib/python3.10/site-packages/toxinpred3/python_scripts/toxinpred3.py:144: SettingWithCopyWarning: 
A value is trying to be set on a copy of a slice from a DataFrame

See the caveats in the documentation: https://pandas.pydata.org/pandas-docs/stable/user_guide/indexing.html#returning-a-view-versus-a-copy
  df2.replace(to_replace=r' $', value='', regex=True,inplace=True)
/home/praghuram23/miniconda3/envs/toxin_hemo/lib/python3.10/site-packages/toxinpred3/python_scripts/toxinpred3.py:209: SettingWithCopyWarning: 
A value is trying to be set on a copy of a slice from a DataFrame

See the caveats in the documentation: https://pandas.pydata.org/pandas-docs/stable/user_guide/indexing.html#returning-a-view-versus-a-copy
  df2.replace(to_replace=r"\)", value='', regex=True, inplace=True)
/home/praghuram23/miniconda3/envs/toxin_hemo/lib/python3.10/site-packages/toxinpred3/python_scripts/toxinpred3.py:210: SettingWithCopyWarning: 
A value is trying to be set on a copy of a slice from a DataFrame

See the caveats in the documentation: https://pandas.pydata.org/pandas-docs/stable/user_guide/indexing.html#returning-a-view-versus-a-copy
  df2.replace(to_replace=r'motifs match', value='', regex=True, inplace=True)
/home/praghuram23/miniconda3/envs/toxin_hemo/lib/python3.10/site-packages/toxinpred3/python_scripts/toxinpred3.py:211: SettingWithCopyWarning: 
A value is trying to be set on a copy of a slice from a DataFrame

See the caveats in the documentation: https://pandas.pydata.org/pandas-docs/stable/user_guide/indexing.html#returning-a-view-versus-a-copy
  df2.replace(to_replace=r' $', value='', regex=True,inplace=True)
127.0.0.1 - - [26/Jul/2026 06:30:14] "POST /score HTTP/1.1" 200 -
/home/praghuram23/miniconda3/envs/toxin_hemo/lib/python3.10/site-packages/sklearn/base.py:439: UserWarning: X does not have valid feature names, but ExtraTreesClassifier was fitted with feature names
  warnings.warn(

This is the MERCI (Motif - EmeRging and with Classes - Identification) motif locator program.

   * Loading hierarchy NONE
   * Reading data
       input file Sequence_1 read -> 256 sequences found
   * Motif locations written to merci_p.txt

This is the MERCI (Motif - EmeRging and with Classes - Identification) motif locator program.

   * Loading hierarchy NONE
   * Reading data
       input file Sequence_1 read -> 256 sequences found
   * Motif locations written to merci_n.txt
/home/praghuram23/miniconda3/envs/toxin_hemo/lib/python3.10/site-packages/toxinpred3/python_scripts/toxinpred3.py:142: SettingWithCopyWarning: 
A value is trying to be set on a copy of a slice from a DataFrame

See the caveats in the documentation: https://pandas.pydata.org/pandas-docs/stable/user_guide/indexing.html#returning-a-view-versus-a-copy
  df2.replace(to_replace=r"\)", value='', regex=True, inplace=True)
/home/praghuram23/miniconda3/envs/toxin_hemo/lib/python3.10/site-packages/toxinpred3/python_scripts/toxinpred3.py:143: SettingWithCopyWarning: 
A value is trying to be set on a copy of a slice from a DataFrame

See the caveats in the documentation: https://pandas.pydata.org/pandas-docs/stable/user_guide/indexing.html#returning-a-view-versus-a-copy
  df2.replace(to_replace=r'motifs match', value='', regex=True, inplace=True)
/home/praghuram23/miniconda3/envs/toxin_hemo/lib/python3.10/site-packages/toxinpred3/python_scripts/toxinpred3.py:144: SettingWithCopyWarning: 
A value is trying to be set on a copy of a slice from a DataFrame

See the caveats in the documentation: https://pandas.pydata.org/pandas-docs/stable/user_guide/indexing.html#returning-a-view-versus-a-copy
  df2.replace(to_replace=r' $', value='', regex=True,inplace=True)
/home/praghuram23/miniconda3/envs/toxin_hemo/lib/python3.10/site-packages/toxinpred3/python_scripts/toxinpred3.py:209: SettingWithCopyWarning: 
A value is trying to be set on a copy of a slice from a DataFrame

See the caveats in the documentation: https://pandas.pydata.org/pandas-docs/stable/user_guide/indexing.html#returning-a-view-versus-a-copy
  df2.replace(to_replace=r"\)", value='', regex=True, inplace=True)
/home/praghuram23/miniconda3/envs/toxin_hemo/lib/python3.10/site-packages/toxinpred3/python_scripts/toxinpred3.py:210: SettingWithCopyWarning: 
A value is trying to be set on a copy of a slice from a DataFrame

See the caveats in the documentation: https://pandas.pydata.org/pandas-docs/stable/user_guide/indexing.html#returning-a-view-versus-a-copy
  df2.replace(to_replace=r'motifs match', value='', regex=True, inplace=True)
/home/praghuram23/miniconda3/envs/toxin_hemo/lib/python3.10/site-packages/toxinpred3/python_scripts/toxinpred3.py:211: SettingWithCopyWarning: 
A value is trying to be set on a copy of a slice from a DataFrame

See the caveats in the documentation: https://pandas.pydata.org/pandas-docs/stable/user_guide/indexing.html#returning-a-view-versus-a-copy
  df2.replace(to_replace=r' $', value='', regex=True,inplace=True)
127.0.0.1 - - [26/Jul/2026 06:30:42] "POST /score HTTP/1.1" 200 -
/home/praghuram23/miniconda3/envs/toxin_hemo/lib/python3.10/site-packages/sklearn/base.py:439: UserWarning: X does not have valid feature names, but ExtraTreesClassifier was fitted with feature names
  warnings.warn(

This is the MERCI (Motif - EmeRging and with Classes - Identification) motif locator program.

   * Loading hierarchy NONE
   * Reading data
       input file Sequence_1 read -> 256 sequences found
   * Motif locations written to merci_p.txt

This is the MERCI (Motif - EmeRging and with Classes - Identification) motif locator program.

   * Loading hierarchy NONE
   * Reading data
       input file Sequence_1 read -> 256 sequences found
   * Motif locations written to merci_n.txt
/home/praghuram23/miniconda3/envs/toxin_hemo/lib/python3.10/site-packages/toxinpred3/python_scripts/toxinpred3.py:142: SettingWithCopyWarning: 
A value is trying to be set on a copy of a slice from a DataFrame

See the caveats in the documentation: https://pandas.pydata.org/pandas-docs/stable/user_guide/indexing.html#returning-a-view-versus-a-copy
  df2.replace(to_replace=r"\)", value='', regex=True, inplace=True)
/home/praghuram23/miniconda3/envs/toxin_hemo/lib/python3.10/site-packages/toxinpred3/python_scripts/toxinpred3.py:143: SettingWithCopyWarning: 
A value is trying to be set on a copy of a slice from a DataFrame

See the caveats in the documentation: https://pandas.pydata.org/pandas-docs/stable/user_guide/indexing.html#returning-a-view-versus-a-copy
  df2.replace(to_replace=r'motifs match', value='', regex=True, inplace=True)
/home/praghuram23/miniconda3/envs/toxin_hemo/lib/python3.10/site-packages/toxinpred3/python_scripts/toxinpred3.py:144: SettingWithCopyWarning: 
A value is trying to be set on a copy of a slice from a DataFrame

See the caveats in the documentation: https://pandas.pydata.org/pandas-docs/stable/user_guide/indexing.html#returning-a-view-versus-a-copy
  df2.replace(to_replace=r' $', value='', regex=True,inplace=True)
/home/praghuram23/miniconda3/envs/toxin_hemo/lib/python3.10/site-packages/toxinpred3/python_scripts/toxinpred3.py:209: SettingWithCopyWarning: 
A value is trying to be set on a copy of a slice from a DataFrame

See the caveats in the documentation: https://pandas.pydata.org/pandas-docs/stable/user_guide/indexing.html#returning-a-view-versus-a-copy
  df2.replace(to_replace=r"\)", value='', regex=True, inplace=True)
/home/praghuram23/miniconda3/envs/toxin_hemo/lib/python3.10/site-packages/toxinpred3/python_scripts/toxinpred3.py:210: SettingWithCopyWarning: 
A value is trying to be set on a copy of a slice from a DataFrame

See the caveats in the documentation: https://pandas.pydata.org/pandas-docs/stable/user_guide/indexing.html#returning-a-view-versus-a-copy
  df2.replace(to_replace=r'motifs match', value='', regex=True, inplace=True)
/home/praghuram23/miniconda3/envs/toxin_hemo/lib/python3.10/site-packages/toxinpred3/python_scripts/toxinpred3.py:211: SettingWithCopyWarning: 
A value is trying to be set on a copy of a slice from a DataFrame

See the caveats in the documentation: https://pandas.pydata.org/pandas-docs/stable/user_guide/indexing.html#returning-a-view-versus-a-copy
  df2.replace(to_replace=r' $', value='', regex=True,inplace=True)
127.0.0.1 - - [26/Jul/2026 06:31:11] "POST /score HTTP/1.1" 200 -
/home/praghuram23/miniconda3/envs/toxin_hemo/lib/python3.10/site-packages/sklearn/base.py:439: UserWarning: X does not have valid feature names, but ExtraTreesClassifier was fitted with feature names
  warnings.warn(

This is the MERCI (Motif - EmeRging and with Classes - Identification) motif locator program.

   * Loading hierarchy NONE
   * Reading data
       input file Sequence_1 read -> 256 sequences found
   * Motif locations written to merci_p.txt

This is the MERCI (Motif - EmeRging and with Classes - Identification) motif locator program.

   * Loading hierarchy NONE
   * Reading data
       input file Sequence_1 read -> 256 sequences found
   * Motif locations written to merci_n.txt
/home/praghuram23/miniconda3/envs/toxin_hemo/lib/python3.10/site-packages/toxinpred3/python_scripts/toxinpred3.py:209: SettingWithCopyWarning: 
A value is trying to be set on a copy of a slice from a DataFrame

See the caveats in the documentation: https://pandas.pydata.org/pandas-docs/stable/user_guide/indexing.html#returning-a-view-versus-a-copy
  df2.replace(to_replace=r"\)", value='', regex=True, inplace=True)
/home/praghuram23/miniconda3/envs/toxin_hemo/lib/python3.10/site-packages/toxinpred3/python_scripts/toxinpred3.py:210: SettingWithCopyWarning: 
A value is trying to be set on a copy of a slice from a DataFrame

See the caveats in the documentation: https://pandas.pydata.org/pandas-docs/stable/user_guide/indexing.html#returning-a-view-versus-a-copy
  df2.replace(to_replace=r'motifs match', value='', regex=True, inplace=True)
/home/praghuram23/miniconda3/envs/toxin_hemo/lib/python3.10/site-packages/toxinpred3/python_scripts/toxinpred3.py:211: SettingWithCopyWarning: 
A value is trying to be set on a copy of a slice from a DataFrame

See the caveats in the documentation: https://pandas.pydata.org/pandas-docs/stable/user_guide/indexing.html#returning-a-view-versus-a-copy
  df2.replace(to_replace=r' $', value='', regex=True,inplace=True)
127.0.0.1 - - [26/Jul/2026 06:31:41] "POST /score HTTP/1.1" 200 -
/home/praghuram23/miniconda3/envs/toxin_hemo/lib/python3.10/site-packages/sklearn/base.py:439: UserWarning: X does not have valid feature names, but ExtraTreesClassifier was fitted with feature names
  warnings.warn(

This is the MERCI (Motif - EmeRging and with Classes - Identification) motif locator program.

   * Loading hierarchy NONE
   * Reading data
       input file Sequence_1 read -> 256 sequences found
   * Motif locations written to merci_p.txt

This is the MERCI (Motif - EmeRging and with Classes - Identification) motif locator program.

   * Loading hierarchy NONE
   * Reading data
       input file Sequence_1 read -> 256 sequences found
   * Motif locations written to merci_n.txt
/home/praghuram23/miniconda3/envs/toxin_hemo/lib/python3.10/site-packages/toxinpred3/python_scripts/toxinpred3.py:209: SettingWithCopyWarning: 
A value is trying to be set on a copy of a slice from a DataFrame

See the caveats in the documentation: https://pandas.pydata.org/pandas-docs/stable/user_guide/indexing.html#returning-a-view-versus-a-copy
  df2.replace(to_replace=r"\)", value='', regex=True, inplace=True)
/home/praghuram23/miniconda3/envs/toxin_hemo/lib/python3.10/site-packages/toxinpred3/python_scripts/toxinpred3.py:210: SettingWithCopyWarning: 
A value is trying to be set on a copy of a slice from a DataFrame

See the caveats in the documentation: https://pandas.pydata.org/pandas-docs/stable/user_guide/indexing.html#returning-a-view-versus-a-copy
  df2.replace(to_replace=r'motifs match', value='', regex=True, inplace=True)
/home/praghuram23/miniconda3/envs/toxin_hemo/lib/python3.10/site-packages/toxinpred3/python_scripts/toxinpred3.py:211: SettingWithCopyWarning: 
A value is trying to be set on a copy of a slice from a DataFrame

See the caveats in the documentation: https://pandas.pydata.org/pandas-docs/stable/user_guide/indexing.html#returning-a-view-versus-a-copy
  df2.replace(to_replace=r' $', value='', regex=True,inplace=True)
127.0.0.1 - - [26/Jul/2026 06:32:10] "POST /score HTTP/1.1" 200 -
/home/praghuram23/miniconda3/envs/toxin_hemo/lib/python3.10/site-packages/sklearn/base.py:439: UserWarning: X does not have valid feature names, but ExtraTreesClassifier was fitted with feature names
  warnings.warn(

This is the MERCI (Motif - EmeRging and with Classes - Identification) motif locator program.

   * Loading hierarchy NONE
   * Reading data
       input file Sequence_1 read -> 256 sequences found
   * Motif locations written to merci_p.txt

This is the MERCI (Motif - EmeRging and with Classes - Identification) motif locator program.

   * Loading hierarchy NONE
   * Reading data
       input file Sequence_1 read -> 256 sequences found
   * Motif locations written to merci_n.txt
/home/praghuram23/miniconda3/envs/toxin_hemo/lib/python3.10/site-packages/toxinpred3/python_scripts/toxinpred3.py:209: SettingWithCopyWarning: 
A value is trying to be set on a copy of a slice from a DataFrame

See the caveats in the documentation: https://pandas.pydata.org/pandas-docs/stable/user_guide/indexing.html#returning-a-view-versus-a-copy
  df2.replace(to_replace=r"\)", value='', regex=True, inplace=True)
/home/praghuram23/miniconda3/envs/toxin_hemo/lib/python3.10/site-packages/toxinpred3/python_scripts/toxinpred3.py:210: SettingWithCopyWarning: 
A value is trying to be set on a copy of a slice from a DataFrame

See the caveats in the documentation: https://pandas.pydata.org/pandas-docs/stable/user_guide/indexing.html#returning-a-view-versus-a-copy
  df2.replace(to_replace=r'motifs match', value='', regex=True, inplace=True)
/home/praghuram23/miniconda3/envs/toxin_hemo/lib/python3.10/site-packages/toxinpred3/python_scripts/toxinpred3.py:211: SettingWithCopyWarning: 
A value is trying to be set on a copy of a slice from a DataFrame

See the caveats in the documentation: https://pandas.pydata.org/pandas-docs/stable/user_guide/indexing.html#returning-a-view-versus-a-copy
  df2.replace(to_replace=r' $', value='', regex=True,inplace=True)
127.0.0.1 - - [26/Jul/2026 06:32:37] "POST /score HTTP/1.1" 200 -
/home/praghuram23/miniconda3/envs/toxin_hemo/lib/python3.10/site-packages/sklearn/base.py:439: UserWarning: X does not have valid feature names, but ExtraTreesClassifier was fitted with feature names
  warnings.warn(

This is the MERCI (Motif - EmeRging and with Classes - Identification) motif locator program.

   * Loading hierarchy NONE
   * Reading data
       input file Sequence_1 read -> 256 sequences found
   * Motif locations written to merci_p.txt

This is the MERCI (Motif - EmeRging and with Classes - Identification) motif locator program.

   * Loading hierarchy NONE
   * Reading data
       input file Sequence_1 read -> 256 sequences found
   * Motif locations written to merci_n.txt
/home/praghuram23/miniconda3/envs/toxin_hemo/lib/python3.10/site-packages/toxinpred3/python_scripts/toxinpred3.py:142: SettingWithCopyWarning: 
A value is trying to be set on a copy of a slice from a DataFrame

See the caveats in the documentation: https://pandas.pydata.org/pandas-docs/stable/user_guide/indexing.html#returning-a-view-versus-a-copy
  df2.replace(to_replace=r"\)", value='', regex=True, inplace=True)
/home/praghuram23/miniconda3/envs/toxin_hemo/lib/python3.10/site-packages/toxinpred3/python_scripts/toxinpred3.py:143: SettingWithCopyWarning: 
A value is trying to be set on a copy of a slice from a DataFrame

See the caveats in the documentation: https://pandas.pydata.org/pandas-docs/stable/user_guide/indexing.html#returning-a-view-versus-a-copy
  df2.replace(to_replace=r'motifs match', value='', regex=True, inplace=True)
/home/praghuram23/miniconda3/envs/toxin_hemo/lib/python3.10/site-packages/toxinpred3/python_scripts/toxinpred3.py:144: SettingWithCopyWarning: 
A value is trying to be set on a copy of a slice from a DataFrame

See the caveats in the documentation: https://pandas.pydata.org/pandas-docs/stable/user_guide/indexing.html#returning-a-view-versus-a-copy
  df2.replace(to_replace=r' $', value='', regex=True,inplace=True)
/home/praghuram23/miniconda3/envs/toxin_hemo/lib/python3.10/site-packages/toxinpred3/python_scripts/toxinpred3.py:209: SettingWithCopyWarning: 
A value is trying to be set on a copy of a slice from a DataFrame

See the caveats in the documentation: https://pandas.pydata.org/pandas-docs/stable/user_guide/indexing.html#returning-a-view-versus-a-copy
  df2.replace(to_replace=r"\)", value='', regex=True, inplace=True)
/home/praghuram23/miniconda3/envs/toxin_hemo/lib/python3.10/site-packages/toxinpred3/python_scripts/toxinpred3.py:210: SettingWithCopyWarning: 
A value is trying to be set on a copy of a slice from a DataFrame

See the caveats in the documentation: https://pandas.pydata.org/pandas-docs/stable/user_guide/indexing.html#returning-a-view-versus-a-copy
  df2.replace(to_replace=r'motifs match', value='', regex=True, inplace=True)
/home/praghuram23/miniconda3/envs/toxin_hemo/lib/python3.10/site-packages/toxinpred3/python_scripts/toxinpred3.py:211: SettingWithCopyWarning: 
A value is trying to be set on a copy of a slice from a DataFrame

See the caveats in the documentation: https://pandas.pydata.org/pandas-docs/stable/user_guide/indexing.html#returning-a-view-versus-a-copy
  df2.replace(to_replace=r' $', value='', regex=True,inplace=True)
127.0.0.1 - - [26/Jul/2026 06:33:07] "POST /score HTTP/1.1" 200 -
/home/praghuram23/miniconda3/envs/toxin_hemo/lib/python3.10/site-packages/sklearn/base.py:439: UserWarning: X does not have valid feature names, but ExtraTreesClassifier was fitted with feature names
  warnings.warn(

This is the MERCI (Motif - EmeRging and with Classes - Identification) motif locator program.

   * Loading hierarchy NONE
   * Reading data
       input file Sequence_1 read -> 256 sequences found
   * Motif locations written to merci_p.txt

This is the MERCI (Motif - EmeRging and with Classes - Identification) motif locator program.

   * Loading hierarchy NONE
   * Reading data
       input file Sequence_1 read -> 256 sequences found
   * Motif locations written to merci_n.txt
/home/praghuram23/miniconda3/envs/toxin_hemo/lib/python3.10/site-packages/toxinpred3/python_scripts/toxinpred3.py:209: SettingWithCopyWarning: 
A value is trying to be set on a copy of a slice from a DataFrame

See the caveats in the documentation: https://pandas.pydata.org/pandas-docs/stable/user_guide/indexing.html#returning-a-view-versus-a-copy
  df2.replace(to_replace=r"\)", value='', regex=True, inplace=True)
/home/praghuram23/miniconda3/envs/toxin_hemo/lib/python3.10/site-packages/toxinpred3/python_scripts/toxinpred3.py:210: SettingWithCopyWarning: 
A value is trying to be set on a copy of a slice from a DataFrame

See the caveats in the documentation: https://pandas.pydata.org/pandas-docs/stable/user_guide/indexing.html#returning-a-view-versus-a-copy
  df2.replace(to_replace=r'motifs match', value='', regex=True, inplace=True)
/home/praghuram23/miniconda3/envs/toxin_hemo/lib/python3.10/site-packages/toxinpred3/python_scripts/toxinpred3.py:211: SettingWithCopyWarning: 
A value is trying to be set on a copy of a slice from a DataFrame

See the caveats in the documentation: https://pandas.pydata.org/pandas-docs/stable/user_guide/indexing.html#returning-a-view-versus-a-copy
  df2.replace(to_replace=r' $', value='', regex=True,inplace=True)
127.0.0.1 - - [26/Jul/2026 06:33:34] "POST /score HTTP/1.1" 200 -
/home/praghuram23/miniconda3/envs/toxin_hemo/lib/python3.10/site-packages/sklearn/base.py:439: UserWarning: X does not have valid feature names, but ExtraTreesClassifier was fitted with feature names
  warnings.warn(

This is the MERCI (Motif - EmeRging and with Classes - Identification) motif locator program.

   * Loading hierarchy NONE
   * Reading data
       input file Sequence_1 read -> 256 sequences found
   * Motif locations written to merci_p.txt

This is the MERCI (Motif - EmeRging and with Classes - Identification) motif locator program.

   * Loading hierarchy NONE
   * Reading data
       input file Sequence_1 read -> 256 sequences found
   * Motif locations written to merci_n.txt
/home/praghuram23/miniconda3/envs/toxin_hemo/lib/python3.10/site-packages/toxinpred3/python_scripts/toxinpred3.py:209: SettingWithCopyWarning: 
A value is trying to be set on a copy of a slice from a DataFrame

See the caveats in the documentation: https://pandas.pydata.org/pandas-docs/stable/user_guide/indexing.html#returning-a-view-versus-a-copy
  df2.replace(to_replace=r"\)", value='', regex=True, inplace=True)
/home/praghuram23/miniconda3/envs/toxin_hemo/lib/python3.10/site-packages/toxinpred3/python_scripts/toxinpred3.py:210: SettingWithCopyWarning: 
A value is trying to be set on a copy of a slice from a DataFrame

See the caveats in the documentation: https://pandas.pydata.org/pandas-docs/stable/user_guide/indexing.html#returning-a-view-versus-a-copy
  df2.replace(to_replace=r'motifs match', value='', regex=True, inplace=True)
/home/praghuram23/miniconda3/envs/toxin_hemo/lib/python3.10/site-packages/toxinpred3/python_scripts/toxinpred3.py:211: SettingWithCopyWarning: 
A value is trying to be set on a copy of a slice from a DataFrame

See the caveats in the documentation: https://pandas.pydata.org/pandas-docs/stable/user_guide/indexing.html#returning-a-view-versus-a-copy
  df2.replace(to_replace=r' $', value='', regex=True,inplace=True)
127.0.0.1 - - [26/Jul/2026 06:34:02] "POST /score HTTP/1.1" 200 -
/home/praghuram23/miniconda3/envs/toxin_hemo/lib/python3.10/site-packages/sklearn/base.py:439: UserWarning: X does not have valid feature names, but ExtraTreesClassifier was fitted with feature names
  warnings.warn(

This is the MERCI (Motif - EmeRging and with Classes - Identification) motif locator program.

   * Loading hierarchy NONE
   * Reading data
       input file Sequence_1 read -> 256 sequences found
   * Motif locations written to merci_p.txt

This is the MERCI (Motif - EmeRging and with Classes - Identification) motif locator program.

   * Loading hierarchy NONE
   * Reading data
       input file Sequence_1 read -> 256 sequences found
   * Motif locations written to merci_n.txt
/home/praghuram23/miniconda3/envs/toxin_hemo/lib/python3.10/site-packages/toxinpred3/python_scripts/toxinpred3.py:209: SettingWithCopyWarning: 
A value is trying to be set on a copy of a slice from a DataFrame

See the caveats in the documentation: https://pandas.pydata.org/pandas-docs/stable/user_guide/indexing.html#returning-a-view-versus-a-copy
  df2.replace(to_replace=r"\)", value='', regex=True, inplace=True)
/home/praghuram23/miniconda3/envs/toxin_hemo/lib/python3.10/site-packages/toxinpred3/python_scripts/toxinpred3.py:210: SettingWithCopyWarning: 
A value is trying to be set on a copy of a slice from a DataFrame

See the caveats in the documentation: https://pandas.pydata.org/pandas-docs/stable/user_guide/indexing.html#returning-a-view-versus-a-copy
  df2.replace(to_replace=r'motifs match', value='', regex=True, inplace=True)
/home/praghuram23/miniconda3/envs/toxin_hemo/lib/python3.10/site-packages/toxinpred3/python_scripts/toxinpred3.py:211: SettingWithCopyWarning: 
A value is trying to be set on a copy of a slice from a DataFrame

See the caveats in the documentation: https://pandas.pydata.org/pandas-docs/stable/user_guide/indexing.html#returning-a-view-versus-a-copy
  df2.replace(to_replace=r' $', value='', regex=True,inplace=True)
127.0.0.1 - - [26/Jul/2026 06:34:34] "POST /score HTTP/1.1" 200 -
/home/praghuram23/miniconda3/envs/toxin_hemo/lib/python3.10/site-packages/sklearn/base.py:439: UserWarning: X does not have valid feature names, but ExtraTreesClassifier was fitted with feature names
  warnings.warn(

This is the MERCI (Motif - EmeRging and with Classes - Identification) motif locator program.

   * Loading hierarchy NONE
   * Reading data
       input file Sequence_1 read -> 256 sequences found
   * Motif locations written to merci_p.txt

This is the MERCI (Motif - EmeRging and with Classes - Identification) motif locator program.

   * Loading hierarchy NONE
   * Reading data
       input file Sequence_1 read -> 256 sequences found
   * Motif locations written to merci_n.txt
/home/praghuram23/miniconda3/envs/toxin_hemo/lib/python3.10/site-packages/toxinpred3/python_scripts/toxinpred3.py:209: SettingWithCopyWarning: 
A value is trying to be set on a copy of a slice from a DataFrame

See the caveats in the documentation: https://pandas.pydata.org/pandas-docs/stable/user_guide/indexing.html#returning-a-view-versus-a-copy
  df2.replace(to_replace=r"\)", value='', regex=True, inplace=True)
/home/praghuram23/miniconda3/envs/toxin_hemo/lib/python3.10/site-packages/toxinpred3/python_scripts/toxinpred3.py:210: SettingWithCopyWarning: 
A value is trying to be set on a copy of a slice from a DataFrame

See the caveats in the documentation: https://pandas.pydata.org/pandas-docs/stable/user_guide/indexing.html#returning-a-view-versus-a-copy
  df2.replace(to_replace=r'motifs match', value='', regex=True, inplace=True)
/home/praghuram23/miniconda3/envs/toxin_hemo/lib/python3.10/site-packages/toxinpred3/python_scripts/toxinpred3.py:211: SettingWithCopyWarning: 
A value is trying to be set on a copy of a slice from a DataFrame

See the caveats in the documentation: https://pandas.pydata.org/pandas-docs/stable/user_guide/indexing.html#returning-a-view-versus-a-copy
  df2.replace(to_replace=r' $', value='', regex=True,inplace=True)
127.0.0.1 - - [26/Jul/2026 06:35:05] "POST /score HTTP/1.1" 200 -
/home/praghuram23/miniconda3/envs/toxin_hemo/lib/python3.10/site-packages/sklearn/base.py:439: UserWarning: X does not have valid feature names, but ExtraTreesClassifier was fitted with feature names
  warnings.warn(

This is the MERCI (Motif - EmeRging and with Classes - Identification) motif locator program.

   * Loading hierarchy NONE
   * Reading data
       input file Sequence_1 read -> 256 sequences found
   * Motif locations written to merci_p.txt

This is the MERCI (Motif - EmeRging and with Classes - Identification) motif locator program.

   * Loading hierarchy NONE
   * Reading data
       input file Sequence_1 read -> 256 sequences found
   * Motif locations written to merci_n.txt
/home/praghuram23/miniconda3/envs/toxin_hemo/lib/python3.10/site-packages/toxinpred3/python_scripts/toxinpred3.py:209: SettingWithCopyWarning: 
A value is trying to be set on a copy of a slice from a DataFrame

See the caveats in the documentation: https://pandas.pydata.org/pandas-docs/stable/user_guide/indexing.html#returning-a-view-versus-a-copy
  df2.replace(to_replace=r"\)", value='', regex=True, inplace=True)
/home/praghuram23/miniconda3/envs/toxin_hemo/lib/python3.10/site-packages/toxinpred3/python_scripts/toxinpred3.py:210: SettingWithCopyWarning: 
A value is trying to be set on a copy of a slice from a DataFrame

See the caveats in the documentation: https://pandas.pydata.org/pandas-docs/stable/user_guide/indexing.html#returning-a-view-versus-a-copy
  df2.replace(to_replace=r'motifs match', value='', regex=True, inplace=True)
/home/praghuram23/miniconda3/envs/toxin_hemo/lib/python3.10/site-packages/toxinpred3/python_scripts/toxinpred3.py:211: SettingWithCopyWarning: 
A value is trying to be set on a copy of a slice from a DataFrame

See the caveats in the documentation: https://pandas.pydata.org/pandas-docs/stable/user_guide/indexing.html#returning-a-view-versus-a-copy
  df2.replace(to_replace=r' $', value='', regex=True,inplace=True)
127.0.0.1 - - [26/Jul/2026 06:35:36] "POST /score HTTP/1.1" 200 -
/home/praghuram23/miniconda3/envs/toxin_hemo/lib/python3.10/site-packages/sklearn/base.py:439: UserWarning: X does not have valid feature names, but ExtraTreesClassifier was fitted with feature names
  warnings.warn(

This is the MERCI (Motif - EmeRging and with Classes - Identification) motif locator program.

   * Loading hierarchy NONE
   * Reading data
       input file Sequence_1 read -> 256 sequences found
   * Motif locations written to merci_p.txt

This is the MERCI (Motif - EmeRging and with Classes - Identification) motif locator program.

   * Loading hierarchy NONE
   * Reading data
       input file Sequence_1 read -> 256 sequences found
   * Motif locations written to merci_n.txt
/home/praghuram23/miniconda3/envs/toxin_hemo/lib/python3.10/site-packages/toxinpred3/python_scripts/toxinpred3.py:142: SettingWithCopyWarning: 
A value is trying to be set on a copy of a slice from a DataFrame

See the caveats in the documentation: https://pandas.pydata.org/pandas-docs/stable/user_guide/indexing.html#returning-a-view-versus-a-copy
  df2.replace(to_replace=r"\)", value='', regex=True, inplace=True)
/home/praghuram23/miniconda3/envs/toxin_hemo/lib/python3.10/site-packages/toxinpred3/python_scripts/toxinpred3.py:143: SettingWithCopyWarning: 
A value is trying to be set on a copy of a slice from a DataFrame

See the caveats in the documentation: https://pandas.pydata.org/pandas-docs/stable/user_guide/indexing.html#returning-a-view-versus-a-copy
  df2.replace(to_replace=r'motifs match', value='', regex=True, inplace=True)
/home/praghuram23/miniconda3/envs/toxin_hemo/lib/python3.10/site-packages/toxinpred3/python_scripts/toxinpred3.py:144: SettingWithCopyWarning: 
A value is trying to be set on a copy of a slice from a DataFrame

See the caveats in the documentation: https://pandas.pydata.org/pandas-docs/stable/user_guide/indexing.html#returning-a-view-versus-a-copy
  df2.replace(to_replace=r' $', value='', regex=True,inplace=True)
/home/praghuram23/miniconda3/envs/toxin_hemo/lib/python3.10/site-packages/toxinpred3/python_scripts/toxinpred3.py:209: SettingWithCopyWarning: 
A value is trying to be set on a copy of a slice from a DataFrame

See the caveats in the documentation: https://pandas.pydata.org/pandas-docs/stable/user_guide/indexing.html#returning-a-view-versus-a-copy
  df2.replace(to_replace=r"\)", value='', regex=True, inplace=True)
/home/praghuram23/miniconda3/envs/toxin_hemo/lib/python3.10/site-packages/toxinpred3/python_scripts/toxinpred3.py:210: SettingWithCopyWarning: 
A value is trying to be set on a copy of a slice from a DataFrame

See the caveats in the documentation: https://pandas.pydata.org/pandas-docs/stable/user_guide/indexing.html#returning-a-view-versus-a-copy
  df2.replace(to_replace=r'motifs match', value='', regex=True, inplace=True)
/home/praghuram23/miniconda3/envs/toxin_hemo/lib/python3.10/site-packages/toxinpred3/python_scripts/toxinpred3.py:211: SettingWithCopyWarning: 
A value is trying to be set on a copy of a slice from a DataFrame

See the caveats in the documentation: https://pandas.pydata.org/pandas-docs/stable/user_guide/indexing.html#returning-a-view-versus-a-copy
  df2.replace(to_replace=r' $', value='', regex=True,inplace=True)
127.0.0.1 - - [26/Jul/2026 06:36:06] "POST /score HTTP/1.1" 200 -
/home/praghuram23/miniconda3/envs/toxin_hemo/lib/python3.10/site-packages/sklearn/base.py:439: UserWarning: X does not have valid feature names, but ExtraTreesClassifier was fitted with feature names
  warnings.warn(

This is the MERCI (Motif - EmeRging and with Classes - Identification) motif locator program.

   * Loading hierarchy NONE
   * Reading data
       input file Sequence_1 read -> 256 sequences found
   * Motif locations written to merci_p.txt

This is the MERCI (Motif - EmeRging and with Classes - Identification) motif locator program.

   * Loading hierarchy NONE
   * Reading data
       input file Sequence_1 read -> 256 sequences found
   * Motif locations written to merci_n.txt
/home/praghuram23/miniconda3/envs/toxin_hemo/lib/python3.10/site-packages/toxinpred3/python_scripts/toxinpred3.py:209: SettingWithCopyWarning: 
A value is trying to be set on a copy of a slice from a DataFrame

See the caveats in the documentation: https://pandas.pydata.org/pandas-docs/stable/user_guide/indexing.html#returning-a-view-versus-a-copy
  df2.replace(to_replace=r"\)", value='', regex=True, inplace=True)
/home/praghuram23/miniconda3/envs/toxin_hemo/lib/python3.10/site-packages/toxinpred3/python_scripts/toxinpred3.py:210: SettingWithCopyWarning: 
A value is trying to be set on a copy of a slice from a DataFrame

See the caveats in the documentation: https://pandas.pydata.org/pandas-docs/stable/user_guide/indexing.html#returning-a-view-versus-a-copy
  df2.replace(to_replace=r'motifs match', value='', regex=True, inplace=True)
/home/praghuram23/miniconda3/envs/toxin_hemo/lib/python3.10/site-packages/toxinpred3/python_scripts/toxinpred3.py:211: SettingWithCopyWarning: 
A value is trying to be set on a copy of a slice from a DataFrame

See the caveats in the documentation: https://pandas.pydata.org/pandas-docs/stable/user_guide/indexing.html#returning-a-view-versus-a-copy
  df2.replace(to_replace=r' $', value='', regex=True,inplace=True)
127.0.0.1 - - [26/Jul/2026 06:36:36] "POST /score HTTP/1.1" 200 -
/home/praghuram23/miniconda3/envs/toxin_hemo/lib/python3.10/site-packages/sklearn/base.py:439: UserWarning: X does not have valid feature names, but ExtraTreesClassifier was fitted with feature names
  warnings.warn(

This is the MERCI (Motif - EmeRging and with Classes - Identification) motif locator program.

   * Loading hierarchy NONE
   * Reading data
       input file Sequence_1 read -> 256 sequences found
   * Motif locations written to merci_p.txt

This is the MERCI (Motif - EmeRging and with Classes - Identification) motif locator program.

   * Loading hierarchy NONE
   * Reading data
       input file Sequence_1 read -> 256 sequences found
   * Motif locations written to merci_n.txt
/home/praghuram23/miniconda3/envs/toxin_hemo/lib/python3.10/site-packages/toxinpred3/python_scripts/toxinpred3.py:142: SettingWithCopyWarning: 
A value is trying to be set on a copy of a slice from a DataFrame

See the caveats in the documentation: https://pandas.pydata.org/pandas-docs/stable/user_guide/indexing.html#returning-a-view-versus-a-copy
  df2.replace(to_replace=r"\)", value='', regex=True, inplace=True)
/home/praghuram23/miniconda3/envs/toxin_hemo/lib/python3.10/site-packages/toxinpred3/python_scripts/toxinpred3.py:143: SettingWithCopyWarning: 
A value is trying to be set on a copy of a slice from a DataFrame

See the caveats in the documentation: https://pandas.pydata.org/pandas-docs/stable/user_guide/indexing.html#returning-a-view-versus-a-copy
  df2.replace(to_replace=r'motifs match', value='', regex=True, inplace=True)
/home/praghuram23/miniconda3/envs/toxin_hemo/lib/python3.10/site-packages/toxinpred3/python_scripts/toxinpred3.py:144: SettingWithCopyWarning: 
A value is trying to be set on a copy of a slice from a DataFrame

See the caveats in the documentation: https://pandas.pydata.org/pandas-docs/stable/user_guide/indexing.html#returning-a-view-versus-a-copy
  df2.replace(to_replace=r' $', value='', regex=True,inplace=True)
/home/praghuram23/miniconda3/envs/toxin_hemo/lib/python3.10/site-packages/toxinpred3/python_scripts/toxinpred3.py:209: SettingWithCopyWarning: 
A value is trying to be set on a copy of a slice from a DataFrame

See the caveats in the documentation: https://pandas.pydata.org/pandas-docs/stable/user_guide/indexing.html#returning-a-view-versus-a-copy
  df2.replace(to_replace=r"\)", value='', regex=True, inplace=True)
/home/praghuram23/miniconda3/envs/toxin_hemo/lib/python3.10/site-packages/toxinpred3/python_scripts/toxinpred3.py:210: SettingWithCopyWarning: 
A value is trying to be set on a copy of a slice from a DataFrame

See the caveats in the documentation: https://pandas.pydata.org/pandas-docs/stable/user_guide/indexing.html#returning-a-view-versus-a-copy
  df2.replace(to_replace=r'motifs match', value='', regex=True, inplace=True)
/home/praghuram23/miniconda3/envs/toxin_hemo/lib/python3.10/site-packages/toxinpred3/python_scripts/toxinpred3.py:211: SettingWithCopyWarning: 
A value is trying to be set on a copy of a slice from a DataFrame

See the caveats in the documentation: https://pandas.pydata.org/pandas-docs/stable/user_guide/indexing.html#returning-a-view-versus-a-copy
  df2.replace(to_replace=r' $', value='', regex=True,inplace=True)
127.0.0.1 - - [26/Jul/2026 06:37:06] "POST /score HTTP/1.1" 200 -
/home/praghuram23/miniconda3/envs/toxin_hemo/lib/python3.10/site-packages/sklearn/base.py:439: UserWarning: X does not have valid feature names, but ExtraTreesClassifier was fitted with feature names
  warnings.warn(

This is the MERCI (Motif - EmeRging and with Classes - Identification) motif locator program.

   * Loading hierarchy NONE
   * Reading data
       input file Sequence_1 read -> 256 sequences found
   * Motif locations written to merci_p.txt

This is the MERCI (Motif - EmeRging and with Classes - Identification) motif locator program.

   * Loading hierarchy NONE
   * Reading data
       input file Sequence_1 read -> 256 sequences found
   * Motif locations written to merci_n.txt
/home/praghuram23/miniconda3/envs/toxin_hemo/lib/python3.10/site-packages/toxinpred3/python_scripts/toxinpred3.py:209: SettingWithCopyWarning: 
A value is trying to be set on a copy of a slice from a DataFrame

See the caveats in the documentation: https://pandas.pydata.org/pandas-docs/stable/user_guide/indexing.html#returning-a-view-versus-a-copy
  df2.replace(to_replace=r"\)", value='', regex=True, inplace=True)
/home/praghuram23/miniconda3/envs/toxin_hemo/lib/python3.10/site-packages/toxinpred3/python_scripts/toxinpred3.py:210: SettingWithCopyWarning: 
A value is trying to be set on a copy of a slice from a DataFrame

See the caveats in the documentation: https://pandas.pydata.org/pandas-docs/stable/user_guide/indexing.html#returning-a-view-versus-a-copy
  df2.replace(to_replace=r'motifs match', value='', regex=True, inplace=True)
/home/praghuram23/miniconda3/envs/toxin_hemo/lib/python3.10/site-packages/toxinpred3/python_scripts/toxinpred3.py:211: SettingWithCopyWarning: 
A value is trying to be set on a copy of a slice from a DataFrame

See the caveats in the documentation: https://pandas.pydata.org/pandas-docs/stable/user_guide/indexing.html#returning-a-view-versus-a-copy
  df2.replace(to_replace=r' $', value='', regex=True,inplace=True)
127.0.0.1 - - [26/Jul/2026 06:37:37] "POST /score HTTP/1.1" 200 -
/home/praghuram23/miniconda3/envs/toxin_hemo/lib/python3.10/site-packages/sklearn/base.py:439: UserWarning: X does not have valid feature names, but ExtraTreesClassifier was fitted with feature names
  warnings.warn(

This is the MERCI (Motif - EmeRging and with Classes - Identification) motif locator program.

   * Loading hierarchy NONE
   * Reading data
       input file Sequence_1 read -> 256 sequences found
   * Motif locations written to merci_p.txt

This is the MERCI (Motif - EmeRging and with Classes - Identification) motif locator program.

   * Loading hierarchy NONE
   * Reading data
       input file Sequence_1 read -> 256 sequences found
   * Motif locations written to merci_n.txt
/home/praghuram23/miniconda3/envs/toxin_hemo/lib/python3.10/site-packages/toxinpred3/python_scripts/toxinpred3.py:209: SettingWithCopyWarning: 
A value is trying to be set on a copy of a slice from a DataFrame

See the caveats in the documentation: https://pandas.pydata.org/pandas-docs/stable/user_guide/indexing.html#returning-a-view-versus-a-copy
  df2.replace(to_replace=r"\)", value='', regex=True, inplace=True)
/home/praghuram23/miniconda3/envs/toxin_hemo/lib/python3.10/site-packages/toxinpred3/python_scripts/toxinpred3.py:210: SettingWithCopyWarning: 
A value is trying to be set on a copy of a slice from a DataFrame

See the caveats in the documentation: https://pandas.pydata.org/pandas-docs/stable/user_guide/indexing.html#returning-a-view-versus-a-copy
  df2.replace(to_replace=r'motifs match', value='', regex=True, inplace=True)
/home/praghuram23/miniconda3/envs/toxin_hemo/lib/python3.10/site-packages/toxinpred3/python_scripts/toxinpred3.py:211: SettingWithCopyWarning: 
A value is trying to be set on a copy of a slice from a DataFrame

See the caveats in the documentation: https://pandas.pydata.org/pandas-docs/stable/user_guide/indexing.html#returning-a-view-versus-a-copy
  df2.replace(to_replace=r' $', value='', regex=True,inplace=True)
127.0.0.1 - - [26/Jul/2026 06:38:10] "POST /score HTTP/1.1" 200 -
/home/praghuram23/miniconda3/envs/toxin_hemo/lib/python3.10/site-packages/sklearn/base.py:439: UserWarning: X does not have valid feature names, but ExtraTreesClassifier was fitted with feature names
  warnings.warn(

This is the MERCI (Motif - EmeRging and with Classes - Identification) motif locator program.

   * Loading hierarchy NONE
   * Reading data
       input file Sequence_1 read -> 256 sequences found
   * Motif locations written to merci_p.txt

This is the MERCI (Motif - EmeRging and with Classes - Identification) motif locator program.

   * Loading hierarchy NONE
   * Reading data
       input file Sequence_1 read -> 256 sequences found
   * Motif locations written to merci_n.txt
/home/praghuram23/miniconda3/envs/toxin_hemo/lib/python3.10/site-packages/toxinpred3/python_scripts/toxinpred3.py:209: SettingWithCopyWarning: 
A value is trying to be set on a copy of a slice from a DataFrame

See the caveats in the documentation: https://pandas.pydata.org/pandas-docs/stable/user_guide/indexing.html#returning-a-view-versus-a-copy
  df2.replace(to_replace=r"\)", value='', regex=True, inplace=True)
/home/praghuram23/miniconda3/envs/toxin_hemo/lib/python3.10/site-packages/toxinpred3/python_scripts/toxinpred3.py:210: SettingWithCopyWarning: 
A value is trying to be set on a copy of a slice from a DataFrame

See the caveats in the documentation: https://pandas.pydata.org/pandas-docs/stable/user_guide/indexing.html#returning-a-view-versus-a-copy
  df2.replace(to_replace=r'motifs match', value='', regex=True, inplace=True)
/home/praghuram23/miniconda3/envs/toxin_hemo/lib/python3.10/site-packages/toxinpred3/python_scripts/toxinpred3.py:211: SettingWithCopyWarning: 
A value is trying to be set on a copy of a slice from a DataFrame

See the caveats in the documentation: https://pandas.pydata.org/pandas-docs/stable/user_guide/indexing.html#returning-a-view-versus-a-copy
  df2.replace(to_replace=r' $', value='', regex=True,inplace=True)
127.0.0.1 - - [26/Jul/2026 06:38:40] "POST /score HTTP/1.1" 200 -
/home/praghuram23/miniconda3/envs/toxin_hemo/lib/python3.10/site-packages/sklearn/base.py:439: UserWarning: X does not have valid feature names, but ExtraTreesClassifier was fitted with feature names
  warnings.warn(

This is the MERCI (Motif - EmeRging and with Classes - Identification) motif locator program.

   * Loading hierarchy NONE
   * Reading data
       input file Sequence_1 read -> 256 sequences found
   * Motif locations written to merci_p.txt

This is the MERCI (Motif - EmeRging and with Classes - Identification) motif locator program.

   * Loading hierarchy NONE
   * Reading data
       input file Sequence_1 read -> 256 sequences found
   * Motif locations written to merci_n.txt
/home/praghuram23/miniconda3/envs/toxin_hemo/lib/python3.10/site-packages/toxinpred3/python_scripts/toxinpred3.py:209: SettingWithCopyWarning: 
A value is trying to be set on a copy of a slice from a DataFrame

See the caveats in the documentation: https://pandas.pydata.org/pandas-docs/stable/user_guide/indexing.html#returning-a-view-versus-a-copy
  df2.replace(to_replace=r"\)", value='', regex=True, inplace=True)
/home/praghuram23/miniconda3/envs/toxin_hemo/lib/python3.10/site-packages/toxinpred3/python_scripts/toxinpred3.py:210: SettingWithCopyWarning: 
A value is trying to be set on a copy of a slice from a DataFrame

See the caveats in the documentation: https://pandas.pydata.org/pandas-docs/stable/user_guide/indexing.html#returning-a-view-versus-a-copy
  df2.replace(to_replace=r'motifs match', value='', regex=True, inplace=True)
/home/praghuram23/miniconda3/envs/toxin_hemo/lib/python3.10/site-packages/toxinpred3/python_scripts/toxinpred3.py:211: SettingWithCopyWarning: 
A value is trying to be set on a copy of a slice from a DataFrame

See the caveats in the documentation: https://pandas.pydata.org/pandas-docs/stable/user_guide/indexing.html#returning-a-view-versus-a-copy
  df2.replace(to_replace=r' $', value='', regex=True,inplace=True)
127.0.0.1 - - [26/Jul/2026 06:39:12] "POST /score HTTP/1.1" 200 -
/home/praghuram23/miniconda3/envs/toxin_hemo/lib/python3.10/site-packages/sklearn/base.py:439: UserWarning: X does not have valid feature names, but ExtraTreesClassifier was fitted with feature names
  warnings.warn(

This is the MERCI (Motif - EmeRging and with Classes - Identification) motif locator program.

   * Loading hierarchy NONE
   * Reading data
       input file Sequence_1 read -> 256 sequences found
   * Motif locations written to merci_p.txt

This is the MERCI (Motif - EmeRging and with Classes - Identification) motif locator program.

   * Loading hierarchy NONE
   * Reading data
       input file Sequence_1 read -> 256 sequences found
   * Motif locations written to merci_n.txt
/home/praghuram23/miniconda3/envs/toxin_hemo/lib/python3.10/site-packages/toxinpred3/python_scripts/toxinpred3.py:209: SettingWithCopyWarning: 
A value is trying to be set on a copy of a slice from a DataFrame

See the caveats in the documentation: https://pandas.pydata.org/pandas-docs/stable/user_guide/indexing.html#returning-a-view-versus-a-copy
  df2.replace(to_replace=r"\)", value='', regex=True, inplace=True)
/home/praghuram23/miniconda3/envs/toxin_hemo/lib/python3.10/site-packages/toxinpred3/python_scripts/toxinpred3.py:210: SettingWithCopyWarning: 
A value is trying to be set on a copy of a slice from a DataFrame

See the caveats in the documentation: https://pandas.pydata.org/pandas-docs/stable/user_guide/indexing.html#returning-a-view-versus-a-copy
  df2.replace(to_replace=r'motifs match', value='', regex=True, inplace=True)
/home/praghuram23/miniconda3/envs/toxin_hemo/lib/python3.10/site-packages/toxinpred3/python_scripts/toxinpred3.py:211: SettingWithCopyWarning: 
A value is trying to be set on a copy of a slice from a DataFrame

See the caveats in the documentation: https://pandas.pydata.org/pandas-docs/stable/user_guide/indexing.html#returning-a-view-versus-a-copy
  df2.replace(to_replace=r' $', value='', regex=True,inplace=True)
127.0.0.1 - - [26/Jul/2026 06:39:40] "POST /score HTTP/1.1" 200 -
/home/praghuram23/miniconda3/envs/toxin_hemo/lib/python3.10/site-packages/sklearn/base.py:439: UserWarning: X does not have valid feature names, but ExtraTreesClassifier was fitted with feature names
  warnings.warn(

This is the MERCI (Motif - EmeRging and with Classes - Identification) motif locator program.

   * Loading hierarchy NONE
   * Reading data
       input file Sequence_1 read -> 256 sequences found
   * Motif locations written to merci_p.txt

This is the MERCI (Motif - EmeRging and with Classes - Identification) motif locator program.

   * Loading hierarchy NONE
   * Reading data
       input file Sequence_1 read -> 256 sequences found
   * Motif locations written to merci_n.txt
/home/praghuram23/miniconda3/envs/toxin_hemo/lib/python3.10/site-packages/toxinpred3/python_scripts/toxinpred3.py:209: SettingWithCopyWarning: 
A value is trying to be set on a copy of a slice from a DataFrame

See the caveats in the documentation: https://pandas.pydata.org/pandas-docs/stable/user_guide/indexing.html#returning-a-view-versus-a-copy
  df2.replace(to_replace=r"\)", value='', regex=True, inplace=True)
/home/praghuram23/miniconda3/envs/toxin_hemo/lib/python3.10/site-packages/toxinpred3/python_scripts/toxinpred3.py:210: SettingWithCopyWarning: 
A value is trying to be set on a copy of a slice from a DataFrame

See the caveats in the documentation: https://pandas.pydata.org/pandas-docs/stable/user_guide/indexing.html#returning-a-view-versus-a-copy
  df2.replace(to_replace=r'motifs match', value='', regex=True, inplace=True)
/home/praghuram23/miniconda3/envs/toxin_hemo/lib/python3.10/site-packages/toxinpred3/python_scripts/toxinpred3.py:211: SettingWithCopyWarning: 
A value is trying to be set on a copy of a slice from a DataFrame

See the caveats in the documentation: https://pandas.pydata.org/pandas-docs/stable/user_guide/indexing.html#returning-a-view-versus-a-copy
  df2.replace(to_replace=r' $', value='', regex=True,inplace=True)
127.0.0.1 - - [26/Jul/2026 06:40:09] "POST /score HTTP/1.1" 200 -
/home/praghuram23/miniconda3/envs/toxin_hemo/lib/python3.10/site-packages/sklearn/base.py:439: UserWarning: X does not have valid feature names, but ExtraTreesClassifier was fitted with feature names
  warnings.warn(

This is the MERCI (Motif - EmeRging and with Classes - Identification) motif locator program.

   * Loading hierarchy NONE
   * Reading data
       input file Sequence_1 read -> 256 sequences found
   * Motif locations written to merci_p.txt

This is the MERCI (Motif - EmeRging and with Classes - Identification) motif locator program.

   * Loading hierarchy NONE
   * Reading data
       input file Sequence_1 read -> 256 sequences found
   * Motif locations written to merci_n.txt
/home/praghuram23/miniconda3/envs/toxin_hemo/lib/python3.10/site-packages/toxinpred3/python_scripts/toxinpred3.py:209: SettingWithCopyWarning: 
A value is trying to be set on a copy of a slice from a DataFrame

See the caveats in the documentation: https://pandas.pydata.org/pandas-docs/stable/user_guide/indexing.html#returning-a-view-versus-a-copy
  df2.replace(to_replace=r"\)", value='', regex=True, inplace=True)
/home/praghuram23/miniconda3/envs/toxin_hemo/lib/python3.10/site-packages/toxinpred3/python_scripts/toxinpred3.py:210: SettingWithCopyWarning: 
A value is trying to be set on a copy of a slice from a DataFrame

See the caveats in the documentation: https://pandas.pydata.org/pandas-docs/stable/user_guide/indexing.html#returning-a-view-versus-a-copy
  df2.replace(to_replace=r'motifs match', value='', regex=True, inplace=True)
/home/praghuram23/miniconda3/envs/toxin_hemo/lib/python3.10/site-packages/toxinpred3/python_scripts/toxinpred3.py:211: SettingWithCopyWarning: 
A value is trying to be set on a copy of a slice from a DataFrame

See the caveats in the documentation: https://pandas.pydata.org/pandas-docs/stable/user_guide/indexing.html#returning-a-view-versus-a-copy
  df2.replace(to_replace=r' $', value='', regex=True,inplace=True)
127.0.0.1 - - [26/Jul/2026 06:40:40] "POST /score HTTP/1.1" 200 -
/home/praghuram23/miniconda3/envs/toxin_hemo/lib/python3.10/site-packages/sklearn/base.py:439: UserWarning: X does not have valid feature names, but ExtraTreesClassifier was fitted with feature names
  warnings.warn(

This is the MERCI (Motif - EmeRging and with Classes - Identification) motif locator program.

   * Loading hierarchy NONE
   * Reading data
       input file Sequence_1 read -> 256 sequences found
   * Motif locations written to merci_p.txt

This is the MERCI (Motif - EmeRging and with Classes - Identification) motif locator program.

   * Loading hierarchy NONE
   * Reading data
       input file Sequence_1 read -> 256 sequences found
   * Motif locations written to merci_n.txt
/home/praghuram23/miniconda3/envs/toxin_hemo/lib/python3.10/site-packages/toxinpred3/python_scripts/toxinpred3.py:209: SettingWithCopyWarning: 
A value is trying to be set on a copy of a slice from a DataFrame

See the caveats in the documentation: https://pandas.pydata.org/pandas-docs/stable/user_guide/indexing.html#returning-a-view-versus-a-copy
  df2.replace(to_replace=r"\)", value='', regex=True, inplace=True)
/home/praghuram23/miniconda3/envs/toxin_hemo/lib/python3.10/site-packages/toxinpred3/python_scripts/toxinpred3.py:210: SettingWithCopyWarning: 
A value is trying to be set on a copy of a slice from a DataFrame

See the caveats in the documentation: https://pandas.pydata.org/pandas-docs/stable/user_guide/indexing.html#returning-a-view-versus-a-copy
  df2.replace(to_replace=r'motifs match', value='', regex=True, inplace=True)
/home/praghuram23/miniconda3/envs/toxin_hemo/lib/python3.10/site-packages/toxinpred3/python_scripts/toxinpred3.py:211: SettingWithCopyWarning: 
A value is trying to be set on a copy of a slice from a DataFrame

See the caveats in the documentation: https://pandas.pydata.org/pandas-docs/stable/user_guide/indexing.html#returning-a-view-versus-a-copy
  df2.replace(to_replace=r' $', value='', regex=True,inplace=True)
127.0.0.1 - - [26/Jul/2026 06:41:12] "POST /score HTTP/1.1" 200 -
/home/praghuram23/miniconda3/envs/toxin_hemo/lib/python3.10/site-packages/sklearn/base.py:439: UserWarning: X does not have valid feature names, but ExtraTreesClassifier was fitted with feature names
  warnings.warn(

This is the MERCI (Motif - EmeRging and with Classes - Identification) motif locator program.

   * Loading hierarchy NONE
   * Reading data
       input file Sequence_1 read -> 256 sequences found
   * Motif locations written to merci_p.txt

This is the MERCI (Motif - EmeRging and with Classes - Identification) motif locator program.

   * Loading hierarchy NONE
   * Reading data
       input file Sequence_1 read -> 256 sequences found
   * Motif locations written to merci_n.txt
/home/praghuram23/miniconda3/envs/toxin_hemo/lib/python3.10/site-packages/toxinpred3/python_scripts/toxinpred3.py:142: SettingWithCopyWarning: 
A value is trying to be set on a copy of a slice from a DataFrame

See the caveats in the documentation: https://pandas.pydata.org/pandas-docs/stable/user_guide/indexing.html#returning-a-view-versus-a-copy
  df2.replace(to_replace=r"\)", value='', regex=True, inplace=True)
/home/praghuram23/miniconda3/envs/toxin_hemo/lib/python3.10/site-packages/toxinpred3/python_scripts/toxinpred3.py:143: SettingWithCopyWarning: 
A value is trying to be set on a copy of a slice from a DataFrame

See the caveats in the documentation: https://pandas.pydata.org/pandas-docs/stable/user_guide/indexing.html#returning-a-view-versus-a-copy
  df2.replace(to_replace=r'motifs match', value='', regex=True, inplace=True)
/home/praghuram23/miniconda3/envs/toxin_hemo/lib/python3.10/site-packages/toxinpred3/python_scripts/toxinpred3.py:144: SettingWithCopyWarning: 
A value is trying to be set on a copy of a slice from a DataFrame

See the caveats in the documentation: https://pandas.pydata.org/pandas-docs/stable/user_guide/indexing.html#returning-a-view-versus-a-copy
  df2.replace(to_replace=r' $', value='', regex=True,inplace=True)
/home/praghuram23/miniconda3/envs/toxin_hemo/lib/python3.10/site-packages/toxinpred3/python_scripts/toxinpred3.py:209: SettingWithCopyWarning: 
A value is trying to be set on a copy of a slice from a DataFrame

See the caveats in the documentation: https://pandas.pydata.org/pandas-docs/stable/user_guide/indexing.html#returning-a-view-versus-a-copy
  df2.replace(to_replace=r"\)", value='', regex=True, inplace=True)
/home/praghuram23/miniconda3/envs/toxin_hemo/lib/python3.10/site-packages/toxinpred3/python_scripts/toxinpred3.py:210: SettingWithCopyWarning: 
A value is trying to be set on a copy of a slice from a DataFrame

See the caveats in the documentation: https://pandas.pydata.org/pandas-docs/stable/user_guide/indexing.html#returning-a-view-versus-a-copy
  df2.replace(to_replace=r'motifs match', value='', regex=True, inplace=True)
/home/praghuram23/miniconda3/envs/toxin_hemo/lib/python3.10/site-packages/toxinpred3/python_scripts/toxinpred3.py:211: SettingWithCopyWarning: 
A value is trying to be set on a copy of a slice from a DataFrame

See the caveats in the documentation: https://pandas.pydata.org/pandas-docs/stable/user_guide/indexing.html#returning-a-view-versus-a-copy
  df2.replace(to_replace=r' $', value='', regex=True,inplace=True)
127.0.0.1 - - [26/Jul/2026 06:41:44] "POST /score HTTP/1.1" 200 -
/home/praghuram23/miniconda3/envs/toxin_hemo/lib/python3.10/site-packages/sklearn/base.py:439: UserWarning: X does not have valid feature names, but ExtraTreesClassifier was fitted with feature names
  warnings.warn(

This is the MERCI (Motif - EmeRging and with Classes - Identification) motif locator program.

   * Loading hierarchy NONE
   * Reading data
       input file Sequence_1 read -> 256 sequences found
   * Motif locations written to merci_p.txt

This is the MERCI (Motif - EmeRging and with Classes - Identification) motif locator program.

   * Loading hierarchy NONE
   * Reading data
       input file Sequence_1 read -> 256 sequences found
   * Motif locations written to merci_n.txt
/home/praghuram23/miniconda3/envs/toxin_hemo/lib/python3.10/site-packages/toxinpred3/python_scripts/toxinpred3.py:209: SettingWithCopyWarning: 
A value is trying to be set on a copy of a slice from a DataFrame

See the caveats in the documentation: https://pandas.pydata.org/pandas-docs/stable/user_guide/indexing.html#returning-a-view-versus-a-copy
  df2.replace(to_replace=r"\)", value='', regex=True, inplace=True)
/home/praghuram23/miniconda3/envs/toxin_hemo/lib/python3.10/site-packages/toxinpred3/python_scripts/toxinpred3.py:210: SettingWithCopyWarning: 
A value is trying to be set on a copy of a slice from a DataFrame

See the caveats in the documentation: https://pandas.pydata.org/pandas-docs/stable/user_guide/indexing.html#returning-a-view-versus-a-copy
  df2.replace(to_replace=r'motifs match', value='', regex=True, inplace=True)
/home/praghuram23/miniconda3/envs/toxin_hemo/lib/python3.10/site-packages/toxinpred3/python_scripts/toxinpred3.py:211: SettingWithCopyWarning: 
A value is trying to be set on a copy of a slice from a DataFrame

See the caveats in the documentation: https://pandas.pydata.org/pandas-docs/stable/user_guide/indexing.html#returning-a-view-versus-a-copy
  df2.replace(to_replace=r' $', value='', regex=True,inplace=True)
127.0.0.1 - - [26/Jul/2026 06:42:16] "POST /score HTTP/1.1" 200 -
/home/praghuram23/miniconda3/envs/toxin_hemo/lib/python3.10/site-packages/sklearn/base.py:439: UserWarning: X does not have valid feature names, but ExtraTreesClassifier was fitted with feature names
  warnings.warn(

This is the MERCI (Motif - EmeRging and with Classes - Identification) motif locator program.

   * Loading hierarchy NONE
   * Reading data
       input file Sequence_1 read -> 256 sequences found
   * Motif locations written to merci_p.txt

This is the MERCI (Motif - EmeRging and with Classes - Identification) motif locator program.

   * Loading hierarchy NONE
   * Reading data
       input file Sequence_1 read -> 256 sequences found
   * Motif locations written to merci_n.txt
/home/praghuram23/miniconda3/envs/toxin_hemo/lib/python3.10/site-packages/toxinpred3/python_scripts/toxinpred3.py:209: SettingWithCopyWarning: 
A value is trying to be set on a copy of a slice from a DataFrame

See the caveats in the documentation: https://pandas.pydata.org/pandas-docs/stable/user_guide/indexing.html#returning-a-view-versus-a-copy
  df2.replace(to_replace=r"\)", value='', regex=True, inplace=True)
/home/praghuram23/miniconda3/envs/toxin_hemo/lib/python3.10/site-packages/toxinpred3/python_scripts/toxinpred3.py:210: SettingWithCopyWarning: 
A value is trying to be set on a copy of a slice from a DataFrame

See the caveats in the documentation: https://pandas.pydata.org/pandas-docs/stable/user_guide/indexing.html#returning-a-view-versus-a-copy
  df2.replace(to_replace=r'motifs match', value='', regex=True, inplace=True)
/home/praghuram23/miniconda3/envs/toxin_hemo/lib/python3.10/site-packages/toxinpred3/python_scripts/toxinpred3.py:211: SettingWithCopyWarning: 
A value is trying to be set on a copy of a slice from a DataFrame

See the caveats in the documentation: https://pandas.pydata.org/pandas-docs/stable/user_guide/indexing.html#returning-a-view-versus-a-copy
  df2.replace(to_replace=r' $', value='', regex=True,inplace=True)
127.0.0.1 - - [26/Jul/2026 06:42:47] "POST /score HTTP/1.1" 200 -
/home/praghuram23/miniconda3/envs/toxin_hemo/lib/python3.10/site-packages/sklearn/base.py:439: UserWarning: X does not have valid feature names, but ExtraTreesClassifier was fitted with feature names
  warnings.warn(

This is the MERCI (Motif - EmeRging and with Classes - Identification) motif locator program.

   * Loading hierarchy NONE
   * Reading data
       input file Sequence_1 read -> 256 sequences found
   * Motif locations written to merci_p.txt

This is the MERCI (Motif - EmeRging and with Classes - Identification) motif locator program.

   * Loading hierarchy NONE
   * Reading data
       input file Sequence_1 read -> 256 sequences found
   * Motif locations written to merci_n.txt
/home/praghuram23/miniconda3/envs/toxin_hemo/lib/python3.10/site-packages/toxinpred3/python_scripts/toxinpred3.py:209: SettingWithCopyWarning: 
A value is trying to be set on a copy of a slice from a DataFrame

See the caveats in the documentation: https://pandas.pydata.org/pandas-docs/stable/user_guide/indexing.html#returning-a-view-versus-a-copy
  df2.replace(to_replace=r"\)", value='', regex=True, inplace=True)
/home/praghuram23/miniconda3/envs/toxin_hemo/lib/python3.10/site-packages/toxinpred3/python_scripts/toxinpred3.py:210: SettingWithCopyWarning: 
A value is trying to be set on a copy of a slice from a DataFrame

See the caveats in the documentation: https://pandas.pydata.org/pandas-docs/stable/user_guide/indexing.html#returning-a-view-versus-a-copy
  df2.replace(to_replace=r'motifs match', value='', regex=True, inplace=True)
/home/praghuram23/miniconda3/envs/toxin_hemo/lib/python3.10/site-packages/toxinpred3/python_scripts/toxinpred3.py:211: SettingWithCopyWarning: 
A value is trying to be set on a copy of a slice from a DataFrame

See the caveats in the documentation: https://pandas.pydata.org/pandas-docs/stable/user_guide/indexing.html#returning-a-view-versus-a-copy
  df2.replace(to_replace=r' $', value='', regex=True,inplace=True)
127.0.0.1 - - [26/Jul/2026 06:43:18] "POST /score HTTP/1.1" 200 -
/home/praghuram23/miniconda3/envs/toxin_hemo/lib/python3.10/site-packages/sklearn/base.py:439: UserWarning: X does not have valid feature names, but ExtraTreesClassifier was fitted with feature names
  warnings.warn(

This is the MERCI (Motif - EmeRging and with Classes - Identification) motif locator program.

   * Loading hierarchy NONE
   * Reading data
       input file Sequence_1 read -> 256 sequences found
   * Motif locations written to merci_p.txt

This is the MERCI (Motif - EmeRging and with Classes - Identification) motif locator program.

   * Loading hierarchy NONE
   * Reading data
       input file Sequence_1 read -> 256 sequences found
   * Motif locations written to merci_n.txt
/home/praghuram23/miniconda3/envs/toxin_hemo/lib/python3.10/site-packages/toxinpred3/python_scripts/toxinpred3.py:209: SettingWithCopyWarning: 
A value is trying to be set on a copy of a slice from a DataFrame

See the caveats in the documentation: https://pandas.pydata.org/pandas-docs/stable/user_guide/indexing.html#returning-a-view-versus-a-copy
  df2.replace(to_replace=r"\)", value='', regex=True, inplace=True)
/home/praghuram23/miniconda3/envs/toxin_hemo/lib/python3.10/site-packages/toxinpred3/python_scripts/toxinpred3.py:210: SettingWithCopyWarning: 
A value is trying to be set on a copy of a slice from a DataFrame

See the caveats in the documentation: https://pandas.pydata.org/pandas-docs/stable/user_guide/indexing.html#returning-a-view-versus-a-copy
  df2.replace(to_replace=r'motifs match', value='', regex=True, inplace=True)
/home/praghuram23/miniconda3/envs/toxin_hemo/lib/python3.10/site-packages/toxinpred3/python_scripts/toxinpred3.py:211: SettingWithCopyWarning: 
A value is trying to be set on a copy of a slice from a DataFrame

See the caveats in the documentation: https://pandas.pydata.org/pandas-docs/stable/user_guide/indexing.html#returning-a-view-versus-a-copy
  df2.replace(to_replace=r' $', value='', regex=True,inplace=True)
127.0.0.1 - - [26/Jul/2026 06:43:50] "POST /score HTTP/1.1" 200 -
/home/praghuram23/miniconda3/envs/toxin_hemo/lib/python3.10/site-packages/sklearn/base.py:439: UserWarning: X does not have valid feature names, but ExtraTreesClassifier was fitted with feature names
  warnings.warn(

This is the MERCI (Motif - EmeRging and with Classes - Identification) motif locator program.

   * Loading hierarchy NONE
   * Reading data
       input file Sequence_1 read -> 256 sequences found
   * Motif locations written to merci_p.txt

This is the MERCI (Motif - EmeRging and with Classes - Identification) motif locator program.

   * Loading hierarchy NONE
   * Reading data
       input file Sequence_1 read -> 256 sequences found
   * Motif locations written to merci_n.txt
/home/praghuram23/miniconda3/envs/toxin_hemo/lib/python3.10/site-packages/toxinpred3/python_scripts/toxinpred3.py:209: SettingWithCopyWarning: 
A value is trying to be set on a copy of a slice from a DataFrame

See the caveats in the documentation: https://pandas.pydata.org/pandas-docs/stable/user_guide/indexing.html#returning-a-view-versus-a-copy
  df2.replace(to_replace=r"\)", value='', regex=True, inplace=True)
/home/praghuram23/miniconda3/envs/toxin_hemo/lib/python3.10/site-packages/toxinpred3/python_scripts/toxinpred3.py:210: SettingWithCopyWarning: 
A value is trying to be set on a copy of a slice from a DataFrame

See the caveats in the documentation: https://pandas.pydata.org/pandas-docs/stable/user_guide/indexing.html#returning-a-view-versus-a-copy
  df2.replace(to_replace=r'motifs match', value='', regex=True, inplace=True)
/home/praghuram23/miniconda3/envs/toxin_hemo/lib/python3.10/site-packages/toxinpred3/python_scripts/toxinpred3.py:211: SettingWithCopyWarning: 
A value is trying to be set on a copy of a slice from a DataFrame

See the caveats in the documentation: https://pandas.pydata.org/pandas-docs/stable/user_guide/indexing.html#returning-a-view-versus-a-copy
  df2.replace(to_replace=r' $', value='', regex=True,inplace=True)
127.0.0.1 - - [26/Jul/2026 06:44:22] "POST /score HTTP/1.1" 200 -
/home/praghuram23/miniconda3/envs/toxin_hemo/lib/python3.10/site-packages/sklearn/base.py:439: UserWarning: X does not have valid feature names, but ExtraTreesClassifier was fitted with feature names
  warnings.warn(

This is the MERCI (Motif - EmeRging and with Classes - Identification) motif locator program.

   * Loading hierarchy NONE
   * Reading data
       input file Sequence_1 read -> 256 sequences found
   * Motif locations written to merci_p.txt

This is the MERCI (Motif - EmeRging and with Classes - Identification) motif locator program.

   * Loading hierarchy NONE
   * Reading data
       input file Sequence_1 read -> 256 sequences found
   * Motif locations written to merci_n.txt
/home/praghuram23/miniconda3/envs/toxin_hemo/lib/python3.10/site-packages/toxinpred3/python_scripts/toxinpred3.py:209: SettingWithCopyWarning: 
A value is trying to be set on a copy of a slice from a DataFrame

See the caveats in the documentation: https://pandas.pydata.org/pandas-docs/stable/user_guide/indexing.html#returning-a-view-versus-a-copy
  df2.replace(to_replace=r"\)", value='', regex=True, inplace=True)
/home/praghuram23/miniconda3/envs/toxin_hemo/lib/python3.10/site-packages/toxinpred3/python_scripts/toxinpred3.py:210: SettingWithCopyWarning: 
A value is trying to be set on a copy of a slice from a DataFrame

See the caveats in the documentation: https://pandas.pydata.org/pandas-docs/stable/user_guide/indexing.html#returning-a-view-versus-a-copy
  df2.replace(to_replace=r'motifs match', value='', regex=True, inplace=True)
/home/praghuram23/miniconda3/envs/toxin_hemo/lib/python3.10/site-packages/toxinpred3/python_scripts/toxinpred3.py:211: SettingWithCopyWarning: 
A value is trying to be set on a copy of a slice from a DataFrame

See the caveats in the documentation: https://pandas.pydata.org/pandas-docs/stable/user_guide/indexing.html#returning-a-view-versus-a-copy
  df2.replace(to_replace=r' $', value='', regex=True,inplace=True)
127.0.0.1 - - [26/Jul/2026 06:44:52] "POST /score HTTP/1.1" 200 -
/home/praghuram23/miniconda3/envs/toxin_hemo/lib/python3.10/site-packages/sklearn/base.py:439: UserWarning: X does not have valid feature names, but ExtraTreesClassifier was fitted with feature names
  warnings.warn(

This is the MERCI (Motif - EmeRging and with Classes - Identification) motif locator program.

   * Loading hierarchy NONE
   * Reading data
       input file Sequence_1 read -> 256 sequences found
   * Motif locations written to merci_p.txt

This is the MERCI (Motif - EmeRging and with Classes - Identification) motif locator program.

   * Loading hierarchy NONE
   * Reading data
       input file Sequence_1 read -> 256 sequences found
   * Motif locations written to merci_n.txt
/home/praghuram23/miniconda3/envs/toxin_hemo/lib/python3.10/site-packages/toxinpred3/python_scripts/toxinpred3.py:209: SettingWithCopyWarning: 
A value is trying to be set on a copy of a slice from a DataFrame

See the caveats in the documentation: https://pandas.pydata.org/pandas-docs/stable/user_guide/indexing.html#returning-a-view-versus-a-copy
  df2.replace(to_replace=r"\)", value='', regex=True, inplace=True)
/home/praghuram23/miniconda3/envs/toxin_hemo/lib/python3.10/site-packages/toxinpred3/python_scripts/toxinpred3.py:210: SettingWithCopyWarning: 
A value is trying to be set on a copy of a slice from a DataFrame

See the caveats in the documentation: https://pandas.pydata.org/pandas-docs/stable/user_guide/indexing.html#returning-a-view-versus-a-copy
  df2.replace(to_replace=r'motifs match', value='', regex=True, inplace=True)
/home/praghuram23/miniconda3/envs/toxin_hemo/lib/python3.10/site-packages/toxinpred3/python_scripts/toxinpred3.py:211: SettingWithCopyWarning: 
A value is trying to be set on a copy of a slice from a DataFrame

See the caveats in the documentation: https://pandas.pydata.org/pandas-docs/stable/user_guide/indexing.html#returning-a-view-versus-a-copy
  df2.replace(to_replace=r' $', value='', regex=True,inplace=True)
127.0.0.1 - - [26/Jul/2026 06:45:20] "POST /score HTTP/1.1" 200 -
/home/praghuram23/miniconda3/envs/toxin_hemo/lib/python3.10/site-packages/sklearn/base.py:439: UserWarning: X does not have valid feature names, but ExtraTreesClassifier was fitted with feature names
  warnings.warn(

This is the MERCI (Motif - EmeRging and with Classes - Identification) motif locator program.

   * Loading hierarchy NONE
   * Reading data
       input file Sequence_1 read -> 256 sequences found
   * Motif locations written to merci_p.txt

This is the MERCI (Motif - EmeRging and with Classes - Identification) motif locator program.

   * Loading hierarchy NONE
   * Reading data
       input file Sequence_1 read -> 256 sequences found
   * Motif locations written to merci_n.txt
/home/praghuram23/miniconda3/envs/toxin_hemo/lib/python3.10/site-packages/toxinpred3/python_scripts/toxinpred3.py:209: SettingWithCopyWarning: 
A value is trying to be set on a copy of a slice from a DataFrame

See the caveats in the documentation: https://pandas.pydata.org/pandas-docs/stable/user_guide/indexing.html#returning-a-view-versus-a-copy
  df2.replace(to_replace=r"\)", value='', regex=True, inplace=True)
/home/praghuram23/miniconda3/envs/toxin_hemo/lib/python3.10/site-packages/toxinpred3/python_scripts/toxinpred3.py:210: SettingWithCopyWarning: 
A value is trying to be set on a copy of a slice from a DataFrame

See the caveats in the documentation: https://pandas.pydata.org/pandas-docs/stable/user_guide/indexing.html#returning-a-view-versus-a-copy
  df2.replace(to_replace=r'motifs match', value='', regex=True, inplace=True)
/home/praghuram23/miniconda3/envs/toxin_hemo/lib/python3.10/site-packages/toxinpred3/python_scripts/toxinpred3.py:211: SettingWithCopyWarning: 
A value is trying to be set on a copy of a slice from a DataFrame

See the caveats in the documentation: https://pandas.pydata.org/pandas-docs/stable/user_guide/indexing.html#returning-a-view-versus-a-copy
  df2.replace(to_replace=r' $', value='', regex=True,inplace=True)
127.0.0.1 - - [26/Jul/2026 06:45:48] "POST /score HTTP/1.1" 200 -
/home/praghuram23/miniconda3/envs/toxin_hemo/lib/python3.10/site-packages/sklearn/base.py:439: UserWarning: X does not have valid feature names, but ExtraTreesClassifier was fitted with feature names
  warnings.warn(

This is the MERCI (Motif - EmeRging and with Classes - Identification) motif locator program.

   * Loading hierarchy NONE
   * Reading data
       input file Sequence_1 read -> 256 sequences found
   * Motif locations written to merci_p.txt

This is the MERCI (Motif - EmeRging and with Classes - Identification) motif locator program.

   * Loading hierarchy NONE
   * Reading data
       input file Sequence_1 read -> 256 sequences found
   * Motif locations written to merci_n.txt
/home/praghuram23/miniconda3/envs/toxin_hemo/lib/python3.10/site-packages/toxinpred3/python_scripts/toxinpred3.py:209: SettingWithCopyWarning: 
A value is trying to be set on a copy of a slice from a DataFrame

See the caveats in the documentation: https://pandas.pydata.org/pandas-docs/stable/user_guide/indexing.html#returning-a-view-versus-a-copy
  df2.replace(to_replace=r"\)", value='', regex=True, inplace=True)
/home/praghuram23/miniconda3/envs/toxin_hemo/lib/python3.10/site-packages/toxinpred3/python_scripts/toxinpred3.py:210: SettingWithCopyWarning: 
A value is trying to be set on a copy of a slice from a DataFrame

See the caveats in the documentation: https://pandas.pydata.org/pandas-docs/stable/user_guide/indexing.html#returning-a-view-versus-a-copy
  df2.replace(to_replace=r'motifs match', value='', regex=True, inplace=True)
/home/praghuram23/miniconda3/envs/toxin_hemo/lib/python3.10/site-packages/toxinpred3/python_scripts/toxinpred3.py:211: SettingWithCopyWarning: 
A value is trying to be set on a copy of a slice from a DataFrame

See the caveats in the documentation: https://pandas.pydata.org/pandas-docs/stable/user_guide/indexing.html#returning-a-view-versus-a-copy
  df2.replace(to_replace=r' $', value='', regex=True,inplace=True)
127.0.0.1 - - [26/Jul/2026 06:46:22] "POST /score HTTP/1.1" 200 -
/home/praghuram23/miniconda3/envs/toxin_hemo/lib/python3.10/site-packages/sklearn/base.py:439: UserWarning: X does not have valid feature names, but ExtraTreesClassifier was fitted with feature names
  warnings.warn(

This is the MERCI (Motif - EmeRging and with Classes - Identification) motif locator program.

   * Loading hierarchy NONE
   * Reading data
       input file Sequence_1 read -> 256 sequences found
   * Motif locations written to merci_p.txt

This is the MERCI (Motif - EmeRging and with Classes - Identification) motif locator program.

   * Loading hierarchy NONE
   * Reading data
       input file Sequence_1 read -> 256 sequences found
   * Motif locations written to merci_n.txt
/home/praghuram23/miniconda3/envs/toxin_hemo/lib/python3.10/site-packages/toxinpred3/python_scripts/toxinpred3.py:209: SettingWithCopyWarning: 
A value is trying to be set on a copy of a slice from a DataFrame

See the caveats in the documentation: https://pandas.pydata.org/pandas-docs/stable/user_guide/indexing.html#returning-a-view-versus-a-copy
  df2.replace(to_replace=r"\)", value='', regex=True, inplace=True)
/home/praghuram23/miniconda3/envs/toxin_hemo/lib/python3.10/site-packages/toxinpred3/python_scripts/toxinpred3.py:210: SettingWithCopyWarning: 
A value is trying to be set on a copy of a slice from a DataFrame

See the caveats in the documentation: https://pandas.pydata.org/pandas-docs/stable/user_guide/indexing.html#returning-a-view-versus-a-copy
  df2.replace(to_replace=r'motifs match', value='', regex=True, inplace=True)
/home/praghuram23/miniconda3/envs/toxin_hemo/lib/python3.10/site-packages/toxinpred3/python_scripts/toxinpred3.py:211: SettingWithCopyWarning: 
A value is trying to be set on a copy of a slice from a DataFrame

See the caveats in the documentation: https://pandas.pydata.org/pandas-docs/stable/user_guide/indexing.html#returning-a-view-versus-a-copy
  df2.replace(to_replace=r' $', value='', regex=True,inplace=True)
127.0.0.1 - - [26/Jul/2026 06:46:52] "POST /score HTTP/1.1" 200 -
/home/praghuram23/miniconda3/envs/toxin_hemo/lib/python3.10/site-packages/sklearn/base.py:439: UserWarning: X does not have valid feature names, but ExtraTreesClassifier was fitted with feature names
  warnings.warn(

This is the MERCI (Motif - EmeRging and with Classes - Identification) motif locator program.

   * Loading hierarchy NONE
   * Reading data
       input file Sequence_1 read -> 256 sequences found
   * Motif locations written to merci_p.txt

This is the MERCI (Motif - EmeRging and with Classes - Identification) motif locator program.

   * Loading hierarchy NONE
   * Reading data
       input file Sequence_1 read -> 256 sequences found
   * Motif locations written to merci_n.txt
/home/praghuram23/miniconda3/envs/toxin_hemo/lib/python3.10/site-packages/toxinpred3/python_scripts/toxinpred3.py:209: SettingWithCopyWarning: 
A value is trying to be set on a copy of a slice from a DataFrame

See the caveats in the documentation: https://pandas.pydata.org/pandas-docs/stable/user_guide/indexing.html#returning-a-view-versus-a-copy
  df2.replace(to_replace=r"\)", value='', regex=True, inplace=True)
/home/praghuram23/miniconda3/envs/toxin_hemo/lib/python3.10/site-packages/toxinpred3/python_scripts/toxinpred3.py:210: SettingWithCopyWarning: 
A value is trying to be set on a copy of a slice from a DataFrame

See the caveats in the documentation: https://pandas.pydata.org/pandas-docs/stable/user_guide/indexing.html#returning-a-view-versus-a-copy
  df2.replace(to_replace=r'motifs match', value='', regex=True, inplace=True)
/home/praghuram23/miniconda3/envs/toxin_hemo/lib/python3.10/site-packages/toxinpred3/python_scripts/toxinpred3.py:211: SettingWithCopyWarning: 
A value is trying to be set on a copy of a slice from a DataFrame

See the caveats in the documentation: https://pandas.pydata.org/pandas-docs/stable/user_guide/indexing.html#returning-a-view-versus-a-copy
  df2.replace(to_replace=r' $', value='', regex=True,inplace=True)
127.0.0.1 - - [26/Jul/2026 06:47:24] "POST /score HTTP/1.1" 200 -
/home/praghuram23/miniconda3/envs/toxin_hemo/lib/python3.10/site-packages/sklearn/base.py:439: UserWarning: X does not have valid feature names, but ExtraTreesClassifier was fitted with feature names
  warnings.warn(

This is the MERCI (Motif - EmeRging and with Classes - Identification) motif locator program.

   * Loading hierarchy NONE
   * Reading data
       input file Sequence_1 read -> 256 sequences found
   * Motif locations written to merci_p.txt

This is the MERCI (Motif - EmeRging and with Classes - Identification) motif locator program.

   * Loading hierarchy NONE
   * Reading data
       input file Sequence_1 read -> 256 sequences found
   * Motif locations written to merci_n.txt
/home/praghuram23/miniconda3/envs/toxin_hemo/lib/python3.10/site-packages/toxinpred3/python_scripts/toxinpred3.py:209: SettingWithCopyWarning: 
A value is trying to be set on a copy of a slice from a DataFrame

See the caveats in the documentation: https://pandas.pydata.org/pandas-docs/stable/user_guide/indexing.html#returning-a-view-versus-a-copy
  df2.replace(to_replace=r"\)", value='', regex=True, inplace=True)
/home/praghuram23/miniconda3/envs/toxin_hemo/lib/python3.10/site-packages/toxinpred3/python_scripts/toxinpred3.py:210: SettingWithCopyWarning: 
A value is trying to be set on a copy of a slice from a DataFrame

See the caveats in the documentation: https://pandas.pydata.org/pandas-docs/stable/user_guide/indexing.html#returning-a-view-versus-a-copy
  df2.replace(to_replace=r'motifs match', value='', regex=True, inplace=True)
/home/praghuram23/miniconda3/envs/toxin_hemo/lib/python3.10/site-packages/toxinpred3/python_scripts/toxinpred3.py:211: SettingWithCopyWarning: 
A value is trying to be set on a copy of a slice from a DataFrame

See the caveats in the documentation: https://pandas.pydata.org/pandas-docs/stable/user_guide/indexing.html#returning-a-view-versus-a-copy
  df2.replace(to_replace=r' $', value='', regex=True,inplace=True)
127.0.0.1 - - [26/Jul/2026 06:47:57] "POST /score HTTP/1.1" 200 -
/home/praghuram23/miniconda3/envs/toxin_hemo/lib/python3.10/site-packages/sklearn/base.py:439: UserWarning: X does not have valid feature names, but ExtraTreesClassifier was fitted with feature names
  warnings.warn(

This is the MERCI (Motif - EmeRging and with Classes - Identification) motif locator program.

   * Loading hierarchy NONE
   * Reading data
       input file Sequence_1 read -> 256 sequences found
   * Motif locations written to merci_p.txt

This is the MERCI (Motif - EmeRging and with Classes - Identification) motif locator program.

   * Loading hierarchy NONE
   * Reading data
       input file Sequence_1 read -> 256 sequences found
   * Motif locations written to merci_n.txt
/home/praghuram23/miniconda3/envs/toxin_hemo/lib/python3.10/site-packages/toxinpred3/python_scripts/toxinpred3.py:209: SettingWithCopyWarning: 
A value is trying to be set on a copy of a slice from a DataFrame

See the caveats in the documentation: https://pandas.pydata.org/pandas-docs/stable/user_guide/indexing.html#returning-a-view-versus-a-copy
  df2.replace(to_replace=r"\)", value='', regex=True, inplace=True)
/home/praghuram23/miniconda3/envs/toxin_hemo/lib/python3.10/site-packages/toxinpred3/python_scripts/toxinpred3.py:210: SettingWithCopyWarning: 
A value is trying to be set on a copy of a slice from a DataFrame

See the caveats in the documentation: https://pandas.pydata.org/pandas-docs/stable/user_guide/indexing.html#returning-a-view-versus-a-copy
  df2.replace(to_replace=r'motifs match', value='', regex=True, inplace=True)
/home/praghuram23/miniconda3/envs/toxin_hemo/lib/python3.10/site-packages/toxinpred3/python_scripts/toxinpred3.py:211: SettingWithCopyWarning: 
A value is trying to be set on a copy of a slice from a DataFrame

See the caveats in the documentation: https://pandas.pydata.org/pandas-docs/stable/user_guide/indexing.html#returning-a-view-versus-a-copy
  df2.replace(to_replace=r' $', value='', regex=True,inplace=True)
127.0.0.1 - - [26/Jul/2026 06:48:27] "POST /score HTTP/1.1" 200 -
/home/praghuram23/miniconda3/envs/toxin_hemo/lib/python3.10/site-packages/sklearn/base.py:439: UserWarning: X does not have valid feature names, but ExtraTreesClassifier was fitted with feature names
  warnings.warn(

This is the MERCI (Motif - EmeRging and with Classes - Identification) motif locator program.

   * Loading hierarchy NONE
   * Reading data
       input file Sequence_1 read -> 256 sequences found
   * Motif locations written to merci_p.txt

This is the MERCI (Motif - EmeRging and with Classes - Identification) motif locator program.

   * Loading hierarchy NONE
   * Reading data
       input file Sequence_1 read -> 256 sequences found
   * Motif locations written to merci_n.txt
/home/praghuram23/miniconda3/envs/toxin_hemo/lib/python3.10/site-packages/toxinpred3/python_scripts/toxinpred3.py:209: SettingWithCopyWarning: 
A value is trying to be set on a copy of a slice from a DataFrame

See the caveats in the documentation: https://pandas.pydata.org/pandas-docs/stable/user_guide/indexing.html#returning-a-view-versus-a-copy
  df2.replace(to_replace=r"\)", value='', regex=True, inplace=True)
/home/praghuram23/miniconda3/envs/toxin_hemo/lib/python3.10/site-packages/toxinpred3/python_scripts/toxinpred3.py:210: SettingWithCopyWarning: 
A value is trying to be set on a copy of a slice from a DataFrame

See the caveats in the documentation: https://pandas.pydata.org/pandas-docs/stable/user_guide/indexing.html#returning-a-view-versus-a-copy
  df2.replace(to_replace=r'motifs match', value='', regex=True, inplace=True)
/home/praghuram23/miniconda3/envs/toxin_hemo/lib/python3.10/site-packages/toxinpred3/python_scripts/toxinpred3.py:211: SettingWithCopyWarning: 
A value is trying to be set on a copy of a slice from a DataFrame

See the caveats in the documentation: https://pandas.pydata.org/pandas-docs/stable/user_guide/indexing.html#returning-a-view-versus-a-copy
  df2.replace(to_replace=r' $', value='', regex=True,inplace=True)
127.0.0.1 - - [26/Jul/2026 06:48:56] "POST /score HTTP/1.1" 200 -
/home/praghuram23/miniconda3/envs/toxin_hemo/lib/python3.10/site-packages/sklearn/base.py:439: UserWarning: X does not have valid feature names, but ExtraTreesClassifier was fitted with feature names
  warnings.warn(

This is the MERCI (Motif - EmeRging and with Classes - Identification) motif locator program.

   * Loading hierarchy NONE
   * Reading data
       input file Sequence_1 read -> 256 sequences found
   * Motif locations written to merci_p.txt

This is the MERCI (Motif - EmeRging and with Classes - Identification) motif locator program.

   * Loading hierarchy NONE
   * Reading data
       input file Sequence_1 read -> 256 sequences found
   * Motif locations written to merci_n.txt
/home/praghuram23/miniconda3/envs/toxin_hemo/lib/python3.10/site-packages/toxinpred3/python_scripts/toxinpred3.py:209: SettingWithCopyWarning: 
A value is trying to be set on a copy of a slice from a DataFrame

See the caveats in the documentation: https://pandas.pydata.org/pandas-docs/stable/user_guide/indexing.html#returning-a-view-versus-a-copy
  df2.replace(to_replace=r"\)", value='', regex=True, inplace=True)
/home/praghuram23/miniconda3/envs/toxin_hemo/lib/python3.10/site-packages/toxinpred3/python_scripts/toxinpred3.py:210: SettingWithCopyWarning: 
A value is trying to be set on a copy of a slice from a DataFrame

See the caveats in the documentation: https://pandas.pydata.org/pandas-docs/stable/user_guide/indexing.html#returning-a-view-versus-a-copy
  df2.replace(to_replace=r'motifs match', value='', regex=True, inplace=True)
/home/praghuram23/miniconda3/envs/toxin_hemo/lib/python3.10/site-packages/toxinpred3/python_scripts/toxinpred3.py:211: SettingWithCopyWarning: 
A value is trying to be set on a copy of a slice from a DataFrame

See the caveats in the documentation: https://pandas.pydata.org/pandas-docs/stable/user_guide/indexing.html#returning-a-view-versus-a-copy
  df2.replace(to_replace=r' $', value='', regex=True,inplace=True)
127.0.0.1 - - [26/Jul/2026 06:49:25] "POST /score HTTP/1.1" 200 -
/home/praghuram23/miniconda3/envs/toxin_hemo/lib/python3.10/site-packages/sklearn/base.py:439: UserWarning: X does not have valid feature names, but ExtraTreesClassifier was fitted with feature names
  warnings.warn(

This is the MERCI (Motif - EmeRging and with Classes - Identification) motif locator program.

   * Loading hierarchy NONE
   * Reading data
       input file Sequence_1 read -> 256 sequences found
   * Motif locations written to merci_p.txt

This is the MERCI (Motif - EmeRging and with Classes - Identification) motif locator program.

   * Loading hierarchy NONE
   * Reading data
       input file Sequence_1 read -> 256 sequences found
   * Motif locations written to merci_n.txt
/home/praghuram23/miniconda3/envs/toxin_hemo/lib/python3.10/site-packages/toxinpred3/python_scripts/toxinpred3.py:142: SettingWithCopyWarning: 
A value is trying to be set on a copy of a slice from a DataFrame

See the caveats in the documentation: https://pandas.pydata.org/pandas-docs/stable/user_guide/indexing.html#returning-a-view-versus-a-copy
  df2.replace(to_replace=r"\)", value='', regex=True, inplace=True)
/home/praghuram23/miniconda3/envs/toxin_hemo/lib/python3.10/site-packages/toxinpred3/python_scripts/toxinpred3.py:143: SettingWithCopyWarning: 
A value is trying to be set on a copy of a slice from a DataFrame

See the caveats in the documentation: https://pandas.pydata.org/pandas-docs/stable/user_guide/indexing.html#returning-a-view-versus-a-copy
  df2.replace(to_replace=r'motifs match', value='', regex=True, inplace=True)
/home/praghuram23/miniconda3/envs/toxin_hemo/lib/python3.10/site-packages/toxinpred3/python_scripts/toxinpred3.py:144: SettingWithCopyWarning: 
A value is trying to be set on a copy of a slice from a DataFrame

See the caveats in the documentation: https://pandas.pydata.org/pandas-docs/stable/user_guide/indexing.html#returning-a-view-versus-a-copy
  df2.replace(to_replace=r' $', value='', regex=True,inplace=True)
/home/praghuram23/miniconda3/envs/toxin_hemo/lib/python3.10/site-packages/toxinpred3/python_scripts/toxinpred3.py:209: SettingWithCopyWarning: 
A value is trying to be set on a copy of a slice from a DataFrame

See the caveats in the documentation: https://pandas.pydata.org/pandas-docs/stable/user_guide/indexing.html#returning-a-view-versus-a-copy
  df2.replace(to_replace=r"\)", value='', regex=True, inplace=True)
/home/praghuram23/miniconda3/envs/toxin_hemo/lib/python3.10/site-packages/toxinpred3/python_scripts/toxinpred3.py:210: SettingWithCopyWarning: 
A value is trying to be set on a copy of a slice from a DataFrame

See the caveats in the documentation: https://pandas.pydata.org/pandas-docs/stable/user_guide/indexing.html#returning-a-view-versus-a-copy
  df2.replace(to_replace=r'motifs match', value='', regex=True, inplace=True)
/home/praghuram23/miniconda3/envs/toxin_hemo/lib/python3.10/site-packages/toxinpred3/python_scripts/toxinpred3.py:211: SettingWithCopyWarning: 
A value is trying to be set on a copy of a slice from a DataFrame

See the caveats in the documentation: https://pandas.pydata.org/pandas-docs/stable/user_guide/indexing.html#returning-a-view-versus-a-copy
  df2.replace(to_replace=r' $', value='', regex=True,inplace=True)
127.0.0.1 - - [26/Jul/2026 06:49:54] "POST /score HTTP/1.1" 200 -
/home/praghuram23/miniconda3/envs/toxin_hemo/lib/python3.10/site-packages/sklearn/base.py:439: UserWarning: X does not have valid feature names, but ExtraTreesClassifier was fitted with feature names
  warnings.warn(

This is the MERCI (Motif - EmeRging and with Classes - Identification) motif locator program.

   * Loading hierarchy NONE
   * Reading data
       input file Sequence_1 read -> 256 sequences found
   * Motif locations written to merci_p.txt

This is the MERCI (Motif - EmeRging and with Classes - Identification) motif locator program.

   * Loading hierarchy NONE
   * Reading data
       input file Sequence_1 read -> 256 sequences found
   * Motif locations written to merci_n.txt
/home/praghuram23/miniconda3/envs/toxin_hemo/lib/python3.10/site-packages/toxinpred3/python_scripts/toxinpred3.py:209: SettingWithCopyWarning: 
A value is trying to be set on a copy of a slice from a DataFrame

See the caveats in the documentation: https://pandas.pydata.org/pandas-docs/stable/user_guide/indexing.html#returning-a-view-versus-a-copy
  df2.replace(to_replace=r"\)", value='', regex=True, inplace=True)
/home/praghuram23/miniconda3/envs/toxin_hemo/lib/python3.10/site-packages/toxinpred3/python_scripts/toxinpred3.py:210: SettingWithCopyWarning: 
A value is trying to be set on a copy of a slice from a DataFrame

See the caveats in the documentation: https://pandas.pydata.org/pandas-docs/stable/user_guide/indexing.html#returning-a-view-versus-a-copy
  df2.replace(to_replace=r'motifs match', value='', regex=True, inplace=True)
/home/praghuram23/miniconda3/envs/toxin_hemo/lib/python3.10/site-packages/toxinpred3/python_scripts/toxinpred3.py:211: SettingWithCopyWarning: 
A value is trying to be set on a copy of a slice from a DataFrame

See the caveats in the documentation: https://pandas.pydata.org/pandas-docs/stable/user_guide/indexing.html#returning-a-view-versus-a-copy
  df2.replace(to_replace=r' $', value='', regex=True,inplace=True)
127.0.0.1 - - [26/Jul/2026 06:50:23] "POST /score HTTP/1.1" 200 -
/home/praghuram23/miniconda3/envs/toxin_hemo/lib/python3.10/site-packages/sklearn/base.py:439: UserWarning: X does not have valid feature names, but ExtraTreesClassifier was fitted with feature names
  warnings.warn(

This is the MERCI (Motif - EmeRging and with Classes - Identification) motif locator program.

   * Loading hierarchy NONE
   * Reading data
       input file Sequence_1 read -> 256 sequences found
   * Motif locations written to merci_p.txt

This is the MERCI (Motif - EmeRging and with Classes - Identification) motif locator program.

   * Loading hierarchy NONE
   * Reading data
       input file Sequence_1 read -> 256 sequences found
   * Motif locations written to merci_n.txt
/home/praghuram23/miniconda3/envs/toxin_hemo/lib/python3.10/site-packages/toxinpred3/python_scripts/toxinpred3.py:209: SettingWithCopyWarning: 
A value is trying to be set on a copy of a slice from a DataFrame

See the caveats in the documentation: https://pandas.pydata.org/pandas-docs/stable/user_guide/indexing.html#returning-a-view-versus-a-copy
  df2.replace(to_replace=r"\)", value='', regex=True, inplace=True)
/home/praghuram23/miniconda3/envs/toxin_hemo/lib/python3.10/site-packages/toxinpred3/python_scripts/toxinpred3.py:210: SettingWithCopyWarning: 
A value is trying to be set on a copy of a slice from a DataFrame

See the caveats in the documentation: https://pandas.pydata.org/pandas-docs/stable/user_guide/indexing.html#returning-a-view-versus-a-copy
  df2.replace(to_replace=r'motifs match', value='', regex=True, inplace=True)
/home/praghuram23/miniconda3/envs/toxin_hemo/lib/python3.10/site-packages/toxinpred3/python_scripts/toxinpred3.py:211: SettingWithCopyWarning: 
A value is trying to be set on a copy of a slice from a DataFrame

See the caveats in the documentation: https://pandas.pydata.org/pandas-docs/stable/user_guide/indexing.html#returning-a-view-versus-a-copy
  df2.replace(to_replace=r' $', value='', regex=True,inplace=True)
127.0.0.1 - - [26/Jul/2026 06:50:53] "POST /score HTTP/1.1" 200 -
/home/praghuram23/miniconda3/envs/toxin_hemo/lib/python3.10/site-packages/sklearn/base.py:439: UserWarning: X does not have valid feature names, but ExtraTreesClassifier was fitted with feature names
  warnings.warn(

This is the MERCI (Motif - EmeRging and with Classes - Identification) motif locator program.

   * Loading hierarchy NONE
   * Reading data
       input file Sequence_1 read -> 256 sequences found
   * Motif locations written to merci_p.txt

This is the MERCI (Motif - EmeRging and with Classes - Identification) motif locator program.

   * Loading hierarchy NONE
   * Reading data
       input file Sequence_1 read -> 256 sequences found
   * Motif locations written to merci_n.txt
/home/praghuram23/miniconda3/envs/toxin_hemo/lib/python3.10/site-packages/toxinpred3/python_scripts/toxinpred3.py:209: SettingWithCopyWarning: 
A value is trying to be set on a copy of a slice from a DataFrame

See the caveats in the documentation: https://pandas.pydata.org/pandas-docs/stable/user_guide/indexing.html#returning-a-view-versus-a-copy
  df2.replace(to_replace=r"\)", value='', regex=True, inplace=True)
/home/praghuram23/miniconda3/envs/toxin_hemo/lib/python3.10/site-packages/toxinpred3/python_scripts/toxinpred3.py:210: SettingWithCopyWarning: 
A value is trying to be set on a copy of a slice from a DataFrame

See the caveats in the documentation: https://pandas.pydata.org/pandas-docs/stable/user_guide/indexing.html#returning-a-view-versus-a-copy
  df2.replace(to_replace=r'motifs match', value='', regex=True, inplace=True)
/home/praghuram23/miniconda3/envs/toxin_hemo/lib/python3.10/site-packages/toxinpred3/python_scripts/toxinpred3.py:211: SettingWithCopyWarning: 
A value is trying to be set on a copy of a slice from a DataFrame

See the caveats in the documentation: https://pandas.pydata.org/pandas-docs/stable/user_guide/indexing.html#returning-a-view-versus-a-copy
  df2.replace(to_replace=r' $', value='', regex=True,inplace=True)
127.0.0.1 - - [26/Jul/2026 06:51:25] "POST /score HTTP/1.1" 200 -
/home/praghuram23/miniconda3/envs/toxin_hemo/lib/python3.10/site-packages/sklearn/base.py:439: UserWarning: X does not have valid feature names, but ExtraTreesClassifier was fitted with feature names
  warnings.warn(

This is the MERCI (Motif - EmeRging and with Classes - Identification) motif locator program.

   * Loading hierarchy NONE
   * Reading data
       input file Sequence_1 read -> 256 sequences found
   * Motif locations written to merci_p.txt

This is the MERCI (Motif - EmeRging and with Classes - Identification) motif locator program.

   * Loading hierarchy NONE
   * Reading data
       input file Sequence_1 read -> 256 sequences found
   * Motif locations written to merci_n.txt
/home/praghuram23/miniconda3/envs/toxin_hemo/lib/python3.10/site-packages/toxinpred3/python_scripts/toxinpred3.py:209: SettingWithCopyWarning: 
A value is trying to be set on a copy of a slice from a DataFrame

See the caveats in the documentation: https://pandas.pydata.org/pandas-docs/stable/user_guide/indexing.html#returning-a-view-versus-a-copy
  df2.replace(to_replace=r"\)", value='', regex=True, inplace=True)
/home/praghuram23/miniconda3/envs/toxin_hemo/lib/python3.10/site-packages/toxinpred3/python_scripts/toxinpred3.py:210: SettingWithCopyWarning: 
A value is trying to be set on a copy of a slice from a DataFrame

See the caveats in the documentation: https://pandas.pydata.org/pandas-docs/stable/user_guide/indexing.html#returning-a-view-versus-a-copy
  df2.replace(to_replace=r'motifs match', value='', regex=True, inplace=True)
/home/praghuram23/miniconda3/envs/toxin_hemo/lib/python3.10/site-packages/toxinpred3/python_scripts/toxinpred3.py:211: SettingWithCopyWarning: 
A value is trying to be set on a copy of a slice from a DataFrame

See the caveats in the documentation: https://pandas.pydata.org/pandas-docs/stable/user_guide/indexing.html#returning-a-view-versus-a-copy
  df2.replace(to_replace=r' $', value='', regex=True,inplace=True)
127.0.0.1 - - [26/Jul/2026 06:51:54] "POST /score HTTP/1.1" 200 -
/home/praghuram23/miniconda3/envs/toxin_hemo/lib/python3.10/site-packages/sklearn/base.py:439: UserWarning: X does not have valid feature names, but ExtraTreesClassifier was fitted with feature names
  warnings.warn(

This is the MERCI (Motif - EmeRging and with Classes - Identification) motif locator program.

   * Loading hierarchy NONE
   * Reading data
       input file Sequence_1 read -> 256 sequences found
   * Motif locations written to merci_p.txt

This is the MERCI (Motif - EmeRging and with Classes - Identification) motif locator program.

   * Loading hierarchy NONE
   * Reading data
       input file Sequence_1 read -> 256 sequences found
   * Motif locations written to merci_n.txt
/home/praghuram23/miniconda3/envs/toxin_hemo/lib/python3.10/site-packages/toxinpred3/python_scripts/toxinpred3.py:209: SettingWithCopyWarning: 
A value is trying to be set on a copy of a slice from a DataFrame

See the caveats in the documentation: https://pandas.pydata.org/pandas-docs/stable/user_guide/indexing.html#returning-a-view-versus-a-copy
  df2.replace(to_replace=r"\)", value='', regex=True, inplace=True)
/home/praghuram23/miniconda3/envs/toxin_hemo/lib/python3.10/site-packages/toxinpred3/python_scripts/toxinpred3.py:210: SettingWithCopyWarning: 
A value is trying to be set on a copy of a slice from a DataFrame

See the caveats in the documentation: https://pandas.pydata.org/pandas-docs/stable/user_guide/indexing.html#returning-a-view-versus-a-copy
  df2.replace(to_replace=r'motifs match', value='', regex=True, inplace=True)
/home/praghuram23/miniconda3/envs/toxin_hemo/lib/python3.10/site-packages/toxinpred3/python_scripts/toxinpred3.py:211: SettingWithCopyWarning: 
A value is trying to be set on a copy of a slice from a DataFrame

See the caveats in the documentation: https://pandas.pydata.org/pandas-docs/stable/user_guide/indexing.html#returning-a-view-versus-a-copy
  df2.replace(to_replace=r' $', value='', regex=True,inplace=True)
127.0.0.1 - - [26/Jul/2026 06:52:23] "POST /score HTTP/1.1" 200 -
/home/praghuram23/miniconda3/envs/toxin_hemo/lib/python3.10/site-packages/sklearn/base.py:439: UserWarning: X does not have valid feature names, but ExtraTreesClassifier was fitted with feature names
  warnings.warn(

This is the MERCI (Motif - EmeRging and with Classes - Identification) motif locator program.

   * Loading hierarchy NONE
   * Reading data
       input file Sequence_1 read -> 256 sequences found
   * Motif locations written to merci_p.txt

This is the MERCI (Motif - EmeRging and with Classes - Identification) motif locator program.

   * Loading hierarchy NONE
   * Reading data
       input file Sequence_1 read -> 256 sequences found
   * Motif locations written to merci_n.txt
/home/praghuram23/miniconda3/envs/toxin_hemo/lib/python3.10/site-packages/toxinpred3/python_scripts/toxinpred3.py:209: SettingWithCopyWarning: 
A value is trying to be set on a copy of a slice from a DataFrame

See the caveats in the documentation: https://pandas.pydata.org/pandas-docs/stable/user_guide/indexing.html#returning-a-view-versus-a-copy
  df2.replace(to_replace=r"\)", value='', regex=True, inplace=True)
/home/praghuram23/miniconda3/envs/toxin_hemo/lib/python3.10/site-packages/toxinpred3/python_scripts/toxinpred3.py:210: SettingWithCopyWarning: 
A value is trying to be set on a copy of a slice from a DataFrame

See the caveats in the documentation: https://pandas.pydata.org/pandas-docs/stable/user_guide/indexing.html#returning-a-view-versus-a-copy
  df2.replace(to_replace=r'motifs match', value='', regex=True, inplace=True)
/home/praghuram23/miniconda3/envs/toxin_hemo/lib/python3.10/site-packages/toxinpred3/python_scripts/toxinpred3.py:211: SettingWithCopyWarning: 
A value is trying to be set on a copy of a slice from a DataFrame

See the caveats in the documentation: https://pandas.pydata.org/pandas-docs/stable/user_guide/indexing.html#returning-a-view-versus-a-copy
  df2.replace(to_replace=r' $', value='', regex=True,inplace=True)
127.0.0.1 - - [26/Jul/2026 06:52:53] "POST /score HTTP/1.1" 200 -
/home/praghuram23/miniconda3/envs/toxin_hemo/lib/python3.10/site-packages/sklearn/base.py:439: UserWarning: X does not have valid feature names, but ExtraTreesClassifier was fitted with feature names
  warnings.warn(

This is the MERCI (Motif - EmeRging and with Classes - Identification) motif locator program.

   * Loading hierarchy NONE
   * Reading data
       input file Sequence_1 read -> 256 sequences found
   * Motif locations written to merci_p.txt

This is the MERCI (Motif - EmeRging and with Classes - Identification) motif locator program.

   * Loading hierarchy NONE
   * Reading data
       input file Sequence_1 read -> 256 sequences found
   * Motif locations written to merci_n.txt
/home/praghuram23/miniconda3/envs/toxin_hemo/lib/python3.10/site-packages/toxinpred3/python_scripts/toxinpred3.py:209: SettingWithCopyWarning: 
A value is trying to be set on a copy of a slice from a DataFrame

See the caveats in the documentation: https://pandas.pydata.org/pandas-docs/stable/user_guide/indexing.html#returning-a-view-versus-a-copy
  df2.replace(to_replace=r"\)", value='', regex=True, inplace=True)
/home/praghuram23/miniconda3/envs/toxin_hemo/lib/python3.10/site-packages/toxinpred3/python_scripts/toxinpred3.py:210: SettingWithCopyWarning: 
A value is trying to be set on a copy of a slice from a DataFrame

See the caveats in the documentation: https://pandas.pydata.org/pandas-docs/stable/user_guide/indexing.html#returning-a-view-versus-a-copy
  df2.replace(to_replace=r'motifs match', value='', regex=True, inplace=True)
/home/praghuram23/miniconda3/envs/toxin_hemo/lib/python3.10/site-packages/toxinpred3/python_scripts/toxinpred3.py:211: SettingWithCopyWarning: 
A value is trying to be set on a copy of a slice from a DataFrame

See the caveats in the documentation: https://pandas.pydata.org/pandas-docs/stable/user_guide/indexing.html#returning-a-view-versus-a-copy
  df2.replace(to_replace=r' $', value='', regex=True,inplace=True)
127.0.0.1 - - [26/Jul/2026 06:53:23] "POST /score HTTP/1.1" 200 -
/home/praghuram23/miniconda3/envs/toxin_hemo/lib/python3.10/site-packages/sklearn/base.py:439: UserWarning: X does not have valid feature names, but ExtraTreesClassifier was fitted with feature names
  warnings.warn(

This is the MERCI (Motif - EmeRging and with Classes - Identification) motif locator program.

   * Loading hierarchy NONE
   * Reading data
       input file Sequence_1 read -> 256 sequences found
   * Motif locations written to merci_p.txt

This is the MERCI (Motif - EmeRging and with Classes - Identification) motif locator program.

   * Loading hierarchy NONE
   * Reading data
       input file Sequence_1 read -> 256 sequences found
   * Motif locations written to merci_n.txt
/home/praghuram23/miniconda3/envs/toxin_hemo/lib/python3.10/site-packages/toxinpred3/python_scripts/toxinpred3.py:209: SettingWithCopyWarning: 
A value is trying to be set on a copy of a slice from a DataFrame

See the caveats in the documentation: https://pandas.pydata.org/pandas-docs/stable/user_guide/indexing.html#returning-a-view-versus-a-copy
  df2.replace(to_replace=r"\)", value='', regex=True, inplace=True)
/home/praghuram23/miniconda3/envs/toxin_hemo/lib/python3.10/site-packages/toxinpred3/python_scripts/toxinpred3.py:210: SettingWithCopyWarning: 
A value is trying to be set on a copy of a slice from a DataFrame

See the caveats in the documentation: https://pandas.pydata.org/pandas-docs/stable/user_guide/indexing.html#returning-a-view-versus-a-copy
  df2.replace(to_replace=r'motifs match', value='', regex=True, inplace=True)
/home/praghuram23/miniconda3/envs/toxin_hemo/lib/python3.10/site-packages/toxinpred3/python_scripts/toxinpred3.py:211: SettingWithCopyWarning: 
A value is trying to be set on a copy of a slice from a DataFrame

See the caveats in the documentation: https://pandas.pydata.org/pandas-docs/stable/user_guide/indexing.html#returning-a-view-versus-a-copy
  df2.replace(to_replace=r' $', value='', regex=True,inplace=True)
127.0.0.1 - - [26/Jul/2026 06:53:52] "POST /score HTTP/1.1" 200 -
/home/praghuram23/miniconda3/envs/toxin_hemo/lib/python3.10/site-packages/sklearn/base.py:439: UserWarning: X does not have valid feature names, but ExtraTreesClassifier was fitted with feature names
  warnings.warn(

This is the MERCI (Motif - EmeRging and with Classes - Identification) motif locator program.

   * Loading hierarchy NONE
   * Reading data
       input file Sequence_1 read -> 256 sequences found
   * Motif locations written to merci_p.txt

This is the MERCI (Motif - EmeRging and with Classes - Identification) motif locator program.

   * Loading hierarchy NONE
   * Reading data
       input file Sequence_1 read -> 256 sequences found
   * Motif locations written to merci_n.txt
/home/praghuram23/miniconda3/envs/toxin_hemo/lib/python3.10/site-packages/toxinpred3/python_scripts/toxinpred3.py:142: SettingWithCopyWarning: 
A value is trying to be set on a copy of a slice from a DataFrame

See the caveats in the documentation: https://pandas.pydata.org/pandas-docs/stable/user_guide/indexing.html#returning-a-view-versus-a-copy
  df2.replace(to_replace=r"\)", value='', regex=True, inplace=True)
/home/praghuram23/miniconda3/envs/toxin_hemo/lib/python3.10/site-packages/toxinpred3/python_scripts/toxinpred3.py:143: SettingWithCopyWarning: 
A value is trying to be set on a copy of a slice from a DataFrame

See the caveats in the documentation: https://pandas.pydata.org/pandas-docs/stable/user_guide/indexing.html#returning-a-view-versus-a-copy
  df2.replace(to_replace=r'motifs match', value='', regex=True, inplace=True)
/home/praghuram23/miniconda3/envs/toxin_hemo/lib/python3.10/site-packages/toxinpred3/python_scripts/toxinpred3.py:144: SettingWithCopyWarning: 
A value is trying to be set on a copy of a slice from a DataFrame

See the caveats in the documentation: https://pandas.pydata.org/pandas-docs/stable/user_guide/indexing.html#returning-a-view-versus-a-copy
  df2.replace(to_replace=r' $', value='', regex=True,inplace=True)
/home/praghuram23/miniconda3/envs/toxin_hemo/lib/python3.10/site-packages/toxinpred3/python_scripts/toxinpred3.py:209: SettingWithCopyWarning: 
A value is trying to be set on a copy of a slice from a DataFrame

See the caveats in the documentation: https://pandas.pydata.org/pandas-docs/stable/user_guide/indexing.html#returning-a-view-versus-a-copy
  df2.replace(to_replace=r"\)", value='', regex=True, inplace=True)
/home/praghuram23/miniconda3/envs/toxin_hemo/lib/python3.10/site-packages/toxinpred3/python_scripts/toxinpred3.py:210: SettingWithCopyWarning: 
A value is trying to be set on a copy of a slice from a DataFrame

See the caveats in the documentation: https://pandas.pydata.org/pandas-docs/stable/user_guide/indexing.html#returning-a-view-versus-a-copy
  df2.replace(to_replace=r'motifs match', value='', regex=True, inplace=True)
/home/praghuram23/miniconda3/envs/toxin_hemo/lib/python3.10/site-packages/toxinpred3/python_scripts/toxinpred3.py:211: SettingWithCopyWarning: 
A value is trying to be set on a copy of a slice from a DataFrame

See the caveats in the documentation: https://pandas.pydata.org/pandas-docs/stable/user_guide/indexing.html#returning-a-view-versus-a-copy
  df2.replace(to_replace=r' $', value='', regex=True,inplace=True)
127.0.0.1 - - [26/Jul/2026 06:54:23] "POST /score HTTP/1.1" 200 -
/home/praghuram23/miniconda3/envs/toxin_hemo/lib/python3.10/site-packages/sklearn/base.py:439: UserWarning: X does not have valid feature names, but ExtraTreesClassifier was fitted with feature names
  warnings.warn(

This is the MERCI (Motif - EmeRging and with Classes - Identification) motif locator program.

   * Loading hierarchy NONE
   * Reading data
       input file Sequence_1 read -> 256 sequences found
   * Motif locations written to merci_p.txt

This is the MERCI (Motif - EmeRging and with Classes - Identification) motif locator program.

   * Loading hierarchy NONE
   * Reading data
       input file Sequence_1 read -> 256 sequences found
   * Motif locations written to merci_n.txt
/home/praghuram23/miniconda3/envs/toxin_hemo/lib/python3.10/site-packages/toxinpred3/python_scripts/toxinpred3.py:209: SettingWithCopyWarning: 
A value is trying to be set on a copy of a slice from a DataFrame

See the caveats in the documentation: https://pandas.pydata.org/pandas-docs/stable/user_guide/indexing.html#returning-a-view-versus-a-copy
  df2.replace(to_replace=r"\)", value='', regex=True, inplace=True)
/home/praghuram23/miniconda3/envs/toxin_hemo/lib/python3.10/site-packages/toxinpred3/python_scripts/toxinpred3.py:210: SettingWithCopyWarning: 
A value is trying to be set on a copy of a slice from a DataFrame

See the caveats in the documentation: https://pandas.pydata.org/pandas-docs/stable/user_guide/indexing.html#returning-a-view-versus-a-copy
  df2.replace(to_replace=r'motifs match', value='', regex=True, inplace=True)
/home/praghuram23/miniconda3/envs/toxin_hemo/lib/python3.10/site-packages/toxinpred3/python_scripts/toxinpred3.py:211: SettingWithCopyWarning: 
A value is trying to be set on a copy of a slice from a DataFrame

See the caveats in the documentation: https://pandas.pydata.org/pandas-docs/stable/user_guide/indexing.html#returning-a-view-versus-a-copy
  df2.replace(to_replace=r' $', value='', regex=True,inplace=True)
127.0.0.1 - - [26/Jul/2026 06:54:52] "POST /score HTTP/1.1" 200 -
/home/praghuram23/miniconda3/envs/toxin_hemo/lib/python3.10/site-packages/sklearn/base.py:439: UserWarning: X does not have valid feature names, but ExtraTreesClassifier was fitted with feature names
  warnings.warn(

This is the MERCI (Motif - EmeRging and with Classes - Identification) motif locator program.

   * Loading hierarchy NONE
   * Reading data
       input file Sequence_1 read -> 256 sequences found
   * Motif locations written to merci_p.txt

This is the MERCI (Motif - EmeRging and with Classes - Identification) motif locator program.

   * Loading hierarchy NONE
   * Reading data
       input file Sequence_1 read -> 256 sequences found
   * Motif locations written to merci_n.txt
/home/praghuram23/miniconda3/envs/toxin_hemo/lib/python3.10/site-packages/toxinpred3/python_scripts/toxinpred3.py:209: SettingWithCopyWarning: 
A value is trying to be set on a copy of a slice from a DataFrame

See the caveats in the documentation: https://pandas.pydata.org/pandas-docs/stable/user_guide/indexing.html#returning-a-view-versus-a-copy
  df2.replace(to_replace=r"\)", value='', regex=True, inplace=True)
/home/praghuram23/miniconda3/envs/toxin_hemo/lib/python3.10/site-packages/toxinpred3/python_scripts/toxinpred3.py:210: SettingWithCopyWarning: 
A value is trying to be set on a copy of a slice from a DataFrame

See the caveats in the documentation: https://pandas.pydata.org/pandas-docs/stable/user_guide/indexing.html#returning-a-view-versus-a-copy
  df2.replace(to_replace=r'motifs match', value='', regex=True, inplace=True)
/home/praghuram23/miniconda3/envs/toxin_hemo/lib/python3.10/site-packages/toxinpred3/python_scripts/toxinpred3.py:211: SettingWithCopyWarning: 
A value is trying to be set on a copy of a slice from a DataFrame

See the caveats in the documentation: https://pandas.pydata.org/pandas-docs/stable/user_guide/indexing.html#returning-a-view-versus-a-copy
  df2.replace(to_replace=r' $', value='', regex=True,inplace=True)
127.0.0.1 - - [26/Jul/2026 06:55:22] "POST /score HTTP/1.1" 200 -
/home/praghuram23/miniconda3/envs/toxin_hemo/lib/python3.10/site-packages/sklearn/base.py:439: UserWarning: X does not have valid feature names, but ExtraTreesClassifier was fitted with feature names
  warnings.warn(

This is the MERCI (Motif - EmeRging and with Classes - Identification) motif locator program.

   * Loading hierarchy NONE
   * Reading data
       input file Sequence_1 read -> 256 sequences found
   * Motif locations written to merci_p.txt

This is the MERCI (Motif - EmeRging and with Classes - Identification) motif locator program.

   * Loading hierarchy NONE
   * Reading data
       input file Sequence_1 read -> 256 sequences found
   * Motif locations written to merci_n.txt
/home/praghuram23/miniconda3/envs/toxin_hemo/lib/python3.10/site-packages/toxinpred3/python_scripts/toxinpred3.py:209: SettingWithCopyWarning: 
A value is trying to be set on a copy of a slice from a DataFrame

See the caveats in the documentation: https://pandas.pydata.org/pandas-docs/stable/user_guide/indexing.html#returning-a-view-versus-a-copy
  df2.replace(to_replace=r"\)", value='', regex=True, inplace=True)
/home/praghuram23/miniconda3/envs/toxin_hemo/lib/python3.10/site-packages/toxinpred3/python_scripts/toxinpred3.py:210: SettingWithCopyWarning: 
A value is trying to be set on a copy of a slice from a DataFrame

See the caveats in the documentation: https://pandas.pydata.org/pandas-docs/stable/user_guide/indexing.html#returning-a-view-versus-a-copy
  df2.replace(to_replace=r'motifs match', value='', regex=True, inplace=True)
/home/praghuram23/miniconda3/envs/toxin_hemo/lib/python3.10/site-packages/toxinpred3/python_scripts/toxinpred3.py:211: SettingWithCopyWarning: 
A value is trying to be set on a copy of a slice from a DataFrame

See the caveats in the documentation: https://pandas.pydata.org/pandas-docs/stable/user_guide/indexing.html#returning-a-view-versus-a-copy
  df2.replace(to_replace=r' $', value='', regex=True,inplace=True)
127.0.0.1 - - [26/Jul/2026 06:55:52] "POST /score HTTP/1.1" 200 -
/home/praghuram23/miniconda3/envs/toxin_hemo/lib/python3.10/site-packages/sklearn/base.py:439: UserWarning: X does not have valid feature names, but ExtraTreesClassifier was fitted with feature names
  warnings.warn(

This is the MERCI (Motif - EmeRging and with Classes - Identification) motif locator program.

   * Loading hierarchy NONE
   * Reading data
       input file Sequence_1 read -> 256 sequences found
   * Motif locations written to merci_p.txt

This is the MERCI (Motif - EmeRging and with Classes - Identification) motif locator program.

   * Loading hierarchy NONE
   * Reading data
       input file Sequence_1 read -> 256 sequences found
   * Motif locations written to merci_n.txt
/home/praghuram23/miniconda3/envs/toxin_hemo/lib/python3.10/site-packages/toxinpred3/python_scripts/toxinpred3.py:209: SettingWithCopyWarning: 
A value is trying to be set on a copy of a slice from a DataFrame

See the caveats in the documentation: https://pandas.pydata.org/pandas-docs/stable/user_guide/indexing.html#returning-a-view-versus-a-copy
  df2.replace(to_replace=r"\)", value='', regex=True, inplace=True)
/home/praghuram23/miniconda3/envs/toxin_hemo/lib/python3.10/site-packages/toxinpred3/python_scripts/toxinpred3.py:210: SettingWithCopyWarning: 
A value is trying to be set on a copy of a slice from a DataFrame

See the caveats in the documentation: https://pandas.pydata.org/pandas-docs/stable/user_guide/indexing.html#returning-a-view-versus-a-copy
  df2.replace(to_replace=r'motifs match', value='', regex=True, inplace=True)
/home/praghuram23/miniconda3/envs/toxin_hemo/lib/python3.10/site-packages/toxinpred3/python_scripts/toxinpred3.py:211: SettingWithCopyWarning: 
A value is trying to be set on a copy of a slice from a DataFrame

See the caveats in the documentation: https://pandas.pydata.org/pandas-docs/stable/user_guide/indexing.html#returning-a-view-versus-a-copy
  df2.replace(to_replace=r' $', value='', regex=True,inplace=True)
127.0.0.1 - - [26/Jul/2026 06:56:20] "POST /score HTTP/1.1" 200 -
/home/praghuram23/miniconda3/envs/toxin_hemo/lib/python3.10/site-packages/sklearn/base.py:439: UserWarning: X does not have valid feature names, but ExtraTreesClassifier was fitted with feature names
  warnings.warn(

This is the MERCI (Motif - EmeRging and with Classes - Identification) motif locator program.

   * Loading hierarchy NONE
   * Reading data
       input file Sequence_1 read -> 256 sequences found
   * Motif locations written to merci_p.txt

This is the MERCI (Motif - EmeRging and with Classes - Identification) motif locator program.

   * Loading hierarchy NONE
   * Reading data
       input file Sequence_1 read -> 256 sequences found
   * Motif locations written to merci_n.txt
/home/praghuram23/miniconda3/envs/toxin_hemo/lib/python3.10/site-packages/toxinpred3/python_scripts/toxinpred3.py:209: SettingWithCopyWarning: 
A value is trying to be set on a copy of a slice from a DataFrame

See the caveats in the documentation: https://pandas.pydata.org/pandas-docs/stable/user_guide/indexing.html#returning-a-view-versus-a-copy
  df2.replace(to_replace=r"\)", value='', regex=True, inplace=True)
/home/praghuram23/miniconda3/envs/toxin_hemo/lib/python3.10/site-packages/toxinpred3/python_scripts/toxinpred3.py:210: SettingWithCopyWarning: 
A value is trying to be set on a copy of a slice from a DataFrame

See the caveats in the documentation: https://pandas.pydata.org/pandas-docs/stable/user_guide/indexing.html#returning-a-view-versus-a-copy
  df2.replace(to_replace=r'motifs match', value='', regex=True, inplace=True)
/home/praghuram23/miniconda3/envs/toxin_hemo/lib/python3.10/site-packages/toxinpred3/python_scripts/toxinpred3.py:211: SettingWithCopyWarning: 
A value is trying to be set on a copy of a slice from a DataFrame

See the caveats in the documentation: https://pandas.pydata.org/pandas-docs/stable/user_guide/indexing.html#returning-a-view-versus-a-copy
  df2.replace(to_replace=r' $', value='', regex=True,inplace=True)
127.0.0.1 - - [26/Jul/2026 06:56:51] "POST /score HTTP/1.1" 200 -
/home/praghuram23/miniconda3/envs/toxin_hemo/lib/python3.10/site-packages/sklearn/base.py:439: UserWarning: X does not have valid feature names, but ExtraTreesClassifier was fitted with feature names
  warnings.warn(

This is the MERCI (Motif - EmeRging and with Classes - Identification) motif locator program.

   * Loading hierarchy NONE
   * Reading data
       input file Sequence_1 read -> 256 sequences found
   * Motif locations written to merci_p.txt

This is the MERCI (Motif - EmeRging and with Classes - Identification) motif locator program.

   * Loading hierarchy NONE
   * Reading data
       input file Sequence_1 read -> 256 sequences found
   * Motif locations written to merci_n.txt
/home/praghuram23/miniconda3/envs/toxin_hemo/lib/python3.10/site-packages/toxinpred3/python_scripts/toxinpred3.py:142: SettingWithCopyWarning: 
A value is trying to be set on a copy of a slice from a DataFrame

See the caveats in the documentation: https://pandas.pydata.org/pandas-docs/stable/user_guide/indexing.html#returning-a-view-versus-a-copy
  df2.replace(to_replace=r"\)", value='', regex=True, inplace=True)
/home/praghuram23/miniconda3/envs/toxin_hemo/lib/python3.10/site-packages/toxinpred3/python_scripts/toxinpred3.py:143: SettingWithCopyWarning: 
A value is trying to be set on a copy of a slice from a DataFrame

See the caveats in the documentation: https://pandas.pydata.org/pandas-docs/stable/user_guide/indexing.html#returning-a-view-versus-a-copy
  df2.replace(to_replace=r'motifs match', value='', regex=True, inplace=True)
/home/praghuram23/miniconda3/envs/toxin_hemo/lib/python3.10/site-packages/toxinpred3/python_scripts/toxinpred3.py:144: SettingWithCopyWarning: 
A value is trying to be set on a copy of a slice from a DataFrame

See the caveats in the documentation: https://pandas.pydata.org/pandas-docs/stable/user_guide/indexing.html#returning-a-view-versus-a-copy
  df2.replace(to_replace=r' $', value='', regex=True,inplace=True)
/home/praghuram23/miniconda3/envs/toxin_hemo/lib/python3.10/site-packages/toxinpred3/python_scripts/toxinpred3.py:209: SettingWithCopyWarning: 
A value is trying to be set on a copy of a slice from a DataFrame

See the caveats in the documentation: https://pandas.pydata.org/pandas-docs/stable/user_guide/indexing.html#returning-a-view-versus-a-copy
  df2.replace(to_replace=r"\)", value='', regex=True, inplace=True)
/home/praghuram23/miniconda3/envs/toxin_hemo/lib/python3.10/site-packages/toxinpred3/python_scripts/toxinpred3.py:210: SettingWithCopyWarning: 
A value is trying to be set on a copy of a slice from a DataFrame

See the caveats in the documentation: https://pandas.pydata.org/pandas-docs/stable/user_guide/indexing.html#returning-a-view-versus-a-copy
  df2.replace(to_replace=r'motifs match', value='', regex=True, inplace=True)
/home/praghuram23/miniconda3/envs/toxin_hemo/lib/python3.10/site-packages/toxinpred3/python_scripts/toxinpred3.py:211: SettingWithCopyWarning: 
A value is trying to be set on a copy of a slice from a DataFrame

See the caveats in the documentation: https://pandas.pydata.org/pandas-docs/stable/user_guide/indexing.html#returning-a-view-versus-a-copy
  df2.replace(to_replace=r' $', value='', regex=True,inplace=True)
127.0.0.1 - - [26/Jul/2026 06:57:23] "POST /score HTTP/1.1" 200 -
/home/praghuram23/miniconda3/envs/toxin_hemo/lib/python3.10/site-packages/sklearn/base.py:439: UserWarning: X does not have valid feature names, but ExtraTreesClassifier was fitted with feature names
  warnings.warn(

This is the MERCI (Motif - EmeRging and with Classes - Identification) motif locator program.

   * Loading hierarchy NONE
   * Reading data
       input file Sequence_1 read -> 256 sequences found
   * Motif locations written to merci_p.txt

This is the MERCI (Motif - EmeRging and with Classes - Identification) motif locator program.

   * Loading hierarchy NONE
   * Reading data
       input file Sequence_1 read -> 256 sequences found
   * Motif locations written to merci_n.txt
/home/praghuram23/miniconda3/envs/toxin_hemo/lib/python3.10/site-packages/toxinpred3/python_scripts/toxinpred3.py:142: SettingWithCopyWarning: 
A value is trying to be set on a copy of a slice from a DataFrame

See the caveats in the documentation: https://pandas.pydata.org/pandas-docs/stable/user_guide/indexing.html#returning-a-view-versus-a-copy
  df2.replace(to_replace=r"\)", value='', regex=True, inplace=True)
/home/praghuram23/miniconda3/envs/toxin_hemo/lib/python3.10/site-packages/toxinpred3/python_scripts/toxinpred3.py:143: SettingWithCopyWarning: 
A value is trying to be set on a copy of a slice from a DataFrame

See the caveats in the documentation: https://pandas.pydata.org/pandas-docs/stable/user_guide/indexing.html#returning-a-view-versus-a-copy
  df2.replace(to_replace=r'motifs match', value='', regex=True, inplace=True)
/home/praghuram23/miniconda3/envs/toxin_hemo/lib/python3.10/site-packages/toxinpred3/python_scripts/toxinpred3.py:144: SettingWithCopyWarning: 
A value is trying to be set on a copy of a slice from a DataFrame

See the caveats in the documentation: https://pandas.pydata.org/pandas-docs/stable/user_guide/indexing.html#returning-a-view-versus-a-copy
  df2.replace(to_replace=r' $', value='', regex=True,inplace=True)
/home/praghuram23/miniconda3/envs/toxin_hemo/lib/python3.10/site-packages/toxinpred3/python_scripts/toxinpred3.py:209: SettingWithCopyWarning: 
A value is trying to be set on a copy of a slice from a DataFrame

See the caveats in the documentation: https://pandas.pydata.org/pandas-docs/stable/user_guide/indexing.html#returning-a-view-versus-a-copy
  df2.replace(to_replace=r"\)", value='', regex=True, inplace=True)
/home/praghuram23/miniconda3/envs/toxin_hemo/lib/python3.10/site-packages/toxinpred3/python_scripts/toxinpred3.py:210: SettingWithCopyWarning: 
A value is trying to be set on a copy of a slice from a DataFrame

See the caveats in the documentation: https://pandas.pydata.org/pandas-docs/stable/user_guide/indexing.html#returning-a-view-versus-a-copy
  df2.replace(to_replace=r'motifs match', value='', regex=True, inplace=True)
/home/praghuram23/miniconda3/envs/toxin_hemo/lib/python3.10/site-packages/toxinpred3/python_scripts/toxinpred3.py:211: SettingWithCopyWarning: 
A value is trying to be set on a copy of a slice from a DataFrame

See the caveats in the documentation: https://pandas.pydata.org/pandas-docs/stable/user_guide/indexing.html#returning-a-view-versus-a-copy
  df2.replace(to_replace=r' $', value='', regex=True,inplace=True)
127.0.0.1 - - [26/Jul/2026 06:57:53] "POST /score HTTP/1.1" 200 -
/home/praghuram23/miniconda3/envs/toxin_hemo/lib/python3.10/site-packages/sklearn/base.py:439: UserWarning: X does not have valid feature names, but ExtraTreesClassifier was fitted with feature names
  warnings.warn(

This is the MERCI (Motif - EmeRging and with Classes - Identification) motif locator program.

   * Loading hierarchy NONE
   * Reading data
       input file Sequence_1 read -> 256 sequences found
   * Motif locations written to merci_p.txt

This is the MERCI (Motif - EmeRging and with Classes - Identification) motif locator program.

   * Loading hierarchy NONE
   * Reading data
       input file Sequence_1 read -> 256 sequences found
   * Motif locations written to merci_n.txt
/home/praghuram23/miniconda3/envs/toxin_hemo/lib/python3.10/site-packages/toxinpred3/python_scripts/toxinpred3.py:209: SettingWithCopyWarning: 
A value is trying to be set on a copy of a slice from a DataFrame

See the caveats in the documentation: https://pandas.pydata.org/pandas-docs/stable/user_guide/indexing.html#returning-a-view-versus-a-copy
  df2.replace(to_replace=r"\)", value='', regex=True, inplace=True)
/home/praghuram23/miniconda3/envs/toxin_hemo/lib/python3.10/site-packages/toxinpred3/python_scripts/toxinpred3.py:210: SettingWithCopyWarning: 
A value is trying to be set on a copy of a slice from a DataFrame

See the caveats in the documentation: https://pandas.pydata.org/pandas-docs/stable/user_guide/indexing.html#returning-a-view-versus-a-copy
  df2.replace(to_replace=r'motifs match', value='', regex=True, inplace=True)
/home/praghuram23/miniconda3/envs/toxin_hemo/lib/python3.10/site-packages/toxinpred3/python_scripts/toxinpred3.py:211: SettingWithCopyWarning: 
A value is trying to be set on a copy of a slice from a DataFrame

See the caveats in the documentation: https://pandas.pydata.org/pandas-docs/stable/user_guide/indexing.html#returning-a-view-versus-a-copy
  df2.replace(to_replace=r' $', value='', regex=True,inplace=True)
127.0.0.1 - - [26/Jul/2026 06:58:23] "POST /score HTTP/1.1" 200 -
/home/praghuram23/miniconda3/envs/toxin_hemo/lib/python3.10/site-packages/sklearn/base.py:439: UserWarning: X does not have valid feature names, but ExtraTreesClassifier was fitted with feature names
  warnings.warn(

This is the MERCI (Motif - EmeRging and with Classes - Identification) motif locator program.

   * Loading hierarchy NONE
   * Reading data
       input file Sequence_1 read -> 256 sequences found
   * Motif locations written to merci_p.txt

This is the MERCI (Motif - EmeRging and with Classes - Identification) motif locator program.

   * Loading hierarchy NONE
   * Reading data
       input file Sequence_1 read -> 256 sequences found
   * Motif locations written to merci_n.txt
/home/praghuram23/miniconda3/envs/toxin_hemo/lib/python3.10/site-packages/toxinpred3/python_scripts/toxinpred3.py:209: SettingWithCopyWarning: 
A value is trying to be set on a copy of a slice from a DataFrame

See the caveats in the documentation: https://pandas.pydata.org/pandas-docs/stable/user_guide/indexing.html#returning-a-view-versus-a-copy
  df2.replace(to_replace=r"\)", value='', regex=True, inplace=True)
/home/praghuram23/miniconda3/envs/toxin_hemo/lib/python3.10/site-packages/toxinpred3/python_scripts/toxinpred3.py:210: SettingWithCopyWarning: 
A value is trying to be set on a copy of a slice from a DataFrame

See the caveats in the documentation: https://pandas.pydata.org/pandas-docs/stable/user_guide/indexing.html#returning-a-view-versus-a-copy
  df2.replace(to_replace=r'motifs match', value='', regex=True, inplace=True)
/home/praghuram23/miniconda3/envs/toxin_hemo/lib/python3.10/site-packages/toxinpred3/python_scripts/toxinpred3.py:211: SettingWithCopyWarning: 
A value is trying to be set on a copy of a slice from a DataFrame

See the caveats in the documentation: https://pandas.pydata.org/pandas-docs/stable/user_guide/indexing.html#returning-a-view-versus-a-copy
  df2.replace(to_replace=r' $', value='', regex=True,inplace=True)
127.0.0.1 - - [26/Jul/2026 06:58:51] "POST /score HTTP/1.1" 200 -
/home/praghuram23/miniconda3/envs/toxin_hemo/lib/python3.10/site-packages/sklearn/base.py:439: UserWarning: X does not have valid feature names, but ExtraTreesClassifier was fitted with feature names
  warnings.warn(

This is the MERCI (Motif - EmeRging and with Classes - Identification) motif locator program.

   * Loading hierarchy NONE
   * Reading data
       input file Sequence_1 read -> 256 sequences found
   * Motif locations written to merci_p.txt

This is the MERCI (Motif - EmeRging and with Classes - Identification) motif locator program.

   * Loading hierarchy NONE
   * Reading data
       input file Sequence_1 read -> 256 sequences found
   * Motif locations written to merci_n.txt
/home/praghuram23/miniconda3/envs/toxin_hemo/lib/python3.10/site-packages/toxinpred3/python_scripts/toxinpred3.py:209: SettingWithCopyWarning: 
A value is trying to be set on a copy of a slice from a DataFrame

See the caveats in the documentation: https://pandas.pydata.org/pandas-docs/stable/user_guide/indexing.html#returning-a-view-versus-a-copy
  df2.replace(to_replace=r"\)", value='', regex=True, inplace=True)
/home/praghuram23/miniconda3/envs/toxin_hemo/lib/python3.10/site-packages/toxinpred3/python_scripts/toxinpred3.py:210: SettingWithCopyWarning: 
A value is trying to be set on a copy of a slice from a DataFrame

See the caveats in the documentation: https://pandas.pydata.org/pandas-docs/stable/user_guide/indexing.html#returning-a-view-versus-a-copy
  df2.replace(to_replace=r'motifs match', value='', regex=True, inplace=True)
/home/praghuram23/miniconda3/envs/toxin_hemo/lib/python3.10/site-packages/toxinpred3/python_scripts/toxinpred3.py:211: SettingWithCopyWarning: 
A value is trying to be set on a copy of a slice from a DataFrame

See the caveats in the documentation: https://pandas.pydata.org/pandas-docs/stable/user_guide/indexing.html#returning-a-view-versus-a-copy
  df2.replace(to_replace=r' $', value='', regex=True,inplace=True)
127.0.0.1 - - [26/Jul/2026 06:59:17] "POST /score HTTP/1.1" 200 -
/home/praghuram23/miniconda3/envs/toxin_hemo/lib/python3.10/site-packages/sklearn/base.py:439: UserWarning: X does not have valid feature names, but ExtraTreesClassifier was fitted with feature names
  warnings.warn(

This is the MERCI (Motif - EmeRging and with Classes - Identification) motif locator program.

   * Loading hierarchy NONE
   * Reading data
       input file Sequence_1 read -> 256 sequences found
   * Motif locations written to merci_p.txt

This is the MERCI (Motif - EmeRging and with Classes - Identification) motif locator program.

   * Loading hierarchy NONE
   * Reading data
       input file Sequence_1 read -> 256 sequences found
   * Motif locations written to merci_n.txt
/home/praghuram23/miniconda3/envs/toxin_hemo/lib/python3.10/site-packages/toxinpred3/python_scripts/toxinpred3.py:209: SettingWithCopyWarning: 
A value is trying to be set on a copy of a slice from a DataFrame

See the caveats in the documentation: https://pandas.pydata.org/pandas-docs/stable/user_guide/indexing.html#returning-a-view-versus-a-copy
  df2.replace(to_replace=r"\)", value='', regex=True, inplace=True)
/home/praghuram23/miniconda3/envs/toxin_hemo/lib/python3.10/site-packages/toxinpred3/python_scripts/toxinpred3.py:210: SettingWithCopyWarning: 
A value is trying to be set on a copy of a slice from a DataFrame

See the caveats in the documentation: https://pandas.pydata.org/pandas-docs/stable/user_guide/indexing.html#returning-a-view-versus-a-copy
  df2.replace(to_replace=r'motifs match', value='', regex=True, inplace=True)
/home/praghuram23/miniconda3/envs/toxin_hemo/lib/python3.10/site-packages/toxinpred3/python_scripts/toxinpred3.py:211: SettingWithCopyWarning: 
A value is trying to be set on a copy of a slice from a DataFrame

See the caveats in the documentation: https://pandas.pydata.org/pandas-docs/stable/user_guide/indexing.html#returning-a-view-versus-a-copy
  df2.replace(to_replace=r' $', value='', regex=True,inplace=True)
127.0.0.1 - - [26/Jul/2026 06:59:43] "POST /score HTTP/1.1" 200 -
/home/praghuram23/miniconda3/envs/toxin_hemo/lib/python3.10/site-packages/sklearn/base.py:439: UserWarning: X does not have valid feature names, but ExtraTreesClassifier was fitted with feature names
  warnings.warn(

This is the MERCI (Motif - EmeRging and with Classes - Identification) motif locator program.

   * Loading hierarchy NONE
   * Reading data
       input file Sequence_1 read -> 256 sequences found
   * Motif locations written to merci_p.txt

This is the MERCI (Motif - EmeRging and with Classes - Identification) motif locator program.

   * Loading hierarchy NONE
   * Reading data
       input file Sequence_1 read -> 256 sequences found
   * Motif locations written to merci_n.txt
/home/praghuram23/miniconda3/envs/toxin_hemo/lib/python3.10/site-packages/toxinpred3/python_scripts/toxinpred3.py:209: SettingWithCopyWarning: 
A value is trying to be set on a copy of a slice from a DataFrame

See the caveats in the documentation: https://pandas.pydata.org/pandas-docs/stable/user_guide/indexing.html#returning-a-view-versus-a-copy
  df2.replace(to_replace=r"\)", value='', regex=True, inplace=True)
/home/praghuram23/miniconda3/envs/toxin_hemo/lib/python3.10/site-packages/toxinpred3/python_scripts/toxinpred3.py:210: SettingWithCopyWarning: 
A value is trying to be set on a copy of a slice from a DataFrame

See the caveats in the documentation: https://pandas.pydata.org/pandas-docs/stable/user_guide/indexing.html#returning-a-view-versus-a-copy
  df2.replace(to_replace=r'motifs match', value='', regex=True, inplace=True)
/home/praghuram23/miniconda3/envs/toxin_hemo/lib/python3.10/site-packages/toxinpred3/python_scripts/toxinpred3.py:211: SettingWithCopyWarning: 
A value is trying to be set on a copy of a slice from a DataFrame

See the caveats in the documentation: https://pandas.pydata.org/pandas-docs/stable/user_guide/indexing.html#returning-a-view-versus-a-copy
  df2.replace(to_replace=r' $', value='', regex=True,inplace=True)
127.0.0.1 - - [26/Jul/2026 07:00:10] "POST /score HTTP/1.1" 200 -
/home/praghuram23/miniconda3/envs/toxin_hemo/lib/python3.10/site-packages/sklearn/base.py:439: UserWarning: X does not have valid feature names, but ExtraTreesClassifier was fitted with feature names
  warnings.warn(

This is the MERCI (Motif - EmeRging and with Classes - Identification) motif locator program.

   * Loading hierarchy NONE
   * Reading data
       input file Sequence_1 read -> 256 sequences found
   * Motif locations written to merci_p.txt

This is the MERCI (Motif - EmeRging and with Classes - Identification) motif locator program.

   * Loading hierarchy NONE
   * Reading data
       input file Sequence_1 read -> 256 sequences found
   * Motif locations written to merci_n.txt
/home/praghuram23/miniconda3/envs/toxin_hemo/lib/python3.10/site-packages/toxinpred3/python_scripts/toxinpred3.py:209: SettingWithCopyWarning: 
A value is trying to be set on a copy of a slice from a DataFrame

See the caveats in the documentation: https://pandas.pydata.org/pandas-docs/stable/user_guide/indexing.html#returning-a-view-versus-a-copy
  df2.replace(to_replace=r"\)", value='', regex=True, inplace=True)
/home/praghuram23/miniconda3/envs/toxin_hemo/lib/python3.10/site-packages/toxinpred3/python_scripts/toxinpred3.py:210: SettingWithCopyWarning: 
A value is trying to be set on a copy of a slice from a DataFrame

See the caveats in the documentation: https://pandas.pydata.org/pandas-docs/stable/user_guide/indexing.html#returning-a-view-versus-a-copy
  df2.replace(to_replace=r'motifs match', value='', regex=True, inplace=True)
/home/praghuram23/miniconda3/envs/toxin_hemo/lib/python3.10/site-packages/toxinpred3/python_scripts/toxinpred3.py:211: SettingWithCopyWarning: 
A value is trying to be set on a copy of a slice from a DataFrame

See the caveats in the documentation: https://pandas.pydata.org/pandas-docs/stable/user_guide/indexing.html#returning-a-view-versus-a-copy
  df2.replace(to_replace=r' $', value='', regex=True,inplace=True)
127.0.0.1 - - [26/Jul/2026 07:00:39] "POST /score HTTP/1.1" 200 -
/home/praghuram23/miniconda3/envs/toxin_hemo/lib/python3.10/site-packages/sklearn/base.py:439: UserWarning: X does not have valid feature names, but ExtraTreesClassifier was fitted with feature names
  warnings.warn(

This is the MERCI (Motif - EmeRging and with Classes - Identification) motif locator program.

   * Loading hierarchy NONE
   * Reading data
       input file Sequence_1 read -> 256 sequences found
   * Motif locations written to merci_p.txt

This is the MERCI (Motif - EmeRging and with Classes - Identification) motif locator program.

   * Loading hierarchy NONE
   * Reading data
       input file Sequence_1 read -> 256 sequences found
   * Motif locations written to merci_n.txt
/home/praghuram23/miniconda3/envs/toxin_hemo/lib/python3.10/site-packages/toxinpred3/python_scripts/toxinpred3.py:142: SettingWithCopyWarning: 
A value is trying to be set on a copy of a slice from a DataFrame

See the caveats in the documentation: https://pandas.pydata.org/pandas-docs/stable/user_guide/indexing.html#returning-a-view-versus-a-copy
  df2.replace(to_replace=r"\)", value='', regex=True, inplace=True)
/home/praghuram23/miniconda3/envs/toxin_hemo/lib/python3.10/site-packages/toxinpred3/python_scripts/toxinpred3.py:143: SettingWithCopyWarning: 
A value is trying to be set on a copy of a slice from a DataFrame

See the caveats in the documentation: https://pandas.pydata.org/pandas-docs/stable/user_guide/indexing.html#returning-a-view-versus-a-copy
  df2.replace(to_replace=r'motifs match', value='', regex=True, inplace=True)
/home/praghuram23/miniconda3/envs/toxin_hemo/lib/python3.10/site-packages/toxinpred3/python_scripts/toxinpred3.py:144: SettingWithCopyWarning: 
A value is trying to be set on a copy of a slice from a DataFrame

See the caveats in the documentation: https://pandas.pydata.org/pandas-docs/stable/user_guide/indexing.html#returning-a-view-versus-a-copy
  df2.replace(to_replace=r' $', value='', regex=True,inplace=True)
/home/praghuram23/miniconda3/envs/toxin_hemo/lib/python3.10/site-packages/toxinpred3/python_scripts/toxinpred3.py:209: SettingWithCopyWarning: 
A value is trying to be set on a copy of a slice from a DataFrame

See the caveats in the documentation: https://pandas.pydata.org/pandas-docs/stable/user_guide/indexing.html#returning-a-view-versus-a-copy
  df2.replace(to_replace=r"\)", value='', regex=True, inplace=True)
/home/praghuram23/miniconda3/envs/toxin_hemo/lib/python3.10/site-packages/toxinpred3/python_scripts/toxinpred3.py:210: SettingWithCopyWarning: 
A value is trying to be set on a copy of a slice from a DataFrame

See the caveats in the documentation: https://pandas.pydata.org/pandas-docs/stable/user_guide/indexing.html#returning-a-view-versus-a-copy
  df2.replace(to_replace=r'motifs match', value='', regex=True, inplace=True)
/home/praghuram23/miniconda3/envs/toxin_hemo/lib/python3.10/site-packages/toxinpred3/python_scripts/toxinpred3.py:211: SettingWithCopyWarning: 
A value is trying to be set on a copy of a slice from a DataFrame

See the caveats in the documentation: https://pandas.pydata.org/pandas-docs/stable/user_guide/indexing.html#returning-a-view-versus-a-copy
  df2.replace(to_replace=r' $', value='', regex=True,inplace=True)
127.0.0.1 - - [26/Jul/2026 07:01:08] "POST /score HTTP/1.1" 200 -
/home/praghuram23/miniconda3/envs/toxin_hemo/lib/python3.10/site-packages/sklearn/base.py:439: UserWarning: X does not have valid feature names, but ExtraTreesClassifier was fitted with feature names
  warnings.warn(

This is the MERCI (Motif - EmeRging and with Classes - Identification) motif locator program.

   * Loading hierarchy NONE
   * Reading data
       input file Sequence_1 read -> 256 sequences found
   * Motif locations written to merci_p.txt

This is the MERCI (Motif - EmeRging and with Classes - Identification) motif locator program.

   * Loading hierarchy NONE
   * Reading data
       input file Sequence_1 read -> 256 sequences found
   * Motif locations written to merci_n.txt
/home/praghuram23/miniconda3/envs/toxin_hemo/lib/python3.10/site-packages/toxinpred3/python_scripts/toxinpred3.py:209: SettingWithCopyWarning: 
A value is trying to be set on a copy of a slice from a DataFrame

See the caveats in the documentation: https://pandas.pydata.org/pandas-docs/stable/user_guide/indexing.html#returning-a-view-versus-a-copy
  df2.replace(to_replace=r"\)", value='', regex=True, inplace=True)
/home/praghuram23/miniconda3/envs/toxin_hemo/lib/python3.10/site-packages/toxinpred3/python_scripts/toxinpred3.py:210: SettingWithCopyWarning: 
A value is trying to be set on a copy of a slice from a DataFrame

See the caveats in the documentation: https://pandas.pydata.org/pandas-docs/stable/user_guide/indexing.html#returning-a-view-versus-a-copy
  df2.replace(to_replace=r'motifs match', value='', regex=True, inplace=True)
/home/praghuram23/miniconda3/envs/toxin_hemo/lib/python3.10/site-packages/toxinpred3/python_scripts/toxinpred3.py:211: SettingWithCopyWarning: 
A value is trying to be set on a copy of a slice from a DataFrame

See the caveats in the documentation: https://pandas.pydata.org/pandas-docs/stable/user_guide/indexing.html#returning-a-view-versus-a-copy
  df2.replace(to_replace=r' $', value='', regex=True,inplace=True)
127.0.0.1 - - [26/Jul/2026 07:01:35] "POST /score HTTP/1.1" 200 -
/home/praghuram23/miniconda3/envs/toxin_hemo/lib/python3.10/site-packages/sklearn/base.py:439: UserWarning: X does not have valid feature names, but ExtraTreesClassifier was fitted with feature names
  warnings.warn(

This is the MERCI (Motif - EmeRging and with Classes - Identification) motif locator program.

   * Loading hierarchy NONE
   * Reading data
       input file Sequence_1 read -> 256 sequences found
   * Motif locations written to merci_p.txt

This is the MERCI (Motif - EmeRging and with Classes - Identification) motif locator program.

   * Loading hierarchy NONE
   * Reading data
       input file Sequence_1 read -> 256 sequences found
   * Motif locations written to merci_n.txt
/home/praghuram23/miniconda3/envs/toxin_hemo/lib/python3.10/site-packages/toxinpred3/python_scripts/toxinpred3.py:209: SettingWithCopyWarning: 
A value is trying to be set on a copy of a slice from a DataFrame

See the caveats in the documentation: https://pandas.pydata.org/pandas-docs/stable/user_guide/indexing.html#returning-a-view-versus-a-copy
  df2.replace(to_replace=r"\)", value='', regex=True, inplace=True)
/home/praghuram23/miniconda3/envs/toxin_hemo/lib/python3.10/site-packages/toxinpred3/python_scripts/toxinpred3.py:210: SettingWithCopyWarning: 
A value is trying to be set on a copy of a slice from a DataFrame

See the caveats in the documentation: https://pandas.pydata.org/pandas-docs/stable/user_guide/indexing.html#returning-a-view-versus-a-copy
  df2.replace(to_replace=r'motifs match', value='', regex=True, inplace=True)
/home/praghuram23/miniconda3/envs/toxin_hemo/lib/python3.10/site-packages/toxinpred3/python_scripts/toxinpred3.py:211: SettingWithCopyWarning: 
A value is trying to be set on a copy of a slice from a DataFrame

See the caveats in the documentation: https://pandas.pydata.org/pandas-docs/stable/user_guide/indexing.html#returning-a-view-versus-a-copy
  df2.replace(to_replace=r' $', value='', regex=True,inplace=True)
127.0.0.1 - - [26/Jul/2026 07:02:03] "POST /score HTTP/1.1" 200 -
/home/praghuram23/miniconda3/envs/toxin_hemo/lib/python3.10/site-packages/sklearn/base.py:439: UserWarning: X does not have valid feature names, but ExtraTreesClassifier was fitted with feature names
  warnings.warn(

This is the MERCI (Motif - EmeRging and with Classes - Identification) motif locator program.

   * Loading hierarchy NONE
   * Reading data
       input file Sequence_1 read -> 256 sequences found
   * Motif locations written to merci_p.txt

This is the MERCI (Motif - EmeRging and with Classes - Identification) motif locator program.

   * Loading hierarchy NONE
   * Reading data
       input file Sequence_1 read -> 256 sequences found
   * Motif locations written to merci_n.txt
/home/praghuram23/miniconda3/envs/toxin_hemo/lib/python3.10/site-packages/toxinpred3/python_scripts/toxinpred3.py:209: SettingWithCopyWarning: 
A value is trying to be set on a copy of a slice from a DataFrame

See the caveats in the documentation: https://pandas.pydata.org/pandas-docs/stable/user_guide/indexing.html#returning-a-view-versus-a-copy
  df2.replace(to_replace=r"\)", value='', regex=True, inplace=True)
/home/praghuram23/miniconda3/envs/toxin_hemo/lib/python3.10/site-packages/toxinpred3/python_scripts/toxinpred3.py:210: SettingWithCopyWarning: 
A value is trying to be set on a copy of a slice from a DataFrame

See the caveats in the documentation: https://pandas.pydata.org/pandas-docs/stable/user_guide/indexing.html#returning-a-view-versus-a-copy
  df2.replace(to_replace=r'motifs match', value='', regex=True, inplace=True)
/home/praghuram23/miniconda3/envs/toxin_hemo/lib/python3.10/site-packages/toxinpred3/python_scripts/toxinpred3.py:211: SettingWithCopyWarning: 
A value is trying to be set on a copy of a slice from a DataFrame

See the caveats in the documentation: https://pandas.pydata.org/pandas-docs/stable/user_guide/indexing.html#returning-a-view-versus-a-copy
  df2.replace(to_replace=r' $', value='', regex=True,inplace=True)
127.0.0.1 - - [26/Jul/2026 07:02:31] "POST /score HTTP/1.1" 200 -
/home/praghuram23/miniconda3/envs/toxin_hemo/lib/python3.10/site-packages/sklearn/base.py:439: UserWarning: X does not have valid feature names, but ExtraTreesClassifier was fitted with feature names
  warnings.warn(

This is the MERCI (Motif - EmeRging and with Classes - Identification) motif locator program.

   * Loading hierarchy NONE
   * Reading data
       input file Sequence_1 read -> 256 sequences found
   * Motif locations written to merci_p.txt

This is the MERCI (Motif - EmeRging and with Classes - Identification) motif locator program.

   * Loading hierarchy NONE
   * Reading data
       input file Sequence_1 read -> 256 sequences found
   * Motif locations written to merci_n.txt
/home/praghuram23/miniconda3/envs/toxin_hemo/lib/python3.10/site-packages/toxinpred3/python_scripts/toxinpred3.py:209: SettingWithCopyWarning: 
A value is trying to be set on a copy of a slice from a DataFrame

See the caveats in the documentation: https://pandas.pydata.org/pandas-docs/stable/user_guide/indexing.html#returning-a-view-versus-a-copy
  df2.replace(to_replace=r"\)", value='', regex=True, inplace=True)
/home/praghuram23/miniconda3/envs/toxin_hemo/lib/python3.10/site-packages/toxinpred3/python_scripts/toxinpred3.py:210: SettingWithCopyWarning: 
A value is trying to be set on a copy of a slice from a DataFrame

See the caveats in the documentation: https://pandas.pydata.org/pandas-docs/stable/user_guide/indexing.html#returning-a-view-versus-a-copy
  df2.replace(to_replace=r'motifs match', value='', regex=True, inplace=True)
/home/praghuram23/miniconda3/envs/toxin_hemo/lib/python3.10/site-packages/toxinpred3/python_scripts/toxinpred3.py:211: SettingWithCopyWarning: 
A value is trying to be set on a copy of a slice from a DataFrame

See the caveats in the documentation: https://pandas.pydata.org/pandas-docs/stable/user_guide/indexing.html#returning-a-view-versus-a-copy
  df2.replace(to_replace=r' $', value='', regex=True,inplace=True)
127.0.0.1 - - [26/Jul/2026 07:02:59] "POST /score HTTP/1.1" 200 -
/home/praghuram23/miniconda3/envs/toxin_hemo/lib/python3.10/site-packages/sklearn/base.py:439: UserWarning: X does not have valid feature names, but ExtraTreesClassifier was fitted with feature names
  warnings.warn(

This is the MERCI (Motif - EmeRging and with Classes - Identification) motif locator program.

   * Loading hierarchy NONE
   * Reading data
       input file Sequence_1 read -> 256 sequences found
   * Motif locations written to merci_p.txt

This is the MERCI (Motif - EmeRging and with Classes - Identification) motif locator program.

   * Loading hierarchy NONE
   * Reading data
       input file Sequence_1 read -> 256 sequences found
   * Motif locations written to merci_n.txt
/home/praghuram23/miniconda3/envs/toxin_hemo/lib/python3.10/site-packages/toxinpred3/python_scripts/toxinpred3.py:209: SettingWithCopyWarning: 
A value is trying to be set on a copy of a slice from a DataFrame

See the caveats in the documentation: https://pandas.pydata.org/pandas-docs/stable/user_guide/indexing.html#returning-a-view-versus-a-copy
  df2.replace(to_replace=r"\)", value='', regex=True, inplace=True)
/home/praghuram23/miniconda3/envs/toxin_hemo/lib/python3.10/site-packages/toxinpred3/python_scripts/toxinpred3.py:210: SettingWithCopyWarning: 
A value is trying to be set on a copy of a slice from a DataFrame

See the caveats in the documentation: https://pandas.pydata.org/pandas-docs/stable/user_guide/indexing.html#returning-a-view-versus-a-copy
  df2.replace(to_replace=r'motifs match', value='', regex=True, inplace=True)
/home/praghuram23/miniconda3/envs/toxin_hemo/lib/python3.10/site-packages/toxinpred3/python_scripts/toxinpred3.py:211: SettingWithCopyWarning: 
A value is trying to be set on a copy of a slice from a DataFrame

See the caveats in the documentation: https://pandas.pydata.org/pandas-docs/stable/user_guide/indexing.html#returning-a-view-versus-a-copy
  df2.replace(to_replace=r' $', value='', regex=True,inplace=True)
127.0.0.1 - - [26/Jul/2026 07:03:28] "POST /score HTTP/1.1" 200 -
/home/praghuram23/miniconda3/envs/toxin_hemo/lib/python3.10/site-packages/sklearn/base.py:439: UserWarning: X does not have valid feature names, but ExtraTreesClassifier was fitted with feature names
  warnings.warn(

This is the MERCI (Motif - EmeRging and with Classes - Identification) motif locator program.

   * Loading hierarchy NONE
   * Reading data
       input file Sequence_1 read -> 256 sequences found
   * Motif locations written to merci_p.txt

This is the MERCI (Motif - EmeRging and with Classes - Identification) motif locator program.

   * Loading hierarchy NONE
   * Reading data
       input file Sequence_1 read -> 256 sequences found
   * Motif locations written to merci_n.txt
/home/praghuram23/miniconda3/envs/toxin_hemo/lib/python3.10/site-packages/toxinpred3/python_scripts/toxinpred3.py:209: SettingWithCopyWarning: 
A value is trying to be set on a copy of a slice from a DataFrame

See the caveats in the documentation: https://pandas.pydata.org/pandas-docs/stable/user_guide/indexing.html#returning-a-view-versus-a-copy
  df2.replace(to_replace=r"\)", value='', regex=True, inplace=True)
/home/praghuram23/miniconda3/envs/toxin_hemo/lib/python3.10/site-packages/toxinpred3/python_scripts/toxinpred3.py:210: SettingWithCopyWarning: 
A value is trying to be set on a copy of a slice from a DataFrame

See the caveats in the documentation: https://pandas.pydata.org/pandas-docs/stable/user_guide/indexing.html#returning-a-view-versus-a-copy
  df2.replace(to_replace=r'motifs match', value='', regex=True, inplace=True)
/home/praghuram23/miniconda3/envs/toxin_hemo/lib/python3.10/site-packages/toxinpred3/python_scripts/toxinpred3.py:211: SettingWithCopyWarning: 
A value is trying to be set on a copy of a slice from a DataFrame

See the caveats in the documentation: https://pandas.pydata.org/pandas-docs/stable/user_guide/indexing.html#returning-a-view-versus-a-copy
  df2.replace(to_replace=r' $', value='', regex=True,inplace=True)
127.0.0.1 - - [26/Jul/2026 07:03:55] "POST /score HTTP/1.1" 200 -
/home/praghuram23/miniconda3/envs/toxin_hemo/lib/python3.10/site-packages/sklearn/base.py:439: UserWarning: X does not have valid feature names, but ExtraTreesClassifier was fitted with feature names
  warnings.warn(

This is the MERCI (Motif - EmeRging and with Classes - Identification) motif locator program.

   * Loading hierarchy NONE
   * Reading data
       input file Sequence_1 read -> 256 sequences found
   * Motif locations written to merci_p.txt

This is the MERCI (Motif - EmeRging and with Classes - Identification) motif locator program.

   * Loading hierarchy NONE
   * Reading data
       input file Sequence_1 read -> 256 sequences found
   * Motif locations written to merci_n.txt
/home/praghuram23/miniconda3/envs/toxin_hemo/lib/python3.10/site-packages/toxinpred3/python_scripts/toxinpred3.py:209: SettingWithCopyWarning: 
A value is trying to be set on a copy of a slice from a DataFrame

See the caveats in the documentation: https://pandas.pydata.org/pandas-docs/stable/user_guide/indexing.html#returning-a-view-versus-a-copy
  df2.replace(to_replace=r"\)", value='', regex=True, inplace=True)
/home/praghuram23/miniconda3/envs/toxin_hemo/lib/python3.10/site-packages/toxinpred3/python_scripts/toxinpred3.py:210: SettingWithCopyWarning: 
A value is trying to be set on a copy of a slice from a DataFrame

See the caveats in the documentation: https://pandas.pydata.org/pandas-docs/stable/user_guide/indexing.html#returning-a-view-versus-a-copy
  df2.replace(to_replace=r'motifs match', value='', regex=True, inplace=True)
/home/praghuram23/miniconda3/envs/toxin_hemo/lib/python3.10/site-packages/toxinpred3/python_scripts/toxinpred3.py:211: SettingWithCopyWarning: 
A value is trying to be set on a copy of a slice from a DataFrame

See the caveats in the documentation: https://pandas.pydata.org/pandas-docs/stable/user_guide/indexing.html#returning-a-view-versus-a-copy
  df2.replace(to_replace=r' $', value='', regex=True,inplace=True)
127.0.0.1 - - [26/Jul/2026 07:04:26] "POST /score HTTP/1.1" 200 -
/home/praghuram23/miniconda3/envs/toxin_hemo/lib/python3.10/site-packages/sklearn/base.py:439: UserWarning: X does not have valid feature names, but ExtraTreesClassifier was fitted with feature names
  warnings.warn(

This is the MERCI (Motif - EmeRging and with Classes - Identification) motif locator program.

   * Loading hierarchy NONE
   * Reading data
       input file Sequence_1 read -> 256 sequences found
   * Motif locations written to merci_p.txt

This is the MERCI (Motif - EmeRging and with Classes - Identification) motif locator program.

   * Loading hierarchy NONE
   * Reading data
       input file Sequence_1 read -> 256 sequences found
   * Motif locations written to merci_n.txt
/home/praghuram23/miniconda3/envs/toxin_hemo/lib/python3.10/site-packages/toxinpred3/python_scripts/toxinpred3.py:209: SettingWithCopyWarning: 
A value is trying to be set on a copy of a slice from a DataFrame

See the caveats in the documentation: https://pandas.pydata.org/pandas-docs/stable/user_guide/indexing.html#returning-a-view-versus-a-copy
  df2.replace(to_replace=r"\)", value='', regex=True, inplace=True)
/home/praghuram23/miniconda3/envs/toxin_hemo/lib/python3.10/site-packages/toxinpred3/python_scripts/toxinpred3.py:210: SettingWithCopyWarning: 
A value is trying to be set on a copy of a slice from a DataFrame

See the caveats in the documentation: https://pandas.pydata.org/pandas-docs/stable/user_guide/indexing.html#returning-a-view-versus-a-copy
  df2.replace(to_replace=r'motifs match', value='', regex=True, inplace=True)
/home/praghuram23/miniconda3/envs/toxin_hemo/lib/python3.10/site-packages/toxinpred3/python_scripts/toxinpred3.py:211: SettingWithCopyWarning: 
A value is trying to be set on a copy of a slice from a DataFrame

See the caveats in the documentation: https://pandas.pydata.org/pandas-docs/stable/user_guide/indexing.html#returning-a-view-versus-a-copy
  df2.replace(to_replace=r' $', value='', regex=True,inplace=True)
127.0.0.1 - - [26/Jul/2026 07:04:55] "POST /score HTTP/1.1" 200 -
/home/praghuram23/miniconda3/envs/toxin_hemo/lib/python3.10/site-packages/sklearn/base.py:439: UserWarning: X does not have valid feature names, but ExtraTreesClassifier was fitted with feature names
  warnings.warn(

This is the MERCI (Motif - EmeRging and with Classes - Identification) motif locator program.

   * Loading hierarchy NONE
   * Reading data
       input file Sequence_1 read -> 256 sequences found
   * Motif locations written to merci_p.txt

This is the MERCI (Motif - EmeRging and with Classes - Identification) motif locator program.

   * Loading hierarchy NONE
   * Reading data
       input file Sequence_1 read -> 256 sequences found
   * Motif locations written to merci_n.txt
/home/praghuram23/miniconda3/envs/toxin_hemo/lib/python3.10/site-packages/toxinpred3/python_scripts/toxinpred3.py:209: SettingWithCopyWarning: 
A value is trying to be set on a copy of a slice from a DataFrame

See the caveats in the documentation: https://pandas.pydata.org/pandas-docs/stable/user_guide/indexing.html#returning-a-view-versus-a-copy
  df2.replace(to_replace=r"\)", value='', regex=True, inplace=True)
/home/praghuram23/miniconda3/envs/toxin_hemo/lib/python3.10/site-packages/toxinpred3/python_scripts/toxinpred3.py:210: SettingWithCopyWarning: 
A value is trying to be set on a copy of a slice from a DataFrame

See the caveats in the documentation: https://pandas.pydata.org/pandas-docs/stable/user_guide/indexing.html#returning-a-view-versus-a-copy
  df2.replace(to_replace=r'motifs match', value='', regex=True, inplace=True)
/home/praghuram23/miniconda3/envs/toxin_hemo/lib/python3.10/site-packages/toxinpred3/python_scripts/toxinpred3.py:211: SettingWithCopyWarning: 
A value is trying to be set on a copy of a slice from a DataFrame

See the caveats in the documentation: https://pandas.pydata.org/pandas-docs/stable/user_guide/indexing.html#returning-a-view-versus-a-copy
  df2.replace(to_replace=r' $', value='', regex=True,inplace=True)
127.0.0.1 - - [26/Jul/2026 07:05:24] "POST /score HTTP/1.1" 200 -
/home/praghuram23/miniconda3/envs/toxin_hemo/lib/python3.10/site-packages/sklearn/base.py:439: UserWarning: X does not have valid feature names, but ExtraTreesClassifier was fitted with feature names
  warnings.warn(

This is the MERCI (Motif - EmeRging and with Classes - Identification) motif locator program.

   * Loading hierarchy NONE
   * Reading data
       input file Sequence_1 read -> 256 sequences found
   * Motif locations written to merci_p.txt

This is the MERCI (Motif - EmeRging and with Classes - Identification) motif locator program.

   * Loading hierarchy NONE
   * Reading data
       input file Sequence_1 read -> 256 sequences found
   * Motif locations written to merci_n.txt
/home/praghuram23/miniconda3/envs/toxin_hemo/lib/python3.10/site-packages/toxinpred3/python_scripts/toxinpred3.py:209: SettingWithCopyWarning: 
A value is trying to be set on a copy of a slice from a DataFrame

See the caveats in the documentation: https://pandas.pydata.org/pandas-docs/stable/user_guide/indexing.html#returning-a-view-versus-a-copy
  df2.replace(to_replace=r"\)", value='', regex=True, inplace=True)
/home/praghuram23/miniconda3/envs/toxin_hemo/lib/python3.10/site-packages/toxinpred3/python_scripts/toxinpred3.py:210: SettingWithCopyWarning: 
A value is trying to be set on a copy of a slice from a DataFrame

See the caveats in the documentation: https://pandas.pydata.org/pandas-docs/stable/user_guide/indexing.html#returning-a-view-versus-a-copy
  df2.replace(to_replace=r'motifs match', value='', regex=True, inplace=True)
/home/praghuram23/miniconda3/envs/toxin_hemo/lib/python3.10/site-packages/toxinpred3/python_scripts/toxinpred3.py:211: SettingWithCopyWarning: 
A value is trying to be set on a copy of a slice from a DataFrame

See the caveats in the documentation: https://pandas.pydata.org/pandas-docs/stable/user_guide/indexing.html#returning-a-view-versus-a-copy
  df2.replace(to_replace=r' $', value='', regex=True,inplace=True)
127.0.0.1 - - [26/Jul/2026 07:05:54] "POST /score HTTP/1.1" 200 -
/home/praghuram23/miniconda3/envs/toxin_hemo/lib/python3.10/site-packages/sklearn/base.py:439: UserWarning: X does not have valid feature names, but ExtraTreesClassifier was fitted with feature names
  warnings.warn(

This is the MERCI (Motif - EmeRging and with Classes - Identification) motif locator program.

   * Loading hierarchy NONE
   * Reading data
       input file Sequence_1 read -> 256 sequences found
   * Motif locations written to merci_p.txt

This is the MERCI (Motif - EmeRging and with Classes - Identification) motif locator program.

   * Loading hierarchy NONE
   * Reading data
       input file Sequence_1 read -> 256 sequences found
   * Motif locations written to merci_n.txt
/home/praghuram23/miniconda3/envs/toxin_hemo/lib/python3.10/site-packages/toxinpred3/python_scripts/toxinpred3.py:209: SettingWithCopyWarning: 
A value is trying to be set on a copy of a slice from a DataFrame

See the caveats in the documentation: https://pandas.pydata.org/pandas-docs/stable/user_guide/indexing.html#returning-a-view-versus-a-copy
  df2.replace(to_replace=r"\)", value='', regex=True, inplace=True)
/home/praghuram23/miniconda3/envs/toxin_hemo/lib/python3.10/site-packages/toxinpred3/python_scripts/toxinpred3.py:210: SettingWithCopyWarning: 
A value is trying to be set on a copy of a slice from a DataFrame

See the caveats in the documentation: https://pandas.pydata.org/pandas-docs/stable/user_guide/indexing.html#returning-a-view-versus-a-copy
  df2.replace(to_replace=r'motifs match', value='', regex=True, inplace=True)
/home/praghuram23/miniconda3/envs/toxin_hemo/lib/python3.10/site-packages/toxinpred3/python_scripts/toxinpred3.py:211: SettingWithCopyWarning: 
A value is trying to be set on a copy of a slice from a DataFrame

See the caveats in the documentation: https://pandas.pydata.org/pandas-docs/stable/user_guide/indexing.html#returning-a-view-versus-a-copy
  df2.replace(to_replace=r' $', value='', regex=True,inplace=True)
127.0.0.1 - - [26/Jul/2026 07:06:22] "POST /score HTTP/1.1" 200 -
/home/praghuram23/miniconda3/envs/toxin_hemo/lib/python3.10/site-packages/sklearn/base.py:439: UserWarning: X does not have valid feature names, but ExtraTreesClassifier was fitted with feature names
  warnings.warn(

This is the MERCI (Motif - EmeRging and with Classes - Identification) motif locator program.

   * Loading hierarchy NONE
   * Reading data
       input file Sequence_1 read -> 256 sequences found
   * Motif locations written to merci_p.txt

This is the MERCI (Motif - EmeRging and with Classes - Identification) motif locator program.

   * Loading hierarchy NONE
   * Reading data
       input file Sequence_1 read -> 256 sequences found
   * Motif locations written to merci_n.txt
/home/praghuram23/miniconda3/envs/toxin_hemo/lib/python3.10/site-packages/toxinpred3/python_scripts/toxinpred3.py:209: SettingWithCopyWarning: 
A value is trying to be set on a copy of a slice from a DataFrame

See the caveats in the documentation: https://pandas.pydata.org/pandas-docs/stable/user_guide/indexing.html#returning-a-view-versus-a-copy
  df2.replace(to_replace=r"\)", value='', regex=True, inplace=True)
/home/praghuram23/miniconda3/envs/toxin_hemo/lib/python3.10/site-packages/toxinpred3/python_scripts/toxinpred3.py:210: SettingWithCopyWarning: 
A value is trying to be set on a copy of a slice from a DataFrame

See the caveats in the documentation: https://pandas.pydata.org/pandas-docs/stable/user_guide/indexing.html#returning-a-view-versus-a-copy
  df2.replace(to_replace=r'motifs match', value='', regex=True, inplace=True)
/home/praghuram23/miniconda3/envs/toxin_hemo/lib/python3.10/site-packages/toxinpred3/python_scripts/toxinpred3.py:211: SettingWithCopyWarning: 
A value is trying to be set on a copy of a slice from a DataFrame

See the caveats in the documentation: https://pandas.pydata.org/pandas-docs/stable/user_guide/indexing.html#returning-a-view-versus-a-copy
  df2.replace(to_replace=r' $', value='', regex=True,inplace=True)
127.0.0.1 - - [26/Jul/2026 07:06:49] "POST /score HTTP/1.1" 200 -
/home/praghuram23/miniconda3/envs/toxin_hemo/lib/python3.10/site-packages/sklearn/base.py:439: UserWarning: X does not have valid feature names, but ExtraTreesClassifier was fitted with feature names
  warnings.warn(

This is the MERCI (Motif - EmeRging and with Classes - Identification) motif locator program.

   * Loading hierarchy NONE
   * Reading data
       input file Sequence_1 read -> 256 sequences found
   * Motif locations written to merci_p.txt

This is the MERCI (Motif - EmeRging and with Classes - Identification) motif locator program.

   * Loading hierarchy NONE
   * Reading data
       input file Sequence_1 read -> 256 sequences found
   * Motif locations written to merci_n.txt
/home/praghuram23/miniconda3/envs/toxin_hemo/lib/python3.10/site-packages/toxinpred3/python_scripts/toxinpred3.py:209: SettingWithCopyWarning: 
A value is trying to be set on a copy of a slice from a DataFrame

See the caveats in the documentation: https://pandas.pydata.org/pandas-docs/stable/user_guide/indexing.html#returning-a-view-versus-a-copy
  df2.replace(to_replace=r"\)", value='', regex=True, inplace=True)
/home/praghuram23/miniconda3/envs/toxin_hemo/lib/python3.10/site-packages/toxinpred3/python_scripts/toxinpred3.py:210: SettingWithCopyWarning: 
A value is trying to be set on a copy of a slice from a DataFrame

See the caveats in the documentation: https://pandas.pydata.org/pandas-docs/stable/user_guide/indexing.html#returning-a-view-versus-a-copy
  df2.replace(to_replace=r'motifs match', value='', regex=True, inplace=True)
/home/praghuram23/miniconda3/envs/toxin_hemo/lib/python3.10/site-packages/toxinpred3/python_scripts/toxinpred3.py:211: SettingWithCopyWarning: 
A value is trying to be set on a copy of a slice from a DataFrame

See the caveats in the documentation: https://pandas.pydata.org/pandas-docs/stable/user_guide/indexing.html#returning-a-view-versus-a-copy
  df2.replace(to_replace=r' $', value='', regex=True,inplace=True)
127.0.0.1 - - [26/Jul/2026 07:07:17] "POST /score HTTP/1.1" 200 -
/home/praghuram23/miniconda3/envs/toxin_hemo/lib/python3.10/site-packages/sklearn/base.py:439: UserWarning: X does not have valid feature names, but ExtraTreesClassifier was fitted with feature names
  warnings.warn(

This is the MERCI (Motif - EmeRging and with Classes - Identification) motif locator program.

   * Loading hierarchy NONE
   * Reading data
       input file Sequence_1 read -> 256 sequences found
   * Motif locations written to merci_p.txt

This is the MERCI (Motif - EmeRging and with Classes - Identification) motif locator program.

   * Loading hierarchy NONE
   * Reading data
       input file Sequence_1 read -> 256 sequences found
   * Motif locations written to merci_n.txt
/home/praghuram23/miniconda3/envs/toxin_hemo/lib/python3.10/site-packages/toxinpred3/python_scripts/toxinpred3.py:209: SettingWithCopyWarning: 
A value is trying to be set on a copy of a slice from a DataFrame

See the caveats in the documentation: https://pandas.pydata.org/pandas-docs/stable/user_guide/indexing.html#returning-a-view-versus-a-copy
  df2.replace(to_replace=r"\)", value='', regex=True, inplace=True)
/home/praghuram23/miniconda3/envs/toxin_hemo/lib/python3.10/site-packages/toxinpred3/python_scripts/toxinpred3.py:210: SettingWithCopyWarning: 
A value is trying to be set on a copy of a slice from a DataFrame

See the caveats in the documentation: https://pandas.pydata.org/pandas-docs/stable/user_guide/indexing.html#returning-a-view-versus-a-copy
  df2.replace(to_replace=r'motifs match', value='', regex=True, inplace=True)
/home/praghuram23/miniconda3/envs/toxin_hemo/lib/python3.10/site-packages/toxinpred3/python_scripts/toxinpred3.py:211: SettingWithCopyWarning: 
A value is trying to be set on a copy of a slice from a DataFrame

See the caveats in the documentation: https://pandas.pydata.org/pandas-docs/stable/user_guide/indexing.html#returning-a-view-versus-a-copy
  df2.replace(to_replace=r' $', value='', regex=True,inplace=True)
127.0.0.1 - - [26/Jul/2026 07:07:45] "POST /score HTTP/1.1" 200 -
/home/praghuram23/miniconda3/envs/toxin_hemo/lib/python3.10/site-packages/sklearn/base.py:439: UserWarning: X does not have valid feature names, but ExtraTreesClassifier was fitted with feature names
  warnings.warn(

This is the MERCI (Motif - EmeRging and with Classes - Identification) motif locator program.

   * Loading hierarchy NONE
   * Reading data
       input file Sequence_1 read -> 256 sequences found
   * Motif locations written to merci_p.txt

This is the MERCI (Motif - EmeRging and with Classes - Identification) motif locator program.

   * Loading hierarchy NONE
   * Reading data
       input file Sequence_1 read -> 256 sequences found
   * Motif locations written to merci_n.txt
/home/praghuram23/miniconda3/envs/toxin_hemo/lib/python3.10/site-packages/toxinpred3/python_scripts/toxinpred3.py:209: SettingWithCopyWarning: 
A value is trying to be set on a copy of a slice from a DataFrame

See the caveats in the documentation: https://pandas.pydata.org/pandas-docs/stable/user_guide/indexing.html#returning-a-view-versus-a-copy
  df2.replace(to_replace=r"\)", value='', regex=True, inplace=True)
/home/praghuram23/miniconda3/envs/toxin_hemo/lib/python3.10/site-packages/toxinpred3/python_scripts/toxinpred3.py:210: SettingWithCopyWarning: 
A value is trying to be set on a copy of a slice from a DataFrame

See the caveats in the documentation: https://pandas.pydata.org/pandas-docs/stable/user_guide/indexing.html#returning-a-view-versus-a-copy
  df2.replace(to_replace=r'motifs match', value='', regex=True, inplace=True)
/home/praghuram23/miniconda3/envs/toxin_hemo/lib/python3.10/site-packages/toxinpred3/python_scripts/toxinpred3.py:211: SettingWithCopyWarning: 
A value is trying to be set on a copy of a slice from a DataFrame

See the caveats in the documentation: https://pandas.pydata.org/pandas-docs/stable/user_guide/indexing.html#returning-a-view-versus-a-copy
  df2.replace(to_replace=r' $', value='', regex=True,inplace=True)
127.0.0.1 - - [26/Jul/2026 07:08:13] "POST /score HTTP/1.1" 200 -
/home/praghuram23/miniconda3/envs/toxin_hemo/lib/python3.10/site-packages/sklearn/base.py:439: UserWarning: X does not have valid feature names, but ExtraTreesClassifier was fitted with feature names
  warnings.warn(

This is the MERCI (Motif - EmeRging and with Classes - Identification) motif locator program.

   * Loading hierarchy NONE
   * Reading data
       input file Sequence_1 read -> 256 sequences found
   * Motif locations written to merci_p.txt

This is the MERCI (Motif - EmeRging and with Classes - Identification) motif locator program.

   * Loading hierarchy NONE
   * Reading data
       input file Sequence_1 read -> 256 sequences found
   * Motif locations written to merci_n.txt
/home/praghuram23/miniconda3/envs/toxin_hemo/lib/python3.10/site-packages/toxinpred3/python_scripts/toxinpred3.py:142: SettingWithCopyWarning: 
A value is trying to be set on a copy of a slice from a DataFrame

See the caveats in the documentation: https://pandas.pydata.org/pandas-docs/stable/user_guide/indexing.html#returning-a-view-versus-a-copy
  df2.replace(to_replace=r"\)", value='', regex=True, inplace=True)
/home/praghuram23/miniconda3/envs/toxin_hemo/lib/python3.10/site-packages/toxinpred3/python_scripts/toxinpred3.py:143: SettingWithCopyWarning: 
A value is trying to be set on a copy of a slice from a DataFrame

See the caveats in the documentation: https://pandas.pydata.org/pandas-docs/stable/user_guide/indexing.html#returning-a-view-versus-a-copy
  df2.replace(to_replace=r'motifs match', value='', regex=True, inplace=True)
/home/praghuram23/miniconda3/envs/toxin_hemo/lib/python3.10/site-packages/toxinpred3/python_scripts/toxinpred3.py:144: SettingWithCopyWarning: 
A value is trying to be set on a copy of a slice from a DataFrame

See the caveats in the documentation: https://pandas.pydata.org/pandas-docs/stable/user_guide/indexing.html#returning-a-view-versus-a-copy
  df2.replace(to_replace=r' $', value='', regex=True,inplace=True)
/home/praghuram23/miniconda3/envs/toxin_hemo/lib/python3.10/site-packages/toxinpred3/python_scripts/toxinpred3.py:209: SettingWithCopyWarning: 
A value is trying to be set on a copy of a slice from a DataFrame

See the caveats in the documentation: https://pandas.pydata.org/pandas-docs/stable/user_guide/indexing.html#returning-a-view-versus-a-copy
  df2.replace(to_replace=r"\)", value='', regex=True, inplace=True)
/home/praghuram23/miniconda3/envs/toxin_hemo/lib/python3.10/site-packages/toxinpred3/python_scripts/toxinpred3.py:210: SettingWithCopyWarning: 
A value is trying to be set on a copy of a slice from a DataFrame

See the caveats in the documentation: https://pandas.pydata.org/pandas-docs/stable/user_guide/indexing.html#returning-a-view-versus-a-copy
  df2.replace(to_replace=r'motifs match', value='', regex=True, inplace=True)
/home/praghuram23/miniconda3/envs/toxin_hemo/lib/python3.10/site-packages/toxinpred3/python_scripts/toxinpred3.py:211: SettingWithCopyWarning: 
A value is trying to be set on a copy of a slice from a DataFrame

See the caveats in the documentation: https://pandas.pydata.org/pandas-docs/stable/user_guide/indexing.html#returning-a-view-versus-a-copy
  df2.replace(to_replace=r' $', value='', regex=True,inplace=True)
127.0.0.1 - - [26/Jul/2026 07:08:41] "POST /score HTTP/1.1" 200 -
/home/praghuram23/miniconda3/envs/toxin_hemo/lib/python3.10/site-packages/sklearn/base.py:439: UserWarning: X does not have valid feature names, but ExtraTreesClassifier was fitted with feature names
  warnings.warn(

This is the MERCI (Motif - EmeRging and with Classes - Identification) motif locator program.

   * Loading hierarchy NONE
   * Reading data
       input file Sequence_1 read -> 256 sequences found
   * Motif locations written to merci_p.txt

This is the MERCI (Motif - EmeRging and with Classes - Identification) motif locator program.

   * Loading hierarchy NONE
   * Reading data
       input file Sequence_1 read -> 256 sequences found
   * Motif locations written to merci_n.txt
/home/praghuram23/miniconda3/envs/toxin_hemo/lib/python3.10/site-packages/toxinpred3/python_scripts/toxinpred3.py:209: SettingWithCopyWarning: 
A value is trying to be set on a copy of a slice from a DataFrame

See the caveats in the documentation: https://pandas.pydata.org/pandas-docs/stable/user_guide/indexing.html#returning-a-view-versus-a-copy
  df2.replace(to_replace=r"\)", value='', regex=True, inplace=True)
/home/praghuram23/miniconda3/envs/toxin_hemo/lib/python3.10/site-packages/toxinpred3/python_scripts/toxinpred3.py:210: SettingWithCopyWarning: 
A value is trying to be set on a copy of a slice from a DataFrame

See the caveats in the documentation: https://pandas.pydata.org/pandas-docs/stable/user_guide/indexing.html#returning-a-view-versus-a-copy
  df2.replace(to_replace=r'motifs match', value='', regex=True, inplace=True)
/home/praghuram23/miniconda3/envs/toxin_hemo/lib/python3.10/site-packages/toxinpred3/python_scripts/toxinpred3.py:211: SettingWithCopyWarning: 
A value is trying to be set on a copy of a slice from a DataFrame

See the caveats in the documentation: https://pandas.pydata.org/pandas-docs/stable/user_guide/indexing.html#returning-a-view-versus-a-copy
  df2.replace(to_replace=r' $', value='', regex=True,inplace=True)
127.0.0.1 - - [26/Jul/2026 07:09:09] "POST /score HTTP/1.1" 200 -
/home/praghuram23/miniconda3/envs/toxin_hemo/lib/python3.10/site-packages/sklearn/base.py:439: UserWarning: X does not have valid feature names, but ExtraTreesClassifier was fitted with feature names
  warnings.warn(

This is the MERCI (Motif - EmeRging and with Classes - Identification) motif locator program.

   * Loading hierarchy NONE
   * Reading data
       input file Sequence_1 read -> 256 sequences found
   * Motif locations written to merci_p.txt

This is the MERCI (Motif - EmeRging and with Classes - Identification) motif locator program.

   * Loading hierarchy NONE
   * Reading data
       input file Sequence_1 read -> 256 sequences found
   * Motif locations written to merci_n.txt
/home/praghuram23/miniconda3/envs/toxin_hemo/lib/python3.10/site-packages/toxinpred3/python_scripts/toxinpred3.py:142: SettingWithCopyWarning: 
A value is trying to be set on a copy of a slice from a DataFrame

See the caveats in the documentation: https://pandas.pydata.org/pandas-docs/stable/user_guide/indexing.html#returning-a-view-versus-a-copy
  df2.replace(to_replace=r"\)", value='', regex=True, inplace=True)
/home/praghuram23/miniconda3/envs/toxin_hemo/lib/python3.10/site-packages/toxinpred3/python_scripts/toxinpred3.py:143: SettingWithCopyWarning: 
A value is trying to be set on a copy of a slice from a DataFrame

See the caveats in the documentation: https://pandas.pydata.org/pandas-docs/stable/user_guide/indexing.html#returning-a-view-versus-a-copy
  df2.replace(to_replace=r'motifs match', value='', regex=True, inplace=True)
/home/praghuram23/miniconda3/envs/toxin_hemo/lib/python3.10/site-packages/toxinpred3/python_scripts/toxinpred3.py:144: SettingWithCopyWarning: 
A value is trying to be set on a copy of a slice from a DataFrame

See the caveats in the documentation: https://pandas.pydata.org/pandas-docs/stable/user_guide/indexing.html#returning-a-view-versus-a-copy
  df2.replace(to_replace=r' $', value='', regex=True,inplace=True)
/home/praghuram23/miniconda3/envs/toxin_hemo/lib/python3.10/site-packages/toxinpred3/python_scripts/toxinpred3.py:209: SettingWithCopyWarning: 
A value is trying to be set on a copy of a slice from a DataFrame

See the caveats in the documentation: https://pandas.pydata.org/pandas-docs/stable/user_guide/indexing.html#returning-a-view-versus-a-copy
  df2.replace(to_replace=r"\)", value='', regex=True, inplace=True)
/home/praghuram23/miniconda3/envs/toxin_hemo/lib/python3.10/site-packages/toxinpred3/python_scripts/toxinpred3.py:210: SettingWithCopyWarning: 
A value is trying to be set on a copy of a slice from a DataFrame

See the caveats in the documentation: https://pandas.pydata.org/pandas-docs/stable/user_guide/indexing.html#returning-a-view-versus-a-copy
  df2.replace(to_replace=r'motifs match', value='', regex=True, inplace=True)
/home/praghuram23/miniconda3/envs/toxin_hemo/lib/python3.10/site-packages/toxinpred3/python_scripts/toxinpred3.py:211: SettingWithCopyWarning: 
A value is trying to be set on a copy of a slice from a DataFrame

See the caveats in the documentation: https://pandas.pydata.org/pandas-docs/stable/user_guide/indexing.html#returning-a-view-versus-a-copy
  df2.replace(to_replace=r' $', value='', regex=True,inplace=True)
127.0.0.1 - - [26/Jul/2026 07:09:35] "POST /score HTTP/1.1" 200 -
/home/praghuram23/miniconda3/envs/toxin_hemo/lib/python3.10/site-packages/sklearn/base.py:439: UserWarning: X does not have valid feature names, but ExtraTreesClassifier was fitted with feature names
  warnings.warn(

This is the MERCI (Motif - EmeRging and with Classes - Identification) motif locator program.

   * Loading hierarchy NONE
   * Reading data
       input file Sequence_1 read -> 256 sequences found
   * Motif locations written to merci_p.txt

This is the MERCI (Motif - EmeRging and with Classes - Identification) motif locator program.

   * Loading hierarchy NONE
   * Reading data
       input file Sequence_1 read -> 256 sequences found
   * Motif locations written to merci_n.txt
/home/praghuram23/miniconda3/envs/toxin_hemo/lib/python3.10/site-packages/toxinpred3/python_scripts/toxinpred3.py:209: SettingWithCopyWarning: 
A value is trying to be set on a copy of a slice from a DataFrame

See the caveats in the documentation: https://pandas.pydata.org/pandas-docs/stable/user_guide/indexing.html#returning-a-view-versus-a-copy
  df2.replace(to_replace=r"\)", value='', regex=True, inplace=True)
/home/praghuram23/miniconda3/envs/toxin_hemo/lib/python3.10/site-packages/toxinpred3/python_scripts/toxinpred3.py:210: SettingWithCopyWarning: 
A value is trying to be set on a copy of a slice from a DataFrame

See the caveats in the documentation: https://pandas.pydata.org/pandas-docs/stable/user_guide/indexing.html#returning-a-view-versus-a-copy
  df2.replace(to_replace=r'motifs match', value='', regex=True, inplace=True)
/home/praghuram23/miniconda3/envs/toxin_hemo/lib/python3.10/site-packages/toxinpred3/python_scripts/toxinpred3.py:211: SettingWithCopyWarning: 
A value is trying to be set on a copy of a slice from a DataFrame

See the caveats in the documentation: https://pandas.pydata.org/pandas-docs/stable/user_guide/indexing.html#returning-a-view-versus-a-copy
  df2.replace(to_replace=r' $', value='', regex=True,inplace=True)
127.0.0.1 - - [26/Jul/2026 07:10:01] "POST /score HTTP/1.1" 200 -
/home/praghuram23/miniconda3/envs/toxin_hemo/lib/python3.10/site-packages/sklearn/base.py:439: UserWarning: X does not have valid feature names, but ExtraTreesClassifier was fitted with feature names
  warnings.warn(

This is the MERCI (Motif - EmeRging and with Classes - Identification) motif locator program.

   * Loading hierarchy NONE
   * Reading data
       input file Sequence_1 read -> 256 sequences found
   * Motif locations written to merci_p.txt

This is the MERCI (Motif - EmeRging and with Classes - Identification) motif locator program.

   * Loading hierarchy NONE
   * Reading data
       input file Sequence_1 read -> 256 sequences found
   * Motif locations written to merci_n.txt
/home/praghuram23/miniconda3/envs/toxin_hemo/lib/python3.10/site-packages/toxinpred3/python_scripts/toxinpred3.py:209: SettingWithCopyWarning: 
A value is trying to be set on a copy of a slice from a DataFrame

See the caveats in the documentation: https://pandas.pydata.org/pandas-docs/stable/user_guide/indexing.html#returning-a-view-versus-a-copy
  df2.replace(to_replace=r"\)", value='', regex=True, inplace=True)
/home/praghuram23/miniconda3/envs/toxin_hemo/lib/python3.10/site-packages/toxinpred3/python_scripts/toxinpred3.py:210: SettingWithCopyWarning: 
A value is trying to be set on a copy of a slice from a DataFrame

See the caveats in the documentation: https://pandas.pydata.org/pandas-docs/stable/user_guide/indexing.html#returning-a-view-versus-a-copy
  df2.replace(to_replace=r'motifs match', value='', regex=True, inplace=True)
/home/praghuram23/miniconda3/envs/toxin_hemo/lib/python3.10/site-packages/toxinpred3/python_scripts/toxinpred3.py:211: SettingWithCopyWarning: 
A value is trying to be set on a copy of a slice from a DataFrame

See the caveats in the documentation: https://pandas.pydata.org/pandas-docs/stable/user_guide/indexing.html#returning-a-view-versus-a-copy
  df2.replace(to_replace=r' $', value='', regex=True,inplace=True)
127.0.0.1 - - [26/Jul/2026 07:10:29] "POST /score HTTP/1.1" 200 -
/home/praghuram23/miniconda3/envs/toxin_hemo/lib/python3.10/site-packages/sklearn/base.py:439: UserWarning: X does not have valid feature names, but ExtraTreesClassifier was fitted with feature names
  warnings.warn(

This is the MERCI (Motif - EmeRging and with Classes - Identification) motif locator program.

   * Loading hierarchy NONE
   * Reading data
       input file Sequence_1 read -> 256 sequences found
   * Motif locations written to merci_p.txt

This is the MERCI (Motif - EmeRging and with Classes - Identification) motif locator program.

   * Loading hierarchy NONE
   * Reading data
       input file Sequence_1 read -> 256 sequences found
   * Motif locations written to merci_n.txt
/home/praghuram23/miniconda3/envs/toxin_hemo/lib/python3.10/site-packages/toxinpred3/python_scripts/toxinpred3.py:209: SettingWithCopyWarning: 
A value is trying to be set on a copy of a slice from a DataFrame

See the caveats in the documentation: https://pandas.pydata.org/pandas-docs/stable/user_guide/indexing.html#returning-a-view-versus-a-copy
  df2.replace(to_replace=r"\)", value='', regex=True, inplace=True)
/home/praghuram23/miniconda3/envs/toxin_hemo/lib/python3.10/site-packages/toxinpred3/python_scripts/toxinpred3.py:210: SettingWithCopyWarning: 
A value is trying to be set on a copy of a slice from a DataFrame

See the caveats in the documentation: https://pandas.pydata.org/pandas-docs/stable/user_guide/indexing.html#returning-a-view-versus-a-copy
  df2.replace(to_replace=r'motifs match', value='', regex=True, inplace=True)
/home/praghuram23/miniconda3/envs/toxin_hemo/lib/python3.10/site-packages/toxinpred3/python_scripts/toxinpred3.py:211: SettingWithCopyWarning: 
A value is trying to be set on a copy of a slice from a DataFrame

See the caveats in the documentation: https://pandas.pydata.org/pandas-docs/stable/user_guide/indexing.html#returning-a-view-versus-a-copy
  df2.replace(to_replace=r' $', value='', regex=True,inplace=True)
127.0.0.1 - - [26/Jul/2026 07:10:57] "POST /score HTTP/1.1" 200 -
/home/praghuram23/miniconda3/envs/toxin_hemo/lib/python3.10/site-packages/sklearn/base.py:439: UserWarning: X does not have valid feature names, but ExtraTreesClassifier was fitted with feature names
  warnings.warn(

This is the MERCI (Motif - EmeRging and with Classes - Identification) motif locator program.

   * Loading hierarchy NONE
   * Reading data
       input file Sequence_1 read -> 256 sequences found
   * Motif locations written to merci_p.txt

This is the MERCI (Motif - EmeRging and with Classes - Identification) motif locator program.

   * Loading hierarchy NONE
   * Reading data
       input file Sequence_1 read -> 256 sequences found
   * Motif locations written to merci_n.txt
/home/praghuram23/miniconda3/envs/toxin_hemo/lib/python3.10/site-packages/toxinpred3/python_scripts/toxinpred3.py:209: SettingWithCopyWarning: 
A value is trying to be set on a copy of a slice from a DataFrame

See the caveats in the documentation: https://pandas.pydata.org/pandas-docs/stable/user_guide/indexing.html#returning-a-view-versus-a-copy
  df2.replace(to_replace=r"\)", value='', regex=True, inplace=True)
/home/praghuram23/miniconda3/envs/toxin_hemo/lib/python3.10/site-packages/toxinpred3/python_scripts/toxinpred3.py:210: SettingWithCopyWarning: 
A value is trying to be set on a copy of a slice from a DataFrame

See the caveats in the documentation: https://pandas.pydata.org/pandas-docs/stable/user_guide/indexing.html#returning-a-view-versus-a-copy
  df2.replace(to_replace=r'motifs match', value='', regex=True, inplace=True)
/home/praghuram23/miniconda3/envs/toxin_hemo/lib/python3.10/site-packages/toxinpred3/python_scripts/toxinpred3.py:211: SettingWithCopyWarning: 
A value is trying to be set on a copy of a slice from a DataFrame

See the caveats in the documentation: https://pandas.pydata.org/pandas-docs/stable/user_guide/indexing.html#returning-a-view-versus-a-copy
  df2.replace(to_replace=r' $', value='', regex=True,inplace=True)
127.0.0.1 - - [26/Jul/2026 07:11:28] "POST /score HTTP/1.1" 200 -
/home/praghuram23/miniconda3/envs/toxin_hemo/lib/python3.10/site-packages/sklearn/base.py:439: UserWarning: X does not have valid feature names, but ExtraTreesClassifier was fitted with feature names
  warnings.warn(

This is the MERCI (Motif - EmeRging and with Classes - Identification) motif locator program.

   * Loading hierarchy NONE
   * Reading data
       input file Sequence_1 read -> 256 sequences found
   * Motif locations written to merci_p.txt

This is the MERCI (Motif - EmeRging and with Classes - Identification) motif locator program.

   * Loading hierarchy NONE
   * Reading data
       input file Sequence_1 read -> 256 sequences found
   * Motif locations written to merci_n.txt
/home/praghuram23/miniconda3/envs/toxin_hemo/lib/python3.10/site-packages/toxinpred3/python_scripts/toxinpred3.py:142: SettingWithCopyWarning: 
A value is trying to be set on a copy of a slice from a DataFrame

See the caveats in the documentation: https://pandas.pydata.org/pandas-docs/stable/user_guide/indexing.html#returning-a-view-versus-a-copy
  df2.replace(to_replace=r"\)", value='', regex=True, inplace=True)
/home/praghuram23/miniconda3/envs/toxin_hemo/lib/python3.10/site-packages/toxinpred3/python_scripts/toxinpred3.py:143: SettingWithCopyWarning: 
A value is trying to be set on a copy of a slice from a DataFrame

See the caveats in the documentation: https://pandas.pydata.org/pandas-docs/stable/user_guide/indexing.html#returning-a-view-versus-a-copy
  df2.replace(to_replace=r'motifs match', value='', regex=True, inplace=True)
/home/praghuram23/miniconda3/envs/toxin_hemo/lib/python3.10/site-packages/toxinpred3/python_scripts/toxinpred3.py:144: SettingWithCopyWarning: 
A value is trying to be set on a copy of a slice from a DataFrame

See the caveats in the documentation: https://pandas.pydata.org/pandas-docs/stable/user_guide/indexing.html#returning-a-view-versus-a-copy
  df2.replace(to_replace=r' $', value='', regex=True,inplace=True)
/home/praghuram23/miniconda3/envs/toxin_hemo/lib/python3.10/site-packages/toxinpred3/python_scripts/toxinpred3.py:209: SettingWithCopyWarning: 
A value is trying to be set on a copy of a slice from a DataFrame

See the caveats in the documentation: https://pandas.pydata.org/pandas-docs/stable/user_guide/indexing.html#returning-a-view-versus-a-copy
  df2.replace(to_replace=r"\)", value='', regex=True, inplace=True)
/home/praghuram23/miniconda3/envs/toxin_hemo/lib/python3.10/site-packages/toxinpred3/python_scripts/toxinpred3.py:210: SettingWithCopyWarning: 
A value is trying to be set on a copy of a slice from a DataFrame

See the caveats in the documentation: https://pandas.pydata.org/pandas-docs/stable/user_guide/indexing.html#returning-a-view-versus-a-copy
  df2.replace(to_replace=r'motifs match', value='', regex=True, inplace=True)
/home/praghuram23/miniconda3/envs/toxin_hemo/lib/python3.10/site-packages/toxinpred3/python_scripts/toxinpred3.py:211: SettingWithCopyWarning: 
A value is trying to be set on a copy of a slice from a DataFrame

See the caveats in the documentation: https://pandas.pydata.org/pandas-docs/stable/user_guide/indexing.html#returning-a-view-versus-a-copy
  df2.replace(to_replace=r' $', value='', regex=True,inplace=True)
127.0.0.1 - - [26/Jul/2026 07:11:59] "POST /score HTTP/1.1" 200 -
/home/praghuram23/miniconda3/envs/toxin_hemo/lib/python3.10/site-packages/sklearn/base.py:439: UserWarning: X does not have valid feature names, but ExtraTreesClassifier was fitted with feature names
  warnings.warn(

This is the MERCI (Motif - EmeRging and with Classes - Identification) motif locator program.

   * Loading hierarchy NONE
   * Reading data
       input file Sequence_1 read -> 256 sequences found
   * Motif locations written to merci_p.txt

This is the MERCI (Motif - EmeRging and with Classes - Identification) motif locator program.

   * Loading hierarchy NONE
   * Reading data
       input file Sequence_1 read -> 256 sequences found
   * Motif locations written to merci_n.txt
/home/praghuram23/miniconda3/envs/toxin_hemo/lib/python3.10/site-packages/toxinpred3/python_scripts/toxinpred3.py:209: SettingWithCopyWarning: 
A value is trying to be set on a copy of a slice from a DataFrame

See the caveats in the documentation: https://pandas.pydata.org/pandas-docs/stable/user_guide/indexing.html#returning-a-view-versus-a-copy
  df2.replace(to_replace=r"\)", value='', regex=True, inplace=True)
/home/praghuram23/miniconda3/envs/toxin_hemo/lib/python3.10/site-packages/toxinpred3/python_scripts/toxinpred3.py:210: SettingWithCopyWarning: 
A value is trying to be set on a copy of a slice from a DataFrame

See the caveats in the documentation: https://pandas.pydata.org/pandas-docs/stable/user_guide/indexing.html#returning-a-view-versus-a-copy
  df2.replace(to_replace=r'motifs match', value='', regex=True, inplace=True)
/home/praghuram23/miniconda3/envs/toxin_hemo/lib/python3.10/site-packages/toxinpred3/python_scripts/toxinpred3.py:211: SettingWithCopyWarning: 
A value is trying to be set on a copy of a slice from a DataFrame

See the caveats in the documentation: https://pandas.pydata.org/pandas-docs/stable/user_guide/indexing.html#returning-a-view-versus-a-copy
  df2.replace(to_replace=r' $', value='', regex=True,inplace=True)
127.0.0.1 - - [26/Jul/2026 07:12:29] "POST /score HTTP/1.1" 200 -
/home/praghuram23/miniconda3/envs/toxin_hemo/lib/python3.10/site-packages/sklearn/base.py:439: UserWarning: X does not have valid feature names, but ExtraTreesClassifier was fitted with feature names
  warnings.warn(

This is the MERCI (Motif - EmeRging and with Classes - Identification) motif locator program.

   * Loading hierarchy NONE
   * Reading data
       input file Sequence_1 read -> 256 sequences found
   * Motif locations written to merci_p.txt

This is the MERCI (Motif - EmeRging and with Classes - Identification) motif locator program.

   * Loading hierarchy NONE
   * Reading data
       input file Sequence_1 read -> 256 sequences found
   * Motif locations written to merci_n.txt
/home/praghuram23/miniconda3/envs/toxin_hemo/lib/python3.10/site-packages/toxinpred3/python_scripts/toxinpred3.py:209: SettingWithCopyWarning: 
A value is trying to be set on a copy of a slice from a DataFrame

See the caveats in the documentation: https://pandas.pydata.org/pandas-docs/stable/user_guide/indexing.html#returning-a-view-versus-a-copy
  df2.replace(to_replace=r"\)", value='', regex=True, inplace=True)
/home/praghuram23/miniconda3/envs/toxin_hemo/lib/python3.10/site-packages/toxinpred3/python_scripts/toxinpred3.py:210: SettingWithCopyWarning: 
A value is trying to be set on a copy of a slice from a DataFrame

See the caveats in the documentation: https://pandas.pydata.org/pandas-docs/stable/user_guide/indexing.html#returning-a-view-versus-a-copy
  df2.replace(to_replace=r'motifs match', value='', regex=True, inplace=True)
/home/praghuram23/miniconda3/envs/toxin_hemo/lib/python3.10/site-packages/toxinpred3/python_scripts/toxinpred3.py:211: SettingWithCopyWarning: 
A value is trying to be set on a copy of a slice from a DataFrame

See the caveats in the documentation: https://pandas.pydata.org/pandas-docs/stable/user_guide/indexing.html#returning-a-view-versus-a-copy
  df2.replace(to_replace=r' $', value='', regex=True,inplace=True)
127.0.0.1 - - [26/Jul/2026 07:12:58] "POST /score HTTP/1.1" 200 -
/home/praghuram23/miniconda3/envs/toxin_hemo/lib/python3.10/site-packages/sklearn/base.py:439: UserWarning: X does not have valid feature names, but ExtraTreesClassifier was fitted with feature names
  warnings.warn(

This is the MERCI (Motif - EmeRging and with Classes - Identification) motif locator program.

   * Loading hierarchy NONE
   * Reading data
       input file Sequence_1 read -> 256 sequences found
   * Motif locations written to merci_p.txt

This is the MERCI (Motif - EmeRging and with Classes - Identification) motif locator program.

   * Loading hierarchy NONE
   * Reading data
       input file Sequence_1 read -> 256 sequences found
   * Motif locations written to merci_n.txt
/home/praghuram23/miniconda3/envs/toxin_hemo/lib/python3.10/site-packages/toxinpred3/python_scripts/toxinpred3.py:209: SettingWithCopyWarning: 
A value is trying to be set on a copy of a slice from a DataFrame

See the caveats in the documentation: https://pandas.pydata.org/pandas-docs/stable/user_guide/indexing.html#returning-a-view-versus-a-copy
  df2.replace(to_replace=r"\)", value='', regex=True, inplace=True)
/home/praghuram23/miniconda3/envs/toxin_hemo/lib/python3.10/site-packages/toxinpred3/python_scripts/toxinpred3.py:210: SettingWithCopyWarning: 
A value is trying to be set on a copy of a slice from a DataFrame

See the caveats in the documentation: https://pandas.pydata.org/pandas-docs/stable/user_guide/indexing.html#returning-a-view-versus-a-copy
  df2.replace(to_replace=r'motifs match', value='', regex=True, inplace=True)
/home/praghuram23/miniconda3/envs/toxin_hemo/lib/python3.10/site-packages/toxinpred3/python_scripts/toxinpred3.py:211: SettingWithCopyWarning: 
A value is trying to be set on a copy of a slice from a DataFrame

See the caveats in the documentation: https://pandas.pydata.org/pandas-docs/stable/user_guide/indexing.html#returning-a-view-versus-a-copy
  df2.replace(to_replace=r' $', value='', regex=True,inplace=True)
127.0.0.1 - - [26/Jul/2026 07:13:26] "POST /score HTTP/1.1" 200 -
/home/praghuram23/miniconda3/envs/toxin_hemo/lib/python3.10/site-packages/sklearn/base.py:439: UserWarning: X does not have valid feature names, but ExtraTreesClassifier was fitted with feature names
  warnings.warn(

This is the MERCI (Motif - EmeRging and with Classes - Identification) motif locator program.

   * Loading hierarchy NONE
   * Reading data
       input file Sequence_1 read -> 256 sequences found
   * Motif locations written to merci_p.txt

This is the MERCI (Motif - EmeRging and with Classes - Identification) motif locator program.

   * Loading hierarchy NONE
   * Reading data
       input file Sequence_1 read -> 256 sequences found
   * Motif locations written to merci_n.txt
/home/praghuram23/miniconda3/envs/toxin_hemo/lib/python3.10/site-packages/toxinpred3/python_scripts/toxinpred3.py:209: SettingWithCopyWarning: 
A value is trying to be set on a copy of a slice from a DataFrame

See the caveats in the documentation: https://pandas.pydata.org/pandas-docs/stable/user_guide/indexing.html#returning-a-view-versus-a-copy
  df2.replace(to_replace=r"\)", value='', regex=True, inplace=True)
/home/praghuram23/miniconda3/envs/toxin_hemo/lib/python3.10/site-packages/toxinpred3/python_scripts/toxinpred3.py:210: SettingWithCopyWarning: 
A value is trying to be set on a copy of a slice from a DataFrame

See the caveats in the documentation: https://pandas.pydata.org/pandas-docs/stable/user_guide/indexing.html#returning-a-view-versus-a-copy
  df2.replace(to_replace=r'motifs match', value='', regex=True, inplace=True)
/home/praghuram23/miniconda3/envs/toxin_hemo/lib/python3.10/site-packages/toxinpred3/python_scripts/toxinpred3.py:211: SettingWithCopyWarning: 
A value is trying to be set on a copy of a slice from a DataFrame

See the caveats in the documentation: https://pandas.pydata.org/pandas-docs/stable/user_guide/indexing.html#returning-a-view-versus-a-copy
  df2.replace(to_replace=r' $', value='', regex=True,inplace=True)
127.0.0.1 - - [26/Jul/2026 07:13:55] "POST /score HTTP/1.1" 200 -
/home/praghuram23/miniconda3/envs/toxin_hemo/lib/python3.10/site-packages/sklearn/base.py:439: UserWarning: X does not have valid feature names, but ExtraTreesClassifier was fitted with feature names
  warnings.warn(

This is the MERCI (Motif - EmeRging and with Classes - Identification) motif locator program.

   * Loading hierarchy NONE
   * Reading data
       input file Sequence_1 read -> 256 sequences found
   * Motif locations written to merci_p.txt

This is the MERCI (Motif - EmeRging and with Classes - Identification) motif locator program.

   * Loading hierarchy NONE
   * Reading data
       input file Sequence_1 read -> 256 sequences found
   * Motif locations written to merci_n.txt
/home/praghuram23/miniconda3/envs/toxin_hemo/lib/python3.10/site-packages/toxinpred3/python_scripts/toxinpred3.py:209: SettingWithCopyWarning: 
A value is trying to be set on a copy of a slice from a DataFrame

See the caveats in the documentation: https://pandas.pydata.org/pandas-docs/stable/user_guide/indexing.html#returning-a-view-versus-a-copy
  df2.replace(to_replace=r"\)", value='', regex=True, inplace=True)
/home/praghuram23/miniconda3/envs/toxin_hemo/lib/python3.10/site-packages/toxinpred3/python_scripts/toxinpred3.py:210: SettingWithCopyWarning: 
A value is trying to be set on a copy of a slice from a DataFrame

See the caveats in the documentation: https://pandas.pydata.org/pandas-docs/stable/user_guide/indexing.html#returning-a-view-versus-a-copy
  df2.replace(to_replace=r'motifs match', value='', regex=True, inplace=True)
/home/praghuram23/miniconda3/envs/toxin_hemo/lib/python3.10/site-packages/toxinpred3/python_scripts/toxinpred3.py:211: SettingWithCopyWarning: 
A value is trying to be set on a copy of a slice from a DataFrame

See the caveats in the documentation: https://pandas.pydata.org/pandas-docs/stable/user_guide/indexing.html#returning-a-view-versus-a-copy
  df2.replace(to_replace=r' $', value='', regex=True,inplace=True)
127.0.0.1 - - [26/Jul/2026 07:14:24] "POST /score HTTP/1.1" 200 -
/home/praghuram23/miniconda3/envs/toxin_hemo/lib/python3.10/site-packages/sklearn/base.py:439: UserWarning: X does not have valid feature names, but ExtraTreesClassifier was fitted with feature names
  warnings.warn(

This is the MERCI (Motif - EmeRging and with Classes - Identification) motif locator program.

   * Loading hierarchy NONE
   * Reading data
       input file Sequence_1 read -> 256 sequences found
   * Motif locations written to merci_p.txt

This is the MERCI (Motif - EmeRging and with Classes - Identification) motif locator program.

   * Loading hierarchy NONE
   * Reading data
       input file Sequence_1 read -> 256 sequences found
   * Motif locations written to merci_n.txt
/home/praghuram23/miniconda3/envs/toxin_hemo/lib/python3.10/site-packages/toxinpred3/python_scripts/toxinpred3.py:209: SettingWithCopyWarning: 
A value is trying to be set on a copy of a slice from a DataFrame

See the caveats in the documentation: https://pandas.pydata.org/pandas-docs/stable/user_guide/indexing.html#returning-a-view-versus-a-copy
  df2.replace(to_replace=r"\)", value='', regex=True, inplace=True)
/home/praghuram23/miniconda3/envs/toxin_hemo/lib/python3.10/site-packages/toxinpred3/python_scripts/toxinpred3.py:210: SettingWithCopyWarning: 
A value is trying to be set on a copy of a slice from a DataFrame

See the caveats in the documentation: https://pandas.pydata.org/pandas-docs/stable/user_guide/indexing.html#returning-a-view-versus-a-copy
  df2.replace(to_replace=r'motifs match', value='', regex=True, inplace=True)
/home/praghuram23/miniconda3/envs/toxin_hemo/lib/python3.10/site-packages/toxinpred3/python_scripts/toxinpred3.py:211: SettingWithCopyWarning: 
A value is trying to be set on a copy of a slice from a DataFrame

See the caveats in the documentation: https://pandas.pydata.org/pandas-docs/stable/user_guide/indexing.html#returning-a-view-versus-a-copy
  df2.replace(to_replace=r' $', value='', regex=True,inplace=True)
127.0.0.1 - - [26/Jul/2026 07:14:51] "POST /score HTTP/1.1" 200 -
/home/praghuram23/miniconda3/envs/toxin_hemo/lib/python3.10/site-packages/sklearn/base.py:439: UserWarning: X does not have valid feature names, but ExtraTreesClassifier was fitted with feature names
  warnings.warn(

This is the MERCI (Motif - EmeRging and with Classes - Identification) motif locator program.

   * Loading hierarchy NONE
   * Reading data
       input file Sequence_1 read -> 256 sequences found
   * Motif locations written to merci_p.txt

This is the MERCI (Motif - EmeRging and with Classes - Identification) motif locator program.

   * Loading hierarchy NONE
   * Reading data
       input file Sequence_1 read -> 256 sequences found
   * Motif locations written to merci_n.txt
/home/praghuram23/miniconda3/envs/toxin_hemo/lib/python3.10/site-packages/toxinpred3/python_scripts/toxinpred3.py:209: SettingWithCopyWarning: 
A value is trying to be set on a copy of a slice from a DataFrame

See the caveats in the documentation: https://pandas.pydata.org/pandas-docs/stable/user_guide/indexing.html#returning-a-view-versus-a-copy
  df2.replace(to_replace=r"\)", value='', regex=True, inplace=True)
/home/praghuram23/miniconda3/envs/toxin_hemo/lib/python3.10/site-packages/toxinpred3/python_scripts/toxinpred3.py:210: SettingWithCopyWarning: 
A value is trying to be set on a copy of a slice from a DataFrame

See the caveats in the documentation: https://pandas.pydata.org/pandas-docs/stable/user_guide/indexing.html#returning-a-view-versus-a-copy
  df2.replace(to_replace=r'motifs match', value='', regex=True, inplace=True)
/home/praghuram23/miniconda3/envs/toxin_hemo/lib/python3.10/site-packages/toxinpred3/python_scripts/toxinpred3.py:211: SettingWithCopyWarning: 
A value is trying to be set on a copy of a slice from a DataFrame

See the caveats in the documentation: https://pandas.pydata.org/pandas-docs/stable/user_guide/indexing.html#returning-a-view-versus-a-copy
  df2.replace(to_replace=r' $', value='', regex=True,inplace=True)
127.0.0.1 - - [26/Jul/2026 07:15:19] "POST /score HTTP/1.1" 200 -
/home/praghuram23/miniconda3/envs/toxin_hemo/lib/python3.10/site-packages/sklearn/base.py:439: UserWarning: X does not have valid feature names, but ExtraTreesClassifier was fitted with feature names
  warnings.warn(

This is the MERCI (Motif - EmeRging and with Classes - Identification) motif locator program.

   * Loading hierarchy NONE
   * Reading data
       input file Sequence_1 read -> 256 sequences found
   * Motif locations written to merci_p.txt

This is the MERCI (Motif - EmeRging and with Classes - Identification) motif locator program.

   * Loading hierarchy NONE
   * Reading data
       input file Sequence_1 read -> 256 sequences found
   * Motif locations written to merci_n.txt
/home/praghuram23/miniconda3/envs/toxin_hemo/lib/python3.10/site-packages/toxinpred3/python_scripts/toxinpred3.py:209: SettingWithCopyWarning: 
A value is trying to be set on a copy of a slice from a DataFrame

See the caveats in the documentation: https://pandas.pydata.org/pandas-docs/stable/user_guide/indexing.html#returning-a-view-versus-a-copy
  df2.replace(to_replace=r"\)", value='', regex=True, inplace=True)
/home/praghuram23/miniconda3/envs/toxin_hemo/lib/python3.10/site-packages/toxinpred3/python_scripts/toxinpred3.py:210: SettingWithCopyWarning: 
A value is trying to be set on a copy of a slice from a DataFrame

See the caveats in the documentation: https://pandas.pydata.org/pandas-docs/stable/user_guide/indexing.html#returning-a-view-versus-a-copy
  df2.replace(to_replace=r'motifs match', value='', regex=True, inplace=True)
/home/praghuram23/miniconda3/envs/toxin_hemo/lib/python3.10/site-packages/toxinpred3/python_scripts/toxinpred3.py:211: SettingWithCopyWarning: 
A value is trying to be set on a copy of a slice from a DataFrame

See the caveats in the documentation: https://pandas.pydata.org/pandas-docs/stable/user_guide/indexing.html#returning-a-view-versus-a-copy
  df2.replace(to_replace=r' $', value='', regex=True,inplace=True)
127.0.0.1 - - [26/Jul/2026 07:15:48] "POST /score HTTP/1.1" 200 -
/home/praghuram23/miniconda3/envs/toxin_hemo/lib/python3.10/site-packages/sklearn/base.py:439: UserWarning: X does not have valid feature names, but ExtraTreesClassifier was fitted with feature names
  warnings.warn(

This is the MERCI (Motif - EmeRging and with Classes - Identification) motif locator program.

   * Loading hierarchy NONE
   * Reading data
       input file Sequence_1 read -> 256 sequences found
   * Motif locations written to merci_p.txt

This is the MERCI (Motif - EmeRging and with Classes - Identification) motif locator program.

   * Loading hierarchy NONE
   * Reading data
       input file Sequence_1 read -> 256 sequences found
   * Motif locations written to merci_n.txt
/home/praghuram23/miniconda3/envs/toxin_hemo/lib/python3.10/site-packages/toxinpred3/python_scripts/toxinpred3.py:209: SettingWithCopyWarning: 
A value is trying to be set on a copy of a slice from a DataFrame

See the caveats in the documentation: https://pandas.pydata.org/pandas-docs/stable/user_guide/indexing.html#returning-a-view-versus-a-copy
  df2.replace(to_replace=r"\)", value='', regex=True, inplace=True)
/home/praghuram23/miniconda3/envs/toxin_hemo/lib/python3.10/site-packages/toxinpred3/python_scripts/toxinpred3.py:210: SettingWithCopyWarning: 
A value is trying to be set on a copy of a slice from a DataFrame

See the caveats in the documentation: https://pandas.pydata.org/pandas-docs/stable/user_guide/indexing.html#returning-a-view-versus-a-copy
  df2.replace(to_replace=r'motifs match', value='', regex=True, inplace=True)
/home/praghuram23/miniconda3/envs/toxin_hemo/lib/python3.10/site-packages/toxinpred3/python_scripts/toxinpred3.py:211: SettingWithCopyWarning: 
A value is trying to be set on a copy of a slice from a DataFrame

See the caveats in the documentation: https://pandas.pydata.org/pandas-docs/stable/user_guide/indexing.html#returning-a-view-versus-a-copy
  df2.replace(to_replace=r' $', value='', regex=True,inplace=True)
127.0.0.1 - - [26/Jul/2026 07:16:16] "POST /score HTTP/1.1" 200 -
/home/praghuram23/miniconda3/envs/toxin_hemo/lib/python3.10/site-packages/sklearn/base.py:439: UserWarning: X does not have valid feature names, but ExtraTreesClassifier was fitted with feature names
  warnings.warn(

This is the MERCI (Motif - EmeRging and with Classes - Identification) motif locator program.

   * Loading hierarchy NONE
   * Reading data
       input file Sequence_1 read -> 256 sequences found
   * Motif locations written to merci_p.txt

This is the MERCI (Motif - EmeRging and with Classes - Identification) motif locator program.

   * Loading hierarchy NONE
   * Reading data
       input file Sequence_1 read -> 256 sequences found
   * Motif locations written to merci_n.txt
/home/praghuram23/miniconda3/envs/toxin_hemo/lib/python3.10/site-packages/toxinpred3/python_scripts/toxinpred3.py:209: SettingWithCopyWarning: 
A value is trying to be set on a copy of a slice from a DataFrame

See the caveats in the documentation: https://pandas.pydata.org/pandas-docs/stable/user_guide/indexing.html#returning-a-view-versus-a-copy
  df2.replace(to_replace=r"\)", value='', regex=True, inplace=True)
/home/praghuram23/miniconda3/envs/toxin_hemo/lib/python3.10/site-packages/toxinpred3/python_scripts/toxinpred3.py:210: SettingWithCopyWarning: 
A value is trying to be set on a copy of a slice from a DataFrame

See the caveats in the documentation: https://pandas.pydata.org/pandas-docs/stable/user_guide/indexing.html#returning-a-view-versus-a-copy
  df2.replace(to_replace=r'motifs match', value='', regex=True, inplace=True)
/home/praghuram23/miniconda3/envs/toxin_hemo/lib/python3.10/site-packages/toxinpred3/python_scripts/toxinpred3.py:211: SettingWithCopyWarning: 
A value is trying to be set on a copy of a slice from a DataFrame

See the caveats in the documentation: https://pandas.pydata.org/pandas-docs/stable/user_guide/indexing.html#returning-a-view-versus-a-copy
  df2.replace(to_replace=r' $', value='', regex=True,inplace=True)
127.0.0.1 - - [26/Jul/2026 07:16:44] "POST /score HTTP/1.1" 200 -
/home/praghuram23/miniconda3/envs/toxin_hemo/lib/python3.10/site-packages/sklearn/base.py:439: UserWarning: X does not have valid feature names, but ExtraTreesClassifier was fitted with feature names
  warnings.warn(

This is the MERCI (Motif - EmeRging and with Classes - Identification) motif locator program.

   * Loading hierarchy NONE
   * Reading data
       input file Sequence_1 read -> 256 sequences found
   * Motif locations written to merci_p.txt

This is the MERCI (Motif - EmeRging and with Classes - Identification) motif locator program.

   * Loading hierarchy NONE
   * Reading data
       input file Sequence_1 read -> 256 sequences found
   * Motif locations written to merci_n.txt
/home/praghuram23/miniconda3/envs/toxin_hemo/lib/python3.10/site-packages/toxinpred3/python_scripts/toxinpred3.py:142: SettingWithCopyWarning: 
A value is trying to be set on a copy of a slice from a DataFrame

See the caveats in the documentation: https://pandas.pydata.org/pandas-docs/stable/user_guide/indexing.html#returning-a-view-versus-a-copy
  df2.replace(to_replace=r"\)", value='', regex=True, inplace=True)
/home/praghuram23/miniconda3/envs/toxin_hemo/lib/python3.10/site-packages/toxinpred3/python_scripts/toxinpred3.py:143: SettingWithCopyWarning: 
A value is trying to be set on a copy of a slice from a DataFrame

See the caveats in the documentation: https://pandas.pydata.org/pandas-docs/stable/user_guide/indexing.html#returning-a-view-versus-a-copy
  df2.replace(to_replace=r'motifs match', value='', regex=True, inplace=True)
/home/praghuram23/miniconda3/envs/toxin_hemo/lib/python3.10/site-packages/toxinpred3/python_scripts/toxinpred3.py:144: SettingWithCopyWarning: 
A value is trying to be set on a copy of a slice from a DataFrame

See the caveats in the documentation: https://pandas.pydata.org/pandas-docs/stable/user_guide/indexing.html#returning-a-view-versus-a-copy
  df2.replace(to_replace=r' $', value='', regex=True,inplace=True)
/home/praghuram23/miniconda3/envs/toxin_hemo/lib/python3.10/site-packages/toxinpred3/python_scripts/toxinpred3.py:209: SettingWithCopyWarning: 
A value is trying to be set on a copy of a slice from a DataFrame

See the caveats in the documentation: https://pandas.pydata.org/pandas-docs/stable/user_guide/indexing.html#returning-a-view-versus-a-copy
  df2.replace(to_replace=r"\)", value='', regex=True, inplace=True)
/home/praghuram23/miniconda3/envs/toxin_hemo/lib/python3.10/site-packages/toxinpred3/python_scripts/toxinpred3.py:210: SettingWithCopyWarning: 
A value is trying to be set on a copy of a slice from a DataFrame

See the caveats in the documentation: https://pandas.pydata.org/pandas-docs/stable/user_guide/indexing.html#returning-a-view-versus-a-copy
  df2.replace(to_replace=r'motifs match', value='', regex=True, inplace=True)
/home/praghuram23/miniconda3/envs/toxin_hemo/lib/python3.10/site-packages/toxinpred3/python_scripts/toxinpred3.py:211: SettingWithCopyWarning: 
A value is trying to be set on a copy of a slice from a DataFrame

See the caveats in the documentation: https://pandas.pydata.org/pandas-docs/stable/user_guide/indexing.html#returning-a-view-versus-a-copy
  df2.replace(to_replace=r' $', value='', regex=True,inplace=True)
127.0.0.1 - - [26/Jul/2026 07:17:14] "POST /score HTTP/1.1" 200 -
/home/praghuram23/miniconda3/envs/toxin_hemo/lib/python3.10/site-packages/sklearn/base.py:439: UserWarning: X does not have valid feature names, but ExtraTreesClassifier was fitted with feature names
  warnings.warn(

This is the MERCI (Motif - EmeRging and with Classes - Identification) motif locator program.

   * Loading hierarchy NONE
   * Reading data
       input file Sequence_1 read -> 256 sequences found
   * Motif locations written to merci_p.txt

This is the MERCI (Motif - EmeRging and with Classes - Identification) motif locator program.

   * Loading hierarchy NONE
   * Reading data
       input file Sequence_1 read -> 256 sequences found
   * Motif locations written to merci_n.txt
/home/praghuram23/miniconda3/envs/toxin_hemo/lib/python3.10/site-packages/toxinpred3/python_scripts/toxinpred3.py:209: SettingWithCopyWarning: 
A value is trying to be set on a copy of a slice from a DataFrame

See the caveats in the documentation: https://pandas.pydata.org/pandas-docs/stable/user_guide/indexing.html#returning-a-view-versus-a-copy
  df2.replace(to_replace=r"\)", value='', regex=True, inplace=True)
/home/praghuram23/miniconda3/envs/toxin_hemo/lib/python3.10/site-packages/toxinpred3/python_scripts/toxinpred3.py:210: SettingWithCopyWarning: 
A value is trying to be set on a copy of a slice from a DataFrame

See the caveats in the documentation: https://pandas.pydata.org/pandas-docs/stable/user_guide/indexing.html#returning-a-view-versus-a-copy
  df2.replace(to_replace=r'motifs match', value='', regex=True, inplace=True)
/home/praghuram23/miniconda3/envs/toxin_hemo/lib/python3.10/site-packages/toxinpred3/python_scripts/toxinpred3.py:211: SettingWithCopyWarning: 
A value is trying to be set on a copy of a slice from a DataFrame

See the caveats in the documentation: https://pandas.pydata.org/pandas-docs/stable/user_guide/indexing.html#returning-a-view-versus-a-copy
  df2.replace(to_replace=r' $', value='', regex=True,inplace=True)
127.0.0.1 - - [26/Jul/2026 07:17:42] "POST /score HTTP/1.1" 200 -
/home/praghuram23/miniconda3/envs/toxin_hemo/lib/python3.10/site-packages/sklearn/base.py:439: UserWarning: X does not have valid feature names, but ExtraTreesClassifier was fitted with feature names
  warnings.warn(

This is the MERCI (Motif - EmeRging and with Classes - Identification) motif locator program.

   * Loading hierarchy NONE
   * Reading data
       input file Sequence_1 read -> 256 sequences found
   * Motif locations written to merci_p.txt

This is the MERCI (Motif - EmeRging and with Classes - Identification) motif locator program.

   * Loading hierarchy NONE
   * Reading data
       input file Sequence_1 read -> 256 sequences found
   * Motif locations written to merci_n.txt
/home/praghuram23/miniconda3/envs/toxin_hemo/lib/python3.10/site-packages/toxinpred3/python_scripts/toxinpred3.py:209: SettingWithCopyWarning: 
A value is trying to be set on a copy of a slice from a DataFrame

See the caveats in the documentation: https://pandas.pydata.org/pandas-docs/stable/user_guide/indexing.html#returning-a-view-versus-a-copy
  df2.replace(to_replace=r"\)", value='', regex=True, inplace=True)
/home/praghuram23/miniconda3/envs/toxin_hemo/lib/python3.10/site-packages/toxinpred3/python_scripts/toxinpred3.py:210: SettingWithCopyWarning: 
A value is trying to be set on a copy of a slice from a DataFrame

See the caveats in the documentation: https://pandas.pydata.org/pandas-docs/stable/user_guide/indexing.html#returning-a-view-versus-a-copy
  df2.replace(to_replace=r'motifs match', value='', regex=True, inplace=True)
/home/praghuram23/miniconda3/envs/toxin_hemo/lib/python3.10/site-packages/toxinpred3/python_scripts/toxinpred3.py:211: SettingWithCopyWarning: 
A value is trying to be set on a copy of a slice from a DataFrame

See the caveats in the documentation: https://pandas.pydata.org/pandas-docs/stable/user_guide/indexing.html#returning-a-view-versus-a-copy
  df2.replace(to_replace=r' $', value='', regex=True,inplace=True)
127.0.0.1 - - [26/Jul/2026 07:18:08] "POST /score HTTP/1.1" 200 -
/home/praghuram23/miniconda3/envs/toxin_hemo/lib/python3.10/site-packages/sklearn/base.py:439: UserWarning: X does not have valid feature names, but ExtraTreesClassifier was fitted with feature names
  warnings.warn(

This is the MERCI (Motif - EmeRging and with Classes - Identification) motif locator program.

   * Loading hierarchy NONE
   * Reading data
       input file Sequence_1 read -> 256 sequences found
   * Motif locations written to merci_p.txt

This is the MERCI (Motif - EmeRging and with Classes - Identification) motif locator program.

   * Loading hierarchy NONE
   * Reading data
       input file Sequence_1 read -> 256 sequences found
   * Motif locations written to merci_n.txt
/home/praghuram23/miniconda3/envs/toxin_hemo/lib/python3.10/site-packages/toxinpred3/python_scripts/toxinpred3.py:209: SettingWithCopyWarning: 
A value is trying to be set on a copy of a slice from a DataFrame

See the caveats in the documentation: https://pandas.pydata.org/pandas-docs/stable/user_guide/indexing.html#returning-a-view-versus-a-copy
  df2.replace(to_replace=r"\)", value='', regex=True, inplace=True)
/home/praghuram23/miniconda3/envs/toxin_hemo/lib/python3.10/site-packages/toxinpred3/python_scripts/toxinpred3.py:210: SettingWithCopyWarning: 
A value is trying to be set on a copy of a slice from a DataFrame

See the caveats in the documentation: https://pandas.pydata.org/pandas-docs/stable/user_guide/indexing.html#returning-a-view-versus-a-copy
  df2.replace(to_replace=r'motifs match', value='', regex=True, inplace=True)
/home/praghuram23/miniconda3/envs/toxin_hemo/lib/python3.10/site-packages/toxinpred3/python_scripts/toxinpred3.py:211: SettingWithCopyWarning: 
A value is trying to be set on a copy of a slice from a DataFrame

See the caveats in the documentation: https://pandas.pydata.org/pandas-docs/stable/user_guide/indexing.html#returning-a-view-versus-a-copy
  df2.replace(to_replace=r' $', value='', regex=True,inplace=True)
127.0.0.1 - - [26/Jul/2026 07:18:34] "POST /score HTTP/1.1" 200 -
/home/praghuram23/miniconda3/envs/toxin_hemo/lib/python3.10/site-packages/sklearn/base.py:439: UserWarning: X does not have valid feature names, but ExtraTreesClassifier was fitted with feature names
  warnings.warn(

This is the MERCI (Motif - EmeRging and with Classes - Identification) motif locator program.

   * Loading hierarchy NONE
   * Reading data
       input file Sequence_1 read -> 256 sequences found
   * Motif locations written to merci_p.txt

This is the MERCI (Motif - EmeRging and with Classes - Identification) motif locator program.

   * Loading hierarchy NONE
   * Reading data
       input file Sequence_1 read -> 256 sequences found
   * Motif locations written to merci_n.txt
/home/praghuram23/miniconda3/envs/toxin_hemo/lib/python3.10/site-packages/toxinpred3/python_scripts/toxinpred3.py:209: SettingWithCopyWarning: 
A value is trying to be set on a copy of a slice from a DataFrame

See the caveats in the documentation: https://pandas.pydata.org/pandas-docs/stable/user_guide/indexing.html#returning-a-view-versus-a-copy
  df2.replace(to_replace=r"\)", value='', regex=True, inplace=True)
/home/praghuram23/miniconda3/envs/toxin_hemo/lib/python3.10/site-packages/toxinpred3/python_scripts/toxinpred3.py:210: SettingWithCopyWarning: 
A value is trying to be set on a copy of a slice from a DataFrame

See the caveats in the documentation: https://pandas.pydata.org/pandas-docs/stable/user_guide/indexing.html#returning-a-view-versus-a-copy
  df2.replace(to_replace=r'motifs match', value='', regex=True, inplace=True)
/home/praghuram23/miniconda3/envs/toxin_hemo/lib/python3.10/site-packages/toxinpred3/python_scripts/toxinpred3.py:211: SettingWithCopyWarning: 
A value is trying to be set on a copy of a slice from a DataFrame

See the caveats in the documentation: https://pandas.pydata.org/pandas-docs/stable/user_guide/indexing.html#returning-a-view-versus-a-copy
  df2.replace(to_replace=r' $', value='', regex=True,inplace=True)
127.0.0.1 - - [26/Jul/2026 07:19:00] "POST /score HTTP/1.1" 200 -
/home/praghuram23/miniconda3/envs/toxin_hemo/lib/python3.10/site-packages/sklearn/base.py:439: UserWarning: X does not have valid feature names, but ExtraTreesClassifier was fitted with feature names
  warnings.warn(

This is the MERCI (Motif - EmeRging and with Classes - Identification) motif locator program.

   * Loading hierarchy NONE
   * Reading data
       input file Sequence_1 read -> 256 sequences found
   * Motif locations written to merci_p.txt

This is the MERCI (Motif - EmeRging and with Classes - Identification) motif locator program.

   * Loading hierarchy NONE
   * Reading data
       input file Sequence_1 read -> 256 sequences found
   * Motif locations written to merci_n.txt
/home/praghuram23/miniconda3/envs/toxin_hemo/lib/python3.10/site-packages/toxinpred3/python_scripts/toxinpred3.py:209: SettingWithCopyWarning: 
A value is trying to be set on a copy of a slice from a DataFrame

See the caveats in the documentation: https://pandas.pydata.org/pandas-docs/stable/user_guide/indexing.html#returning-a-view-versus-a-copy
  df2.replace(to_replace=r"\)", value='', regex=True, inplace=True)
/home/praghuram23/miniconda3/envs/toxin_hemo/lib/python3.10/site-packages/toxinpred3/python_scripts/toxinpred3.py:210: SettingWithCopyWarning: 
A value is trying to be set on a copy of a slice from a DataFrame

See the caveats in the documentation: https://pandas.pydata.org/pandas-docs/stable/user_guide/indexing.html#returning-a-view-versus-a-copy
  df2.replace(to_replace=r'motifs match', value='', regex=True, inplace=True)
/home/praghuram23/miniconda3/envs/toxin_hemo/lib/python3.10/site-packages/toxinpred3/python_scripts/toxinpred3.py:211: SettingWithCopyWarning: 
A value is trying to be set on a copy of a slice from a DataFrame

See the caveats in the documentation: https://pandas.pydata.org/pandas-docs/stable/user_guide/indexing.html#returning-a-view-versus-a-copy
  df2.replace(to_replace=r' $', value='', regex=True,inplace=True)
127.0.0.1 - - [26/Jul/2026 07:19:26] "POST /score HTTP/1.1" 200 -
/home/praghuram23/miniconda3/envs/toxin_hemo/lib/python3.10/site-packages/sklearn/base.py:439: UserWarning: X does not have valid feature names, but ExtraTreesClassifier was fitted with feature names
  warnings.warn(

This is the MERCI (Motif - EmeRging and with Classes - Identification) motif locator program.

   * Loading hierarchy NONE
   * Reading data
       input file Sequence_1 read -> 256 sequences found
   * Motif locations written to merci_p.txt

This is the MERCI (Motif - EmeRging and with Classes - Identification) motif locator program.

   * Loading hierarchy NONE
   * Reading data
       input file Sequence_1 read -> 256 sequences found
   * Motif locations written to merci_n.txt
/home/praghuram23/miniconda3/envs/toxin_hemo/lib/python3.10/site-packages/toxinpred3/python_scripts/toxinpred3.py:209: SettingWithCopyWarning: 
A value is trying to be set on a copy of a slice from a DataFrame

See the caveats in the documentation: https://pandas.pydata.org/pandas-docs/stable/user_guide/indexing.html#returning-a-view-versus-a-copy
  df2.replace(to_replace=r"\)", value='', regex=True, inplace=True)
/home/praghuram23/miniconda3/envs/toxin_hemo/lib/python3.10/site-packages/toxinpred3/python_scripts/toxinpred3.py:210: SettingWithCopyWarning: 
A value is trying to be set on a copy of a slice from a DataFrame

See the caveats in the documentation: https://pandas.pydata.org/pandas-docs/stable/user_guide/indexing.html#returning-a-view-versus-a-copy
  df2.replace(to_replace=r'motifs match', value='', regex=True, inplace=True)
/home/praghuram23/miniconda3/envs/toxin_hemo/lib/python3.10/site-packages/toxinpred3/python_scripts/toxinpred3.py:211: SettingWithCopyWarning: 
A value is trying to be set on a copy of a slice from a DataFrame

See the caveats in the documentation: https://pandas.pydata.org/pandas-docs/stable/user_guide/indexing.html#returning-a-view-versus-a-copy
  df2.replace(to_replace=r' $', value='', regex=True,inplace=True)
127.0.0.1 - - [26/Jul/2026 07:19:52] "POST /score HTTP/1.1" 200 -
/home/praghuram23/miniconda3/envs/toxin_hemo/lib/python3.10/site-packages/sklearn/base.py:439: UserWarning: X does not have valid feature names, but ExtraTreesClassifier was fitted with feature names
  warnings.warn(

This is the MERCI (Motif - EmeRging and with Classes - Identification) motif locator program.

   * Loading hierarchy NONE
   * Reading data
       input file Sequence_1 read -> 256 sequences found
   * Motif locations written to merci_p.txt

This is the MERCI (Motif - EmeRging and with Classes - Identification) motif locator program.

   * Loading hierarchy NONE
   * Reading data
       input file Sequence_1 read -> 256 sequences found
   * Motif locations written to merci_n.txt
/home/praghuram23/miniconda3/envs/toxin_hemo/lib/python3.10/site-packages/toxinpred3/python_scripts/toxinpred3.py:209: SettingWithCopyWarning: 
A value is trying to be set on a copy of a slice from a DataFrame

See the caveats in the documentation: https://pandas.pydata.org/pandas-docs/stable/user_guide/indexing.html#returning-a-view-versus-a-copy
  df2.replace(to_replace=r"\)", value='', regex=True, inplace=True)
/home/praghuram23/miniconda3/envs/toxin_hemo/lib/python3.10/site-packages/toxinpred3/python_scripts/toxinpred3.py:210: SettingWithCopyWarning: 
A value is trying to be set on a copy of a slice from a DataFrame

See the caveats in the documentation: https://pandas.pydata.org/pandas-docs/stable/user_guide/indexing.html#returning-a-view-versus-a-copy
  df2.replace(to_replace=r'motifs match', value='', regex=True, inplace=True)
/home/praghuram23/miniconda3/envs/toxin_hemo/lib/python3.10/site-packages/toxinpred3/python_scripts/toxinpred3.py:211: SettingWithCopyWarning: 
A value is trying to be set on a copy of a slice from a DataFrame

See the caveats in the documentation: https://pandas.pydata.org/pandas-docs/stable/user_guide/indexing.html#returning-a-view-versus-a-copy
  df2.replace(to_replace=r' $', value='', regex=True,inplace=True)
127.0.0.1 - - [26/Jul/2026 07:20:22] "POST /score HTTP/1.1" 200 -
/home/praghuram23/miniconda3/envs/toxin_hemo/lib/python3.10/site-packages/sklearn/base.py:439: UserWarning: X does not have valid feature names, but ExtraTreesClassifier was fitted with feature names
  warnings.warn(

This is the MERCI (Motif - EmeRging and with Classes - Identification) motif locator program.

   * Loading hierarchy NONE
   * Reading data
       input file Sequence_1 read -> 256 sequences found
   * Motif locations written to merci_p.txt

This is the MERCI (Motif - EmeRging and with Classes - Identification) motif locator program.

   * Loading hierarchy NONE
   * Reading data
       input file Sequence_1 read -> 256 sequences found
   * Motif locations written to merci_n.txt
/home/praghuram23/miniconda3/envs/toxin_hemo/lib/python3.10/site-packages/toxinpred3/python_scripts/toxinpred3.py:209: SettingWithCopyWarning: 
A value is trying to be set on a copy of a slice from a DataFrame

See the caveats in the documentation: https://pandas.pydata.org/pandas-docs/stable/user_guide/indexing.html#returning-a-view-versus-a-copy
  df2.replace(to_replace=r"\)", value='', regex=True, inplace=True)
/home/praghuram23/miniconda3/envs/toxin_hemo/lib/python3.10/site-packages/toxinpred3/python_scripts/toxinpred3.py:210: SettingWithCopyWarning: 
A value is trying to be set on a copy of a slice from a DataFrame

See the caveats in the documentation: https://pandas.pydata.org/pandas-docs/stable/user_guide/indexing.html#returning-a-view-versus-a-copy
  df2.replace(to_replace=r'motifs match', value='', regex=True, inplace=True)
/home/praghuram23/miniconda3/envs/toxin_hemo/lib/python3.10/site-packages/toxinpred3/python_scripts/toxinpred3.py:211: SettingWithCopyWarning: 
A value is trying to be set on a copy of a slice from a DataFrame

See the caveats in the documentation: https://pandas.pydata.org/pandas-docs/stable/user_guide/indexing.html#returning-a-view-versus-a-copy
  df2.replace(to_replace=r' $', value='', regex=True,inplace=True)
127.0.0.1 - - [26/Jul/2026 07:20:50] "POST /score HTTP/1.1" 200 -
/home/praghuram23/miniconda3/envs/toxin_hemo/lib/python3.10/site-packages/sklearn/base.py:439: UserWarning: X does not have valid feature names, but ExtraTreesClassifier was fitted with feature names
  warnings.warn(

This is the MERCI (Motif - EmeRging and with Classes - Identification) motif locator program.

   * Loading hierarchy NONE
   * Reading data
       input file Sequence_1 read -> 256 sequences found
   * Motif locations written to merci_p.txt

This is the MERCI (Motif - EmeRging and with Classes - Identification) motif locator program.

   * Loading hierarchy NONE
   * Reading data
       input file Sequence_1 read -> 256 sequences found
   * Motif locations written to merci_n.txt
/home/praghuram23/miniconda3/envs/toxin_hemo/lib/python3.10/site-packages/toxinpred3/python_scripts/toxinpred3.py:209: SettingWithCopyWarning: 
A value is trying to be set on a copy of a slice from a DataFrame

See the caveats in the documentation: https://pandas.pydata.org/pandas-docs/stable/user_guide/indexing.html#returning-a-view-versus-a-copy
  df2.replace(to_replace=r"\)", value='', regex=True, inplace=True)
/home/praghuram23/miniconda3/envs/toxin_hemo/lib/python3.10/site-packages/toxinpred3/python_scripts/toxinpred3.py:210: SettingWithCopyWarning: 
A value is trying to be set on a copy of a slice from a DataFrame

See the caveats in the documentation: https://pandas.pydata.org/pandas-docs/stable/user_guide/indexing.html#returning-a-view-versus-a-copy
  df2.replace(to_replace=r'motifs match', value='', regex=True, inplace=True)
/home/praghuram23/miniconda3/envs/toxin_hemo/lib/python3.10/site-packages/toxinpred3/python_scripts/toxinpred3.py:211: SettingWithCopyWarning: 
A value is trying to be set on a copy of a slice from a DataFrame

See the caveats in the documentation: https://pandas.pydata.org/pandas-docs/stable/user_guide/indexing.html#returning-a-view-versus-a-copy
  df2.replace(to_replace=r' $', value='', regex=True,inplace=True)
127.0.0.1 - - [26/Jul/2026 07:21:16] "POST /score HTTP/1.1" 200 -
/home/praghuram23/miniconda3/envs/toxin_hemo/lib/python3.10/site-packages/sklearn/base.py:439: UserWarning: X does not have valid feature names, but ExtraTreesClassifier was fitted with feature names
  warnings.warn(

This is the MERCI (Motif - EmeRging and with Classes - Identification) motif locator program.

   * Loading hierarchy NONE
   * Reading data
       input file Sequence_1 read -> 256 sequences found
   * Motif locations written to merci_p.txt

This is the MERCI (Motif - EmeRging and with Classes - Identification) motif locator program.

   * Loading hierarchy NONE
   * Reading data
       input file Sequence_1 read -> 256 sequences found
   * Motif locations written to merci_n.txt
/home/praghuram23/miniconda3/envs/toxin_hemo/lib/python3.10/site-packages/toxinpred3/python_scripts/toxinpred3.py:209: SettingWithCopyWarning: 
A value is trying to be set on a copy of a slice from a DataFrame

See the caveats in the documentation: https://pandas.pydata.org/pandas-docs/stable/user_guide/indexing.html#returning-a-view-versus-a-copy
  df2.replace(to_replace=r"\)", value='', regex=True, inplace=True)
/home/praghuram23/miniconda3/envs/toxin_hemo/lib/python3.10/site-packages/toxinpred3/python_scripts/toxinpred3.py:210: SettingWithCopyWarning: 
A value is trying to be set on a copy of a slice from a DataFrame

See the caveats in the documentation: https://pandas.pydata.org/pandas-docs/stable/user_guide/indexing.html#returning-a-view-versus-a-copy
  df2.replace(to_replace=r'motifs match', value='', regex=True, inplace=True)
/home/praghuram23/miniconda3/envs/toxin_hemo/lib/python3.10/site-packages/toxinpred3/python_scripts/toxinpred3.py:211: SettingWithCopyWarning: 
A value is trying to be set on a copy of a slice from a DataFrame

See the caveats in the documentation: https://pandas.pydata.org/pandas-docs/stable/user_guide/indexing.html#returning-a-view-versus-a-copy
  df2.replace(to_replace=r' $', value='', regex=True,inplace=True)
127.0.0.1 - - [26/Jul/2026 07:21:42] "POST /score HTTP/1.1" 200 -
/home/praghuram23/miniconda3/envs/toxin_hemo/lib/python3.10/site-packages/sklearn/base.py:439: UserWarning: X does not have valid feature names, but ExtraTreesClassifier was fitted with feature names
  warnings.warn(

This is the MERCI (Motif - EmeRging and with Classes - Identification) motif locator program.

   * Loading hierarchy NONE
   * Reading data
       input file Sequence_1 read -> 256 sequences found
   * Motif locations written to merci_p.txt

This is the MERCI (Motif - EmeRging and with Classes - Identification) motif locator program.

   * Loading hierarchy NONE
   * Reading data
       input file Sequence_1 read -> 256 sequences found
   * Motif locations written to merci_n.txt
/home/praghuram23/miniconda3/envs/toxin_hemo/lib/python3.10/site-packages/toxinpred3/python_scripts/toxinpred3.py:209: SettingWithCopyWarning: 
A value is trying to be set on a copy of a slice from a DataFrame

See the caveats in the documentation: https://pandas.pydata.org/pandas-docs/stable/user_guide/indexing.html#returning-a-view-versus-a-copy
  df2.replace(to_replace=r"\)", value='', regex=True, inplace=True)
/home/praghuram23/miniconda3/envs/toxin_hemo/lib/python3.10/site-packages/toxinpred3/python_scripts/toxinpred3.py:210: SettingWithCopyWarning: 
A value is trying to be set on a copy of a slice from a DataFrame

See the caveats in the documentation: https://pandas.pydata.org/pandas-docs/stable/user_guide/indexing.html#returning-a-view-versus-a-copy
  df2.replace(to_replace=r'motifs match', value='', regex=True, inplace=True)
/home/praghuram23/miniconda3/envs/toxin_hemo/lib/python3.10/site-packages/toxinpred3/python_scripts/toxinpred3.py:211: SettingWithCopyWarning: 
A value is trying to be set on a copy of a slice from a DataFrame

See the caveats in the documentation: https://pandas.pydata.org/pandas-docs/stable/user_guide/indexing.html#returning-a-view-versus-a-copy
  df2.replace(to_replace=r' $', value='', regex=True,inplace=True)
127.0.0.1 - - [26/Jul/2026 07:22:08] "POST /score HTTP/1.1" 200 -
/home/praghuram23/miniconda3/envs/toxin_hemo/lib/python3.10/site-packages/sklearn/base.py:439: UserWarning: X does not have valid feature names, but ExtraTreesClassifier was fitted with feature names
  warnings.warn(

This is the MERCI (Motif - EmeRging and with Classes - Identification) motif locator program.

   * Loading hierarchy NONE
   * Reading data
       input file Sequence_1 read -> 256 sequences found
   * Motif locations written to merci_p.txt

This is the MERCI (Motif - EmeRging and with Classes - Identification) motif locator program.

   * Loading hierarchy NONE
   * Reading data
       input file Sequence_1 read -> 256 sequences found
   * Motif locations written to merci_n.txt
/home/praghuram23/miniconda3/envs/toxin_hemo/lib/python3.10/site-packages/toxinpred3/python_scripts/toxinpred3.py:209: SettingWithCopyWarning: 
A value is trying to be set on a copy of a slice from a DataFrame

See the caveats in the documentation: https://pandas.pydata.org/pandas-docs/stable/user_guide/indexing.html#returning-a-view-versus-a-copy
  df2.replace(to_replace=r"\)", value='', regex=True, inplace=True)
/home/praghuram23/miniconda3/envs/toxin_hemo/lib/python3.10/site-packages/toxinpred3/python_scripts/toxinpred3.py:210: SettingWithCopyWarning: 
A value is trying to be set on a copy of a slice from a DataFrame

See the caveats in the documentation: https://pandas.pydata.org/pandas-docs/stable/user_guide/indexing.html#returning-a-view-versus-a-copy
  df2.replace(to_replace=r'motifs match', value='', regex=True, inplace=True)
/home/praghuram23/miniconda3/envs/toxin_hemo/lib/python3.10/site-packages/toxinpred3/python_scripts/toxinpred3.py:211: SettingWithCopyWarning: 
A value is trying to be set on a copy of a slice from a DataFrame

See the caveats in the documentation: https://pandas.pydata.org/pandas-docs/stable/user_guide/indexing.html#returning-a-view-versus-a-copy
  df2.replace(to_replace=r' $', value='', regex=True,inplace=True)
127.0.0.1 - - [26/Jul/2026 07:22:36] "POST /score HTTP/1.1" 200 -
/home/praghuram23/miniconda3/envs/toxin_hemo/lib/python3.10/site-packages/sklearn/base.py:439: UserWarning: X does not have valid feature names, but ExtraTreesClassifier was fitted with feature names
  warnings.warn(

This is the MERCI (Motif - EmeRging and with Classes - Identification) motif locator program.

   * Loading hierarchy NONE
   * Reading data
       input file Sequence_1 read -> 256 sequences found
   * Motif locations written to merci_p.txt

This is the MERCI (Motif - EmeRging and with Classes - Identification) motif locator program.

   * Loading hierarchy NONE
   * Reading data
       input file Sequence_1 read -> 256 sequences found
   * Motif locations written to merci_n.txt
/home/praghuram23/miniconda3/envs/toxin_hemo/lib/python3.10/site-packages/toxinpred3/python_scripts/toxinpred3.py:209: SettingWithCopyWarning: 
A value is trying to be set on a copy of a slice from a DataFrame

See the caveats in the documentation: https://pandas.pydata.org/pandas-docs/stable/user_guide/indexing.html#returning-a-view-versus-a-copy
  df2.replace(to_replace=r"\)", value='', regex=True, inplace=True)
/home/praghuram23/miniconda3/envs/toxin_hemo/lib/python3.10/site-packages/toxinpred3/python_scripts/toxinpred3.py:210: SettingWithCopyWarning: 
A value is trying to be set on a copy of a slice from a DataFrame

See the caveats in the documentation: https://pandas.pydata.org/pandas-docs/stable/user_guide/indexing.html#returning-a-view-versus-a-copy
  df2.replace(to_replace=r'motifs match', value='', regex=True, inplace=True)
/home/praghuram23/miniconda3/envs/toxin_hemo/lib/python3.10/site-packages/toxinpred3/python_scripts/toxinpred3.py:211: SettingWithCopyWarning: 
A value is trying to be set on a copy of a slice from a DataFrame

See the caveats in the documentation: https://pandas.pydata.org/pandas-docs/stable/user_guide/indexing.html#returning-a-view-versus-a-copy
  df2.replace(to_replace=r' $', value='', regex=True,inplace=True)
127.0.0.1 - - [26/Jul/2026 07:23:04] "POST /score HTTP/1.1" 200 -
/home/praghuram23/miniconda3/envs/toxin_hemo/lib/python3.10/site-packages/sklearn/base.py:439: UserWarning: X does not have valid feature names, but ExtraTreesClassifier was fitted with feature names
  warnings.warn(

This is the MERCI (Motif - EmeRging and with Classes - Identification) motif locator program.

   * Loading hierarchy NONE
   * Reading data
       input file Sequence_1 read -> 256 sequences found
   * Motif locations written to merci_p.txt

This is the MERCI (Motif - EmeRging and with Classes - Identification) motif locator program.

   * Loading hierarchy NONE
   * Reading data
       input file Sequence_1 read -> 256 sequences found
   * Motif locations written to merci_n.txt
/home/praghuram23/miniconda3/envs/toxin_hemo/lib/python3.10/site-packages/toxinpred3/python_scripts/toxinpred3.py:209: SettingWithCopyWarning: 
A value is trying to be set on a copy of a slice from a DataFrame

See the caveats in the documentation: https://pandas.pydata.org/pandas-docs/stable/user_guide/indexing.html#returning-a-view-versus-a-copy
  df2.replace(to_replace=r"\)", value='', regex=True, inplace=True)
/home/praghuram23/miniconda3/envs/toxin_hemo/lib/python3.10/site-packages/toxinpred3/python_scripts/toxinpred3.py:210: SettingWithCopyWarning: 
A value is trying to be set on a copy of a slice from a DataFrame

See the caveats in the documentation: https://pandas.pydata.org/pandas-docs/stable/user_guide/indexing.html#returning-a-view-versus-a-copy
  df2.replace(to_replace=r'motifs match', value='', regex=True, inplace=True)
/home/praghuram23/miniconda3/envs/toxin_hemo/lib/python3.10/site-packages/toxinpred3/python_scripts/toxinpred3.py:211: SettingWithCopyWarning: 
A value is trying to be set on a copy of a slice from a DataFrame

See the caveats in the documentation: https://pandas.pydata.org/pandas-docs/stable/user_guide/indexing.html#returning-a-view-versus-a-copy
  df2.replace(to_replace=r' $', value='', regex=True,inplace=True)
127.0.0.1 - - [26/Jul/2026 07:23:31] "POST /score HTTP/1.1" 200 -
/home/praghuram23/miniconda3/envs/toxin_hemo/lib/python3.10/site-packages/sklearn/base.py:439: UserWarning: X does not have valid feature names, but ExtraTreesClassifier was fitted with feature names
  warnings.warn(

This is the MERCI (Motif - EmeRging and with Classes - Identification) motif locator program.

   * Loading hierarchy NONE
   * Reading data
       input file Sequence_1 read -> 256 sequences found
   * Motif locations written to merci_p.txt

This is the MERCI (Motif - EmeRging and with Classes - Identification) motif locator program.

   * Loading hierarchy NONE
   * Reading data
       input file Sequence_1 read -> 256 sequences found
   * Motif locations written to merci_n.txt
/home/praghuram23/miniconda3/envs/toxin_hemo/lib/python3.10/site-packages/toxinpred3/python_scripts/toxinpred3.py:142: SettingWithCopyWarning: 
A value is trying to be set on a copy of a slice from a DataFrame

See the caveats in the documentation: https://pandas.pydata.org/pandas-docs/stable/user_guide/indexing.html#returning-a-view-versus-a-copy
  df2.replace(to_replace=r"\)", value='', regex=True, inplace=True)
/home/praghuram23/miniconda3/envs/toxin_hemo/lib/python3.10/site-packages/toxinpred3/python_scripts/toxinpred3.py:143: SettingWithCopyWarning: 
A value is trying to be set on a copy of a slice from a DataFrame

See the caveats in the documentation: https://pandas.pydata.org/pandas-docs/stable/user_guide/indexing.html#returning-a-view-versus-a-copy
  df2.replace(to_replace=r'motifs match', value='', regex=True, inplace=True)
/home/praghuram23/miniconda3/envs/toxin_hemo/lib/python3.10/site-packages/toxinpred3/python_scripts/toxinpred3.py:144: SettingWithCopyWarning: 
A value is trying to be set on a copy of a slice from a DataFrame

See the caveats in the documentation: https://pandas.pydata.org/pandas-docs/stable/user_guide/indexing.html#returning-a-view-versus-a-copy
  df2.replace(to_replace=r' $', value='', regex=True,inplace=True)
/home/praghuram23/miniconda3/envs/toxin_hemo/lib/python3.10/site-packages/toxinpred3/python_scripts/toxinpred3.py:209: SettingWithCopyWarning: 
A value is trying to be set on a copy of a slice from a DataFrame

See the caveats in the documentation: https://pandas.pydata.org/pandas-docs/stable/user_guide/indexing.html#returning-a-view-versus-a-copy
  df2.replace(to_replace=r"\)", value='', regex=True, inplace=True)
/home/praghuram23/miniconda3/envs/toxin_hemo/lib/python3.10/site-packages/toxinpred3/python_scripts/toxinpred3.py:210: SettingWithCopyWarning: 
A value is trying to be set on a copy of a slice from a DataFrame

See the caveats in the documentation: https://pandas.pydata.org/pandas-docs/stable/user_guide/indexing.html#returning-a-view-versus-a-copy
  df2.replace(to_replace=r'motifs match', value='', regex=True, inplace=True)
/home/praghuram23/miniconda3/envs/toxin_hemo/lib/python3.10/site-packages/toxinpred3/python_scripts/toxinpred3.py:211: SettingWithCopyWarning: 
A value is trying to be set on a copy of a slice from a DataFrame

See the caveats in the documentation: https://pandas.pydata.org/pandas-docs/stable/user_guide/indexing.html#returning-a-view-versus-a-copy
  df2.replace(to_replace=r' $', value='', regex=True,inplace=True)
127.0.0.1 - - [26/Jul/2026 07:23:59] "POST /score HTTP/1.1" 200 -
/home/praghuram23/miniconda3/envs/toxin_hemo/lib/python3.10/site-packages/sklearn/base.py:439: UserWarning: X does not have valid feature names, but ExtraTreesClassifier was fitted with feature names
  warnings.warn(

This is the MERCI (Motif - EmeRging and with Classes - Identification) motif locator program.

   * Loading hierarchy NONE
   * Reading data
       input file Sequence_1 read -> 256 sequences found
   * Motif locations written to merci_p.txt

This is the MERCI (Motif - EmeRging and with Classes - Identification) motif locator program.

   * Loading hierarchy NONE
   * Reading data
       input file Sequence_1 read -> 256 sequences found
   * Motif locations written to merci_n.txt
/home/praghuram23/miniconda3/envs/toxin_hemo/lib/python3.10/site-packages/toxinpred3/python_scripts/toxinpred3.py:209: SettingWithCopyWarning: 
A value is trying to be set on a copy of a slice from a DataFrame

See the caveats in the documentation: https://pandas.pydata.org/pandas-docs/stable/user_guide/indexing.html#returning-a-view-versus-a-copy
  df2.replace(to_replace=r"\)", value='', regex=True, inplace=True)
/home/praghuram23/miniconda3/envs/toxin_hemo/lib/python3.10/site-packages/toxinpred3/python_scripts/toxinpred3.py:210: SettingWithCopyWarning: 
A value is trying to be set on a copy of a slice from a DataFrame

See the caveats in the documentation: https://pandas.pydata.org/pandas-docs/stable/user_guide/indexing.html#returning-a-view-versus-a-copy
  df2.replace(to_replace=r'motifs match', value='', regex=True, inplace=True)
/home/praghuram23/miniconda3/envs/toxin_hemo/lib/python3.10/site-packages/toxinpred3/python_scripts/toxinpred3.py:211: SettingWithCopyWarning: 
A value is trying to be set on a copy of a slice from a DataFrame

See the caveats in the documentation: https://pandas.pydata.org/pandas-docs/stable/user_guide/indexing.html#returning-a-view-versus-a-copy
  df2.replace(to_replace=r' $', value='', regex=True,inplace=True)
127.0.0.1 - - [26/Jul/2026 07:24:27] "POST /score HTTP/1.1" 200 -
/home/praghuram23/miniconda3/envs/toxin_hemo/lib/python3.10/site-packages/sklearn/base.py:439: UserWarning: X does not have valid feature names, but ExtraTreesClassifier was fitted with feature names
  warnings.warn(

This is the MERCI (Motif - EmeRging and with Classes - Identification) motif locator program.

   * Loading hierarchy NONE
   * Reading data
       input file Sequence_1 read -> 256 sequences found
   * Motif locations written to merci_p.txt

This is the MERCI (Motif - EmeRging and with Classes - Identification) motif locator program.

   * Loading hierarchy NONE
   * Reading data
       input file Sequence_1 read -> 256 sequences found
   * Motif locations written to merci_n.txt
/home/praghuram23/miniconda3/envs/toxin_hemo/lib/python3.10/site-packages/toxinpred3/python_scripts/toxinpred3.py:209: SettingWithCopyWarning: 
A value is trying to be set on a copy of a slice from a DataFrame

See the caveats in the documentation: https://pandas.pydata.org/pandas-docs/stable/user_guide/indexing.html#returning-a-view-versus-a-copy
  df2.replace(to_replace=r"\)", value='', regex=True, inplace=True)
/home/praghuram23/miniconda3/envs/toxin_hemo/lib/python3.10/site-packages/toxinpred3/python_scripts/toxinpred3.py:210: SettingWithCopyWarning: 
A value is trying to be set on a copy of a slice from a DataFrame

See the caveats in the documentation: https://pandas.pydata.org/pandas-docs/stable/user_guide/indexing.html#returning-a-view-versus-a-copy
  df2.replace(to_replace=r'motifs match', value='', regex=True, inplace=True)
/home/praghuram23/miniconda3/envs/toxin_hemo/lib/python3.10/site-packages/toxinpred3/python_scripts/toxinpred3.py:211: SettingWithCopyWarning: 
A value is trying to be set on a copy of a slice from a DataFrame

See the caveats in the documentation: https://pandas.pydata.org/pandas-docs/stable/user_guide/indexing.html#returning-a-view-versus-a-copy
  df2.replace(to_replace=r' $', value='', regex=True,inplace=True)
127.0.0.1 - - [26/Jul/2026 07:24:52] "POST /score HTTP/1.1" 200 -
/home/praghuram23/miniconda3/envs/toxin_hemo/lib/python3.10/site-packages/sklearn/base.py:439: UserWarning: X does not have valid feature names, but ExtraTreesClassifier was fitted with feature names
  warnings.warn(

This is the MERCI (Motif - EmeRging and with Classes - Identification) motif locator program.

   * Loading hierarchy NONE
   * Reading data
       input file Sequence_1 read -> 256 sequences found
   * Motif locations written to merci_p.txt

This is the MERCI (Motif - EmeRging and with Classes - Identification) motif locator program.

   * Loading hierarchy NONE
   * Reading data
       input file Sequence_1 read -> 256 sequences found
   * Motif locations written to merci_n.txt
/home/praghuram23/miniconda3/envs/toxin_hemo/lib/python3.10/site-packages/toxinpred3/python_scripts/toxinpred3.py:142: SettingWithCopyWarning: 
A value is trying to be set on a copy of a slice from a DataFrame

See the caveats in the documentation: https://pandas.pydata.org/pandas-docs/stable/user_guide/indexing.html#returning-a-view-versus-a-copy
  df2.replace(to_replace=r"\)", value='', regex=True, inplace=True)
/home/praghuram23/miniconda3/envs/toxin_hemo/lib/python3.10/site-packages/toxinpred3/python_scripts/toxinpred3.py:143: SettingWithCopyWarning: 
A value is trying to be set on a copy of a slice from a DataFrame

See the caveats in the documentation: https://pandas.pydata.org/pandas-docs/stable/user_guide/indexing.html#returning-a-view-versus-a-copy
  df2.replace(to_replace=r'motifs match', value='', regex=True, inplace=True)
/home/praghuram23/miniconda3/envs/toxin_hemo/lib/python3.10/site-packages/toxinpred3/python_scripts/toxinpred3.py:144: SettingWithCopyWarning: 
A value is trying to be set on a copy of a slice from a DataFrame

See the caveats in the documentation: https://pandas.pydata.org/pandas-docs/stable/user_guide/indexing.html#returning-a-view-versus-a-copy
  df2.replace(to_replace=r' $', value='', regex=True,inplace=True)
/home/praghuram23/miniconda3/envs/toxin_hemo/lib/python3.10/site-packages/toxinpred3/python_scripts/toxinpred3.py:209: SettingWithCopyWarning: 
A value is trying to be set on a copy of a slice from a DataFrame

See the caveats in the documentation: https://pandas.pydata.org/pandas-docs/stable/user_guide/indexing.html#returning-a-view-versus-a-copy
  df2.replace(to_replace=r"\)", value='', regex=True, inplace=True)
/home/praghuram23/miniconda3/envs/toxin_hemo/lib/python3.10/site-packages/toxinpred3/python_scripts/toxinpred3.py:210: SettingWithCopyWarning: 
A value is trying to be set on a copy of a slice from a DataFrame

See the caveats in the documentation: https://pandas.pydata.org/pandas-docs/stable/user_guide/indexing.html#returning-a-view-versus-a-copy
  df2.replace(to_replace=r'motifs match', value='', regex=True, inplace=True)
/home/praghuram23/miniconda3/envs/toxin_hemo/lib/python3.10/site-packages/toxinpred3/python_scripts/toxinpred3.py:211: SettingWithCopyWarning: 
A value is trying to be set on a copy of a slice from a DataFrame

See the caveats in the documentation: https://pandas.pydata.org/pandas-docs/stable/user_guide/indexing.html#returning-a-view-versus-a-copy
  df2.replace(to_replace=r' $', value='', regex=True,inplace=True)
127.0.0.1 - - [26/Jul/2026 07:25:20] "POST /score HTTP/1.1" 200 -
/home/praghuram23/miniconda3/envs/toxin_hemo/lib/python3.10/site-packages/sklearn/base.py:439: UserWarning: X does not have valid feature names, but ExtraTreesClassifier was fitted with feature names
  warnings.warn(

This is the MERCI (Motif - EmeRging and with Classes - Identification) motif locator program.

   * Loading hierarchy NONE
   * Reading data
       input file Sequence_1 read -> 256 sequences found
   * Motif locations written to merci_p.txt

This is the MERCI (Motif - EmeRging and with Classes - Identification) motif locator program.

   * Loading hierarchy NONE
   * Reading data
       input file Sequence_1 read -> 256 sequences found
   * Motif locations written to merci_n.txt
/home/praghuram23/miniconda3/envs/toxin_hemo/lib/python3.10/site-packages/toxinpred3/python_scripts/toxinpred3.py:209: SettingWithCopyWarning: 
A value is trying to be set on a copy of a slice from a DataFrame

See the caveats in the documentation: https://pandas.pydata.org/pandas-docs/stable/user_guide/indexing.html#returning-a-view-versus-a-copy
  df2.replace(to_replace=r"\)", value='', regex=True, inplace=True)
/home/praghuram23/miniconda3/envs/toxin_hemo/lib/python3.10/site-packages/toxinpred3/python_scripts/toxinpred3.py:210: SettingWithCopyWarning: 
A value is trying to be set on a copy of a slice from a DataFrame

See the caveats in the documentation: https://pandas.pydata.org/pandas-docs/stable/user_guide/indexing.html#returning-a-view-versus-a-copy
  df2.replace(to_replace=r'motifs match', value='', regex=True, inplace=True)
/home/praghuram23/miniconda3/envs/toxin_hemo/lib/python3.10/site-packages/toxinpred3/python_scripts/toxinpred3.py:211: SettingWithCopyWarning: 
A value is trying to be set on a copy of a slice from a DataFrame

See the caveats in the documentation: https://pandas.pydata.org/pandas-docs/stable/user_guide/indexing.html#returning-a-view-versus-a-copy
  df2.replace(to_replace=r' $', value='', regex=True,inplace=True)
127.0.0.1 - - [26/Jul/2026 07:25:47] "POST /score HTTP/1.1" 200 -
/home/praghuram23/miniconda3/envs/toxin_hemo/lib/python3.10/site-packages/sklearn/base.py:439: UserWarning: X does not have valid feature names, but ExtraTreesClassifier was fitted with feature names
  warnings.warn(

This is the MERCI (Motif - EmeRging and with Classes - Identification) motif locator program.

   * Loading hierarchy NONE
   * Reading data
       input file Sequence_1 read -> 256 sequences found
   * Motif locations written to merci_p.txt

This is the MERCI (Motif - EmeRging and with Classes - Identification) motif locator program.

   * Loading hierarchy NONE
   * Reading data
       input file Sequence_1 read -> 256 sequences found
   * Motif locations written to merci_n.txt
/home/praghuram23/miniconda3/envs/toxin_hemo/lib/python3.10/site-packages/toxinpred3/python_scripts/toxinpred3.py:209: SettingWithCopyWarning: 
A value is trying to be set on a copy of a slice from a DataFrame

See the caveats in the documentation: https://pandas.pydata.org/pandas-docs/stable/user_guide/indexing.html#returning-a-view-versus-a-copy
  df2.replace(to_replace=r"\)", value='', regex=True, inplace=True)
/home/praghuram23/miniconda3/envs/toxin_hemo/lib/python3.10/site-packages/toxinpred3/python_scripts/toxinpred3.py:210: SettingWithCopyWarning: 
A value is trying to be set on a copy of a slice from a DataFrame

See the caveats in the documentation: https://pandas.pydata.org/pandas-docs/stable/user_guide/indexing.html#returning-a-view-versus-a-copy
  df2.replace(to_replace=r'motifs match', value='', regex=True, inplace=True)
/home/praghuram23/miniconda3/envs/toxin_hemo/lib/python3.10/site-packages/toxinpred3/python_scripts/toxinpred3.py:211: SettingWithCopyWarning: 
A value is trying to be set on a copy of a slice from a DataFrame

See the caveats in the documentation: https://pandas.pydata.org/pandas-docs/stable/user_guide/indexing.html#returning-a-view-versus-a-copy
  df2.replace(to_replace=r' $', value='', regex=True,inplace=True)
127.0.0.1 - - [26/Jul/2026 07:26:15] "POST /score HTTP/1.1" 200 -
/home/praghuram23/miniconda3/envs/toxin_hemo/lib/python3.10/site-packages/sklearn/base.py:439: UserWarning: X does not have valid feature names, but ExtraTreesClassifier was fitted with feature names
  warnings.warn(

This is the MERCI (Motif - EmeRging and with Classes - Identification) motif locator program.

   * Loading hierarchy NONE
   * Reading data
       input file Sequence_1 read -> 256 sequences found
   * Motif locations written to merci_p.txt

This is the MERCI (Motif - EmeRging and with Classes - Identification) motif locator program.

   * Loading hierarchy NONE
   * Reading data
       input file Sequence_1 read -> 256 sequences found
   * Motif locations written to merci_n.txt
/home/praghuram23/miniconda3/envs/toxin_hemo/lib/python3.10/site-packages/toxinpred3/python_scripts/toxinpred3.py:209: SettingWithCopyWarning: 
A value is trying to be set on a copy of a slice from a DataFrame

See the caveats in the documentation: https://pandas.pydata.org/pandas-docs/stable/user_guide/indexing.html#returning-a-view-versus-a-copy
  df2.replace(to_replace=r"\)", value='', regex=True, inplace=True)
/home/praghuram23/miniconda3/envs/toxin_hemo/lib/python3.10/site-packages/toxinpred3/python_scripts/toxinpred3.py:210: SettingWithCopyWarning: 
A value is trying to be set on a copy of a slice from a DataFrame

See the caveats in the documentation: https://pandas.pydata.org/pandas-docs/stable/user_guide/indexing.html#returning-a-view-versus-a-copy
  df2.replace(to_replace=r'motifs match', value='', regex=True, inplace=True)
/home/praghuram23/miniconda3/envs/toxin_hemo/lib/python3.10/site-packages/toxinpred3/python_scripts/toxinpred3.py:211: SettingWithCopyWarning: 
A value is trying to be set on a copy of a slice from a DataFrame

See the caveats in the documentation: https://pandas.pydata.org/pandas-docs/stable/user_guide/indexing.html#returning-a-view-versus-a-copy
  df2.replace(to_replace=r' $', value='', regex=True,inplace=True)
127.0.0.1 - - [26/Jul/2026 07:26:42] "POST /score HTTP/1.1" 200 -
/home/praghuram23/miniconda3/envs/toxin_hemo/lib/python3.10/site-packages/sklearn/base.py:439: UserWarning: X does not have valid feature names, but ExtraTreesClassifier was fitted with feature names
  warnings.warn(

This is the MERCI (Motif - EmeRging and with Classes - Identification) motif locator program.

   * Loading hierarchy NONE
   * Reading data
       input file Sequence_1 read -> 256 sequences found
   * Motif locations written to merci_p.txt

This is the MERCI (Motif - EmeRging and with Classes - Identification) motif locator program.

   * Loading hierarchy NONE
   * Reading data
       input file Sequence_1 read -> 256 sequences found
   * Motif locations written to merci_n.txt
/home/praghuram23/miniconda3/envs/toxin_hemo/lib/python3.10/site-packages/toxinpred3/python_scripts/toxinpred3.py:209: SettingWithCopyWarning: 
A value is trying to be set on a copy of a slice from a DataFrame

See the caveats in the documentation: https://pandas.pydata.org/pandas-docs/stable/user_guide/indexing.html#returning-a-view-versus-a-copy
  df2.replace(to_replace=r"\)", value='', regex=True, inplace=True)
/home/praghuram23/miniconda3/envs/toxin_hemo/lib/python3.10/site-packages/toxinpred3/python_scripts/toxinpred3.py:210: SettingWithCopyWarning: 
A value is trying to be set on a copy of a slice from a DataFrame

See the caveats in the documentation: https://pandas.pydata.org/pandas-docs/stable/user_guide/indexing.html#returning-a-view-versus-a-copy
  df2.replace(to_replace=r'motifs match', value='', regex=True, inplace=True)
/home/praghuram23/miniconda3/envs/toxin_hemo/lib/python3.10/site-packages/toxinpred3/python_scripts/toxinpred3.py:211: SettingWithCopyWarning: 
A value is trying to be set on a copy of a slice from a DataFrame

See the caveats in the documentation: https://pandas.pydata.org/pandas-docs/stable/user_guide/indexing.html#returning-a-view-versus-a-copy
  df2.replace(to_replace=r' $', value='', regex=True,inplace=True)
127.0.0.1 - - [26/Jul/2026 07:27:08] "POST /score HTTP/1.1" 200 -
/home/praghuram23/miniconda3/envs/toxin_hemo/lib/python3.10/site-packages/sklearn/base.py:439: UserWarning: X does not have valid feature names, but ExtraTreesClassifier was fitted with feature names
  warnings.warn(

This is the MERCI (Motif - EmeRging and with Classes - Identification) motif locator program.

   * Loading hierarchy NONE
   * Reading data
       input file Sequence_1 read -> 256 sequences found
   * Motif locations written to merci_p.txt

This is the MERCI (Motif - EmeRging and with Classes - Identification) motif locator program.

   * Loading hierarchy NONE
   * Reading data
       input file Sequence_1 read -> 256 sequences found
   * Motif locations written to merci_n.txt
/home/praghuram23/miniconda3/envs/toxin_hemo/lib/python3.10/site-packages/toxinpred3/python_scripts/toxinpred3.py:209: SettingWithCopyWarning: 
A value is trying to be set on a copy of a slice from a DataFrame

See the caveats in the documentation: https://pandas.pydata.org/pandas-docs/stable/user_guide/indexing.html#returning-a-view-versus-a-copy
  df2.replace(to_replace=r"\)", value='', regex=True, inplace=True)
/home/praghuram23/miniconda3/envs/toxin_hemo/lib/python3.10/site-packages/toxinpred3/python_scripts/toxinpred3.py:210: SettingWithCopyWarning: 
A value is trying to be set on a copy of a slice from a DataFrame

See the caveats in the documentation: https://pandas.pydata.org/pandas-docs/stable/user_guide/indexing.html#returning-a-view-versus-a-copy
  df2.replace(to_replace=r'motifs match', value='', regex=True, inplace=True)
/home/praghuram23/miniconda3/envs/toxin_hemo/lib/python3.10/site-packages/toxinpred3/python_scripts/toxinpred3.py:211: SettingWithCopyWarning: 
A value is trying to be set on a copy of a slice from a DataFrame

See the caveats in the documentation: https://pandas.pydata.org/pandas-docs/stable/user_guide/indexing.html#returning-a-view-versus-a-copy
  df2.replace(to_replace=r' $', value='', regex=True,inplace=True)
127.0.0.1 - - [26/Jul/2026 07:27:35] "POST /score HTTP/1.1" 200 -
/home/praghuram23/miniconda3/envs/toxin_hemo/lib/python3.10/site-packages/sklearn/base.py:439: UserWarning: X does not have valid feature names, but ExtraTreesClassifier was fitted with feature names
  warnings.warn(

This is the MERCI (Motif - EmeRging and with Classes - Identification) motif locator program.

   * Loading hierarchy NONE
   * Reading data
       input file Sequence_1 read -> 256 sequences found
   * Motif locations written to merci_p.txt

This is the MERCI (Motif - EmeRging and with Classes - Identification) motif locator program.

   * Loading hierarchy NONE
   * Reading data
       input file Sequence_1 read -> 256 sequences found
   * Motif locations written to merci_n.txt
/home/praghuram23/miniconda3/envs/toxin_hemo/lib/python3.10/site-packages/toxinpred3/python_scripts/toxinpred3.py:209: SettingWithCopyWarning: 
A value is trying to be set on a copy of a slice from a DataFrame

See the caveats in the documentation: https://pandas.pydata.org/pandas-docs/stable/user_guide/indexing.html#returning-a-view-versus-a-copy
  df2.replace(to_replace=r"\)", value='', regex=True, inplace=True)
/home/praghuram23/miniconda3/envs/toxin_hemo/lib/python3.10/site-packages/toxinpred3/python_scripts/toxinpred3.py:210: SettingWithCopyWarning: 
A value is trying to be set on a copy of a slice from a DataFrame

See the caveats in the documentation: https://pandas.pydata.org/pandas-docs/stable/user_guide/indexing.html#returning-a-view-versus-a-copy
  df2.replace(to_replace=r'motifs match', value='', regex=True, inplace=True)
/home/praghuram23/miniconda3/envs/toxin_hemo/lib/python3.10/site-packages/toxinpred3/python_scripts/toxinpred3.py:211: SettingWithCopyWarning: 
A value is trying to be set on a copy of a slice from a DataFrame

See the caveats in the documentation: https://pandas.pydata.org/pandas-docs/stable/user_guide/indexing.html#returning-a-view-versus-a-copy
  df2.replace(to_replace=r' $', value='', regex=True,inplace=True)
127.0.0.1 - - [26/Jul/2026 07:28:02] "POST /score HTTP/1.1" 200 -
/home/praghuram23/miniconda3/envs/toxin_hemo/lib/python3.10/site-packages/sklearn/base.py:439: UserWarning: X does not have valid feature names, but ExtraTreesClassifier was fitted with feature names
  warnings.warn(

This is the MERCI (Motif - EmeRging and with Classes - Identification) motif locator program.

   * Loading hierarchy NONE
   * Reading data
       input file Sequence_1 read -> 256 sequences found
   * Motif locations written to merci_p.txt

This is the MERCI (Motif - EmeRging and with Classes - Identification) motif locator program.

   * Loading hierarchy NONE
   * Reading data
       input file Sequence_1 read -> 256 sequences found
   * Motif locations written to merci_n.txt
/home/praghuram23/miniconda3/envs/toxin_hemo/lib/python3.10/site-packages/toxinpred3/python_scripts/toxinpred3.py:209: SettingWithCopyWarning: 
A value is trying to be set on a copy of a slice from a DataFrame

See the caveats in the documentation: https://pandas.pydata.org/pandas-docs/stable/user_guide/indexing.html#returning-a-view-versus-a-copy
  df2.replace(to_replace=r"\)", value='', regex=True, inplace=True)
/home/praghuram23/miniconda3/envs/toxin_hemo/lib/python3.10/site-packages/toxinpred3/python_scripts/toxinpred3.py:210: SettingWithCopyWarning: 
A value is trying to be set on a copy of a slice from a DataFrame

See the caveats in the documentation: https://pandas.pydata.org/pandas-docs/stable/user_guide/indexing.html#returning-a-view-versus-a-copy
  df2.replace(to_replace=r'motifs match', value='', regex=True, inplace=True)
/home/praghuram23/miniconda3/envs/toxin_hemo/lib/python3.10/site-packages/toxinpred3/python_scripts/toxinpred3.py:211: SettingWithCopyWarning: 
A value is trying to be set on a copy of a slice from a DataFrame

See the caveats in the documentation: https://pandas.pydata.org/pandas-docs/stable/user_guide/indexing.html#returning-a-view-versus-a-copy
  df2.replace(to_replace=r' $', value='', regex=True,inplace=True)
127.0.0.1 - - [26/Jul/2026 07:28:28] "POST /score HTTP/1.1" 200 -
/home/praghuram23/miniconda3/envs/toxin_hemo/lib/python3.10/site-packages/sklearn/base.py:439: UserWarning: X does not have valid feature names, but ExtraTreesClassifier was fitted with feature names
  warnings.warn(

This is the MERCI (Motif - EmeRging and with Classes - Identification) motif locator program.

   * Loading hierarchy NONE
   * Reading data
       input file Sequence_1 read -> 256 sequences found
   * Motif locations written to merci_p.txt

This is the MERCI (Motif - EmeRging and with Classes - Identification) motif locator program.

   * Loading hierarchy NONE
   * Reading data
       input file Sequence_1 read -> 256 sequences found
   * Motif locations written to merci_n.txt
/home/praghuram23/miniconda3/envs/toxin_hemo/lib/python3.10/site-packages/toxinpred3/python_scripts/toxinpred3.py:209: SettingWithCopyWarning: 
A value is trying to be set on a copy of a slice from a DataFrame

See the caveats in the documentation: https://pandas.pydata.org/pandas-docs/stable/user_guide/indexing.html#returning-a-view-versus-a-copy
  df2.replace(to_replace=r"\)", value='', regex=True, inplace=True)
/home/praghuram23/miniconda3/envs/toxin_hemo/lib/python3.10/site-packages/toxinpred3/python_scripts/toxinpred3.py:210: SettingWithCopyWarning: 
A value is trying to be set on a copy of a slice from a DataFrame

See the caveats in the documentation: https://pandas.pydata.org/pandas-docs/stable/user_guide/indexing.html#returning-a-view-versus-a-copy
  df2.replace(to_replace=r'motifs match', value='', regex=True, inplace=True)
/home/praghuram23/miniconda3/envs/toxin_hemo/lib/python3.10/site-packages/toxinpred3/python_scripts/toxinpred3.py:211: SettingWithCopyWarning: 
A value is trying to be set on a copy of a slice from a DataFrame

See the caveats in the documentation: https://pandas.pydata.org/pandas-docs/stable/user_guide/indexing.html#returning-a-view-versus-a-copy
  df2.replace(to_replace=r' $', value='', regex=True,inplace=True)
127.0.0.1 - - [26/Jul/2026 07:28:55] "POST /score HTTP/1.1" 200 -
/home/praghuram23/miniconda3/envs/toxin_hemo/lib/python3.10/site-packages/sklearn/base.py:439: UserWarning: X does not have valid feature names, but ExtraTreesClassifier was fitted with feature names
  warnings.warn(

This is the MERCI (Motif - EmeRging and with Classes - Identification) motif locator program.

   * Loading hierarchy NONE
   * Reading data
       input file Sequence_1 read -> 256 sequences found
   * Motif locations written to merci_p.txt

This is the MERCI (Motif - EmeRging and with Classes - Identification) motif locator program.

   * Loading hierarchy NONE
   * Reading data
       input file Sequence_1 read -> 256 sequences found
   * Motif locations written to merci_n.txt
/home/praghuram23/miniconda3/envs/toxin_hemo/lib/python3.10/site-packages/toxinpred3/python_scripts/toxinpred3.py:209: SettingWithCopyWarning: 
A value is trying to be set on a copy of a slice from a DataFrame

See the caveats in the documentation: https://pandas.pydata.org/pandas-docs/stable/user_guide/indexing.html#returning-a-view-versus-a-copy
  df2.replace(to_replace=r"\)", value='', regex=True, inplace=True)
/home/praghuram23/miniconda3/envs/toxin_hemo/lib/python3.10/site-packages/toxinpred3/python_scripts/toxinpred3.py:210: SettingWithCopyWarning: 
A value is trying to be set on a copy of a slice from a DataFrame

See the caveats in the documentation: https://pandas.pydata.org/pandas-docs/stable/user_guide/indexing.html#returning-a-view-versus-a-copy
  df2.replace(to_replace=r'motifs match', value='', regex=True, inplace=True)
/home/praghuram23/miniconda3/envs/toxin_hemo/lib/python3.10/site-packages/toxinpred3/python_scripts/toxinpred3.py:211: SettingWithCopyWarning: 
A value is trying to be set on a copy of a slice from a DataFrame

See the caveats in the documentation: https://pandas.pydata.org/pandas-docs/stable/user_guide/indexing.html#returning-a-view-versus-a-copy
  df2.replace(to_replace=r' $', value='', regex=True,inplace=True)
127.0.0.1 - - [26/Jul/2026 07:29:22] "POST /score HTTP/1.1" 200 -
/home/praghuram23/miniconda3/envs/toxin_hemo/lib/python3.10/site-packages/sklearn/base.py:439: UserWarning: X does not have valid feature names, but ExtraTreesClassifier was fitted with feature names
  warnings.warn(

This is the MERCI (Motif - EmeRging and with Classes - Identification) motif locator program.

   * Loading hierarchy NONE
   * Reading data
       input file Sequence_1 read -> 256 sequences found
   * Motif locations written to merci_p.txt

This is the MERCI (Motif - EmeRging and with Classes - Identification) motif locator program.

   * Loading hierarchy NONE
   * Reading data
       input file Sequence_1 read -> 256 sequences found
   * Motif locations written to merci_n.txt
/home/praghuram23/miniconda3/envs/toxin_hemo/lib/python3.10/site-packages/toxinpred3/python_scripts/toxinpred3.py:209: SettingWithCopyWarning: 
A value is trying to be set on a copy of a slice from a DataFrame

See the caveats in the documentation: https://pandas.pydata.org/pandas-docs/stable/user_guide/indexing.html#returning-a-view-versus-a-copy
  df2.replace(to_replace=r"\)", value='', regex=True, inplace=True)
/home/praghuram23/miniconda3/envs/toxin_hemo/lib/python3.10/site-packages/toxinpred3/python_scripts/toxinpred3.py:210: SettingWithCopyWarning: 
A value is trying to be set on a copy of a slice from a DataFrame

See the caveats in the documentation: https://pandas.pydata.org/pandas-docs/stable/user_guide/indexing.html#returning-a-view-versus-a-copy
  df2.replace(to_replace=r'motifs match', value='', regex=True, inplace=True)
/home/praghuram23/miniconda3/envs/toxin_hemo/lib/python3.10/site-packages/toxinpred3/python_scripts/toxinpred3.py:211: SettingWithCopyWarning: 
A value is trying to be set on a copy of a slice from a DataFrame

See the caveats in the documentation: https://pandas.pydata.org/pandas-docs/stable/user_guide/indexing.html#returning-a-view-versus-a-copy
  df2.replace(to_replace=r' $', value='', regex=True,inplace=True)
127.0.0.1 - - [26/Jul/2026 07:29:46] "POST /score HTTP/1.1" 200 -
/home/praghuram23/miniconda3/envs/toxin_hemo/lib/python3.10/site-packages/sklearn/base.py:439: UserWarning: X does not have valid feature names, but ExtraTreesClassifier was fitted with feature names
  warnings.warn(

This is the MERCI (Motif - EmeRging and with Classes - Identification) motif locator program.

   * Loading hierarchy NONE
   * Reading data
       input file Sequence_1 read -> 200 sequences found
   * Motif locations written to merci_p.txt

This is the MERCI (Motif - EmeRging and with Classes - Identification) motif locator program.

   * Loading hierarchy NONE
   * Reading data
       input file Sequence_1 read -> 200 sequences found
   * Motif locations written to merci_n.txt
/home/praghuram23/miniconda3/envs/toxin_hemo/lib/python3.10/site-packages/toxinpred3/python_scripts/toxinpred3.py:142: SettingWithCopyWarning: 
A value is trying to be set on a copy of a slice from a DataFrame

See the caveats in the documentation: https://pandas.pydata.org/pandas-docs/stable/user_guide/indexing.html#returning-a-view-versus-a-copy
  df2.replace(to_replace=r"\)", value='', regex=True, inplace=True)
/home/praghuram23/miniconda3/envs/toxin_hemo/lib/python3.10/site-packages/toxinpred3/python_scripts/toxinpred3.py:143: SettingWithCopyWarning: 
A value is trying to be set on a copy of a slice from a DataFrame

See the caveats in the documentation: https://pandas.pydata.org/pandas-docs/stable/user_guide/indexing.html#returning-a-view-versus-a-copy
  df2.replace(to_replace=r'motifs match', value='', regex=True, inplace=True)
/home/praghuram23/miniconda3/envs/toxin_hemo/lib/python3.10/site-packages/toxinpred3/python_scripts/toxinpred3.py:144: SettingWithCopyWarning: 
A value is trying to be set on a copy of a slice from a DataFrame

See the caveats in the documentation: https://pandas.pydata.org/pandas-docs/stable/user_guide/indexing.html#returning-a-view-versus-a-copy
  df2.replace(to_replace=r' $', value='', regex=True,inplace=True)
/home/praghuram23/miniconda3/envs/toxin_hemo/lib/python3.10/site-packages/toxinpred3/python_scripts/toxinpred3.py:209: SettingWithCopyWarning: 
A value is trying to be set on a copy of a slice from a DataFrame

See the caveats in the documentation: https://pandas.pydata.org/pandas-docs/stable/user_guide/indexing.html#returning-a-view-versus-a-copy
  df2.replace(to_replace=r"\)", value='', regex=True, inplace=True)
/home/praghuram23/miniconda3/envs/toxin_hemo/lib/python3.10/site-packages/toxinpred3/python_scripts/toxinpred3.py:210: SettingWithCopyWarning: 
A value is trying to be set on a copy of a slice from a DataFrame

See the caveats in the documentation: https://pandas.pydata.org/pandas-docs/stable/user_guide/indexing.html#returning-a-view-versus-a-copy
  df2.replace(to_replace=r'motifs match', value='', regex=True, inplace=True)
/home/praghuram23/miniconda3/envs/toxin_hemo/lib/python3.10/site-packages/toxinpred3/python_scripts/toxinpred3.py:211: SettingWithCopyWarning: 
A value is trying to be set on a copy of a slice from a DataFrame

See the caveats in the documentation: https://pandas.pydata.org/pandas-docs/stable/user_guide/indexing.html#returning-a-view-versus-a-copy
  df2.replace(to_replace=r' $', value='', regex=True,inplace=True)
127.0.0.1 - - [26/Jul/2026 10:11:45] "POST /score HTTP/1.1" 200 -
/home/praghuram23/miniconda3/envs/toxin_hemo/lib/python3.10/site-packages/sklearn/base.py:439: UserWarning: X does not have valid feature names, but ExtraTreesClassifier was fitted with feature names
  warnings.warn(

This is the MERCI (Motif - EmeRging and with Classes - Identification) motif locator program.

   * Loading hierarchy NONE
   * Reading data
       input file Sequence_1 read -> 200 sequences found
   * Motif locations written to merci_p.txt

This is the MERCI (Motif - EmeRging and with Classes - Identification) motif locator program.

   * Loading hierarchy NONE
   * Reading data
       input file Sequence_1 read -> 200 sequences found
   * Motif locations written to merci_n.txt
/home/praghuram23/miniconda3/envs/toxin_hemo/lib/python3.10/site-packages/toxinpred3/python_scripts/toxinpred3.py:209: SettingWithCopyWarning: 
A value is trying to be set on a copy of a slice from a DataFrame

See the caveats in the documentation: https://pandas.pydata.org/pandas-docs/stable/user_guide/indexing.html#returning-a-view-versus-a-copy
  df2.replace(to_replace=r"\)", value='', regex=True, inplace=True)
/home/praghuram23/miniconda3/envs/toxin_hemo/lib/python3.10/site-packages/toxinpred3/python_scripts/toxinpred3.py:210: SettingWithCopyWarning: 
A value is trying to be set on a copy of a slice from a DataFrame

See the caveats in the documentation: https://pandas.pydata.org/pandas-docs/stable/user_guide/indexing.html#returning-a-view-versus-a-copy
  df2.replace(to_replace=r'motifs match', value='', regex=True, inplace=True)
/home/praghuram23/miniconda3/envs/toxin_hemo/lib/python3.10/site-packages/toxinpred3/python_scripts/toxinpred3.py:211: SettingWithCopyWarning: 
A value is trying to be set on a copy of a slice from a DataFrame

See the caveats in the documentation: https://pandas.pydata.org/pandas-docs/stable/user_guide/indexing.html#returning-a-view-versus-a-copy
  df2.replace(to_replace=r' $', value='', regex=True,inplace=True)
127.0.0.1 - - [26/Jul/2026 10:12:19] "POST /score HTTP/1.1" 200 -
/home/praghuram23/miniconda3/envs/toxin_hemo/lib/python3.10/site-packages/sklearn/base.py:439: UserWarning: X does not have valid feature names, but ExtraTreesClassifier was fitted with feature names
  warnings.warn(

This is the MERCI (Motif - EmeRging and with Classes - Identification) motif locator program.

   * Loading hierarchy NONE
   * Reading data
       input file Sequence_1 read -> 200 sequences found
   * Motif locations written to merci_p.txt

This is the MERCI (Motif - EmeRging and with Classes - Identification) motif locator program.

   * Loading hierarchy NONE
   * Reading data
       input file Sequence_1 read -> 200 sequences found
   * Motif locations written to merci_n.txt
/home/praghuram23/miniconda3/envs/toxin_hemo/lib/python3.10/site-packages/toxinpred3/python_scripts/toxinpred3.py:209: SettingWithCopyWarning: 
A value is trying to be set on a copy of a slice from a DataFrame

See the caveats in the documentation: https://pandas.pydata.org/pandas-docs/stable/user_guide/indexing.html#returning-a-view-versus-a-copy
  df2.replace(to_replace=r"\)", value='', regex=True, inplace=True)
/home/praghuram23/miniconda3/envs/toxin_hemo/lib/python3.10/site-packages/toxinpred3/python_scripts/toxinpred3.py:210: SettingWithCopyWarning: 
A value is trying to be set on a copy of a slice from a DataFrame

See the caveats in the documentation: https://pandas.pydata.org/pandas-docs/stable/user_guide/indexing.html#returning-a-view-versus-a-copy
  df2.replace(to_replace=r'motifs match', value='', regex=True, inplace=True)
/home/praghuram23/miniconda3/envs/toxin_hemo/lib/python3.10/site-packages/toxinpred3/python_scripts/toxinpred3.py:211: SettingWithCopyWarning: 
A value is trying to be set on a copy of a slice from a DataFrame

See the caveats in the documentation: https://pandas.pydata.org/pandas-docs/stable/user_guide/indexing.html#returning-a-view-versus-a-copy
  df2.replace(to_replace=r' $', value='', regex=True,inplace=True)
127.0.0.1 - - [26/Jul/2026 10:12:53] "POST /score HTTP/1.1" 200 -
/home/praghuram23/miniconda3/envs/toxin_hemo/lib/python3.10/site-packages/sklearn/base.py:439: UserWarning: X does not have valid feature names, but ExtraTreesClassifier was fitted with feature names
  warnings.warn(

This is the MERCI (Motif - EmeRging and with Classes - Identification) motif locator program.

   * Loading hierarchy NONE
   * Reading data
       input file Sequence_1 read -> 200 sequences found
   * Motif locations written to merci_p.txt

This is the MERCI (Motif - EmeRging and with Classes - Identification) motif locator program.

   * Loading hierarchy NONE
   * Reading data
       input file Sequence_1 read -> 200 sequences found
   * Motif locations written to merci_n.txt
/home/praghuram23/miniconda3/envs/toxin_hemo/lib/python3.10/site-packages/toxinpred3/python_scripts/toxinpred3.py:209: SettingWithCopyWarning: 
A value is trying to be set on a copy of a slice from a DataFrame

See the caveats in the documentation: https://pandas.pydata.org/pandas-docs/stable/user_guide/indexing.html#returning-a-view-versus-a-copy
  df2.replace(to_replace=r"\)", value='', regex=True, inplace=True)
/home/praghuram23/miniconda3/envs/toxin_hemo/lib/python3.10/site-packages/toxinpred3/python_scripts/toxinpred3.py:210: SettingWithCopyWarning: 
A value is trying to be set on a copy of a slice from a DataFrame

See the caveats in the documentation: https://pandas.pydata.org/pandas-docs/stable/user_guide/indexing.html#returning-a-view-versus-a-copy
  df2.replace(to_replace=r'motifs match', value='', regex=True, inplace=True)
/home/praghuram23/miniconda3/envs/toxin_hemo/lib/python3.10/site-packages/toxinpred3/python_scripts/toxinpred3.py:211: SettingWithCopyWarning: 
A value is trying to be set on a copy of a slice from a DataFrame

See the caveats in the documentation: https://pandas.pydata.org/pandas-docs/stable/user_guide/indexing.html#returning-a-view-versus-a-copy
  df2.replace(to_replace=r' $', value='', regex=True,inplace=True)
127.0.0.1 - - [26/Jul/2026 10:13:25] "POST /score HTTP/1.1" 200 -
/home/praghuram23/miniconda3/envs/toxin_hemo/lib/python3.10/site-packages/sklearn/base.py:439: UserWarning: X does not have valid feature names, but ExtraTreesClassifier was fitted with feature names
  warnings.warn(

This is the MERCI (Motif - EmeRging and with Classes - Identification) motif locator program.

   * Loading hierarchy NONE
   * Reading data
       input file Sequence_1 read -> 200 sequences found
   * Motif locations written to merci_p.txt

This is the MERCI (Motif - EmeRging and with Classes - Identification) motif locator program.

   * Loading hierarchy NONE
   * Reading data
       input file Sequence_1 read -> 200 sequences found
   * Motif locations written to merci_n.txt
/home/praghuram23/miniconda3/envs/toxin_hemo/lib/python3.10/site-packages/toxinpred3/python_scripts/toxinpred3.py:209: SettingWithCopyWarning: 
A value is trying to be set on a copy of a slice from a DataFrame

See the caveats in the documentation: https://pandas.pydata.org/pandas-docs/stable/user_guide/indexing.html#returning-a-view-versus-a-copy
  df2.replace(to_replace=r"\)", value='', regex=True, inplace=True)
/home/praghuram23/miniconda3/envs/toxin_hemo/lib/python3.10/site-packages/toxinpred3/python_scripts/toxinpred3.py:210: SettingWithCopyWarning: 
A value is trying to be set on a copy of a slice from a DataFrame

See the caveats in the documentation: https://pandas.pydata.org/pandas-docs/stable/user_guide/indexing.html#returning-a-view-versus-a-copy
  df2.replace(to_replace=r'motifs match', value='', regex=True, inplace=True)
/home/praghuram23/miniconda3/envs/toxin_hemo/lib/python3.10/site-packages/toxinpred3/python_scripts/toxinpred3.py:211: SettingWithCopyWarning: 
A value is trying to be set on a copy of a slice from a DataFrame

See the caveats in the documentation: https://pandas.pydata.org/pandas-docs/stable/user_guide/indexing.html#returning-a-view-versus-a-copy
  df2.replace(to_replace=r' $', value='', regex=True,inplace=True)
127.0.0.1 - - [26/Jul/2026 10:14:00] "POST /score HTTP/1.1" 200 -
/home/praghuram23/miniconda3/envs/toxin_hemo/lib/python3.10/site-packages/sklearn/base.py:439: UserWarning: X does not have valid feature names, but ExtraTreesClassifier was fitted with feature names
  warnings.warn(

This is the MERCI (Motif - EmeRging and with Classes - Identification) motif locator program.

   * Loading hierarchy NONE
   * Reading data
       input file Sequence_1 read -> 200 sequences found
   * Motif locations written to merci_p.txt

This is the MERCI (Motif - EmeRging and with Classes - Identification) motif locator program.

   * Loading hierarchy NONE
   * Reading data
       input file Sequence_1 read -> 200 sequences found
   * Motif locations written to merci_n.txt
/home/praghuram23/miniconda3/envs/toxin_hemo/lib/python3.10/site-packages/toxinpred3/python_scripts/toxinpred3.py:209: SettingWithCopyWarning: 
A value is trying to be set on a copy of a slice from a DataFrame

See the caveats in the documentation: https://pandas.pydata.org/pandas-docs/stable/user_guide/indexing.html#returning-a-view-versus-a-copy
  df2.replace(to_replace=r"\)", value='', regex=True, inplace=True)
/home/praghuram23/miniconda3/envs/toxin_hemo/lib/python3.10/site-packages/toxinpred3/python_scripts/toxinpred3.py:210: SettingWithCopyWarning: 
A value is trying to be set on a copy of a slice from a DataFrame

See the caveats in the documentation: https://pandas.pydata.org/pandas-docs/stable/user_guide/indexing.html#returning-a-view-versus-a-copy
  df2.replace(to_replace=r'motifs match', value='', regex=True, inplace=True)
/home/praghuram23/miniconda3/envs/toxin_hemo/lib/python3.10/site-packages/toxinpred3/python_scripts/toxinpred3.py:211: SettingWithCopyWarning: 
A value is trying to be set on a copy of a slice from a DataFrame

See the caveats in the documentation: https://pandas.pydata.org/pandas-docs/stable/user_guide/indexing.html#returning-a-view-versus-a-copy
  df2.replace(to_replace=r' $', value='', regex=True,inplace=True)
127.0.0.1 - - [26/Jul/2026 10:14:35] "POST /score HTTP/1.1" 200 -
/home/praghuram23/miniconda3/envs/toxin_hemo/lib/python3.10/site-packages/sklearn/base.py:439: UserWarning: X does not have valid feature names, but ExtraTreesClassifier was fitted with feature names
  warnings.warn(

This is the MERCI (Motif - EmeRging and with Classes - Identification) motif locator program.

   * Loading hierarchy NONE
   * Reading data
       input file Sequence_1 read -> 200 sequences found
   * Motif locations written to merci_p.txt

This is the MERCI (Motif - EmeRging and with Classes - Identification) motif locator program.

   * Loading hierarchy NONE
   * Reading data
       input file Sequence_1 read -> 200 sequences found
   * Motif locations written to merci_n.txt
/home/praghuram23/miniconda3/envs/toxin_hemo/lib/python3.10/site-packages/toxinpred3/python_scripts/toxinpred3.py:142: SettingWithCopyWarning: 
A value is trying to be set on a copy of a slice from a DataFrame

See the caveats in the documentation: https://pandas.pydata.org/pandas-docs/stable/user_guide/indexing.html#returning-a-view-versus-a-copy
  df2.replace(to_replace=r"\)", value='', regex=True, inplace=True)
/home/praghuram23/miniconda3/envs/toxin_hemo/lib/python3.10/site-packages/toxinpred3/python_scripts/toxinpred3.py:143: SettingWithCopyWarning: 
A value is trying to be set on a copy of a slice from a DataFrame

See the caveats in the documentation: https://pandas.pydata.org/pandas-docs/stable/user_guide/indexing.html#returning-a-view-versus-a-copy
  df2.replace(to_replace=r'motifs match', value='', regex=True, inplace=True)
/home/praghuram23/miniconda3/envs/toxin_hemo/lib/python3.10/site-packages/toxinpred3/python_scripts/toxinpred3.py:144: SettingWithCopyWarning: 
A value is trying to be set on a copy of a slice from a DataFrame

See the caveats in the documentation: https://pandas.pydata.org/pandas-docs/stable/user_guide/indexing.html#returning-a-view-versus-a-copy
  df2.replace(to_replace=r' $', value='', regex=True,inplace=True)
/home/praghuram23/miniconda3/envs/toxin_hemo/lib/python3.10/site-packages/toxinpred3/python_scripts/toxinpred3.py:209: SettingWithCopyWarning: 
A value is trying to be set on a copy of a slice from a DataFrame

See the caveats in the documentation: https://pandas.pydata.org/pandas-docs/stable/user_guide/indexing.html#returning-a-view-versus-a-copy
  df2.replace(to_replace=r"\)", value='', regex=True, inplace=True)
/home/praghuram23/miniconda3/envs/toxin_hemo/lib/python3.10/site-packages/toxinpred3/python_scripts/toxinpred3.py:210: SettingWithCopyWarning: 
A value is trying to be set on a copy of a slice from a DataFrame

See the caveats in the documentation: https://pandas.pydata.org/pandas-docs/stable/user_guide/indexing.html#returning-a-view-versus-a-copy
  df2.replace(to_replace=r'motifs match', value='', regex=True, inplace=True)
/home/praghuram23/miniconda3/envs/toxin_hemo/lib/python3.10/site-packages/toxinpred3/python_scripts/toxinpred3.py:211: SettingWithCopyWarning: 
A value is trying to be set on a copy of a slice from a DataFrame

See the caveats in the documentation: https://pandas.pydata.org/pandas-docs/stable/user_guide/indexing.html#returning-a-view-versus-a-copy
  df2.replace(to_replace=r' $', value='', regex=True,inplace=True)
127.0.0.1 - - [26/Jul/2026 10:15:11] "POST /score HTTP/1.1" 200 -
/home/praghuram23/miniconda3/envs/toxin_hemo/lib/python3.10/site-packages/sklearn/base.py:439: UserWarning: X does not have valid feature names, but ExtraTreesClassifier was fitted with feature names
  warnings.warn(

This is the MERCI (Motif - EmeRging and with Classes - Identification) motif locator program.

   * Loading hierarchy NONE
   * Reading data
       input file Sequence_1 read -> 200 sequences found
   * Motif locations written to merci_p.txt

This is the MERCI (Motif - EmeRging and with Classes - Identification) motif locator program.

   * Loading hierarchy NONE
   * Reading data
       input file Sequence_1 read -> 200 sequences found
   * Motif locations written to merci_n.txt
/home/praghuram23/miniconda3/envs/toxin_hemo/lib/python3.10/site-packages/toxinpred3/python_scripts/toxinpred3.py:209: SettingWithCopyWarning: 
A value is trying to be set on a copy of a slice from a DataFrame

See the caveats in the documentation: https://pandas.pydata.org/pandas-docs/stable/user_guide/indexing.html#returning-a-view-versus-a-copy
  df2.replace(to_replace=r"\)", value='', regex=True, inplace=True)
/home/praghuram23/miniconda3/envs/toxin_hemo/lib/python3.10/site-packages/toxinpred3/python_scripts/toxinpred3.py:210: SettingWithCopyWarning: 
A value is trying to be set on a copy of a slice from a DataFrame

See the caveats in the documentation: https://pandas.pydata.org/pandas-docs/stable/user_guide/indexing.html#returning-a-view-versus-a-copy
  df2.replace(to_replace=r'motifs match', value='', regex=True, inplace=True)
/home/praghuram23/miniconda3/envs/toxin_hemo/lib/python3.10/site-packages/toxinpred3/python_scripts/toxinpred3.py:211: SettingWithCopyWarning: 
A value is trying to be set on a copy of a slice from a DataFrame

See the caveats in the documentation: https://pandas.pydata.org/pandas-docs/stable/user_guide/indexing.html#returning-a-view-versus-a-copy
  df2.replace(to_replace=r' $', value='', regex=True,inplace=True)
127.0.0.1 - - [26/Jul/2026 10:15:46] "POST /score HTTP/1.1" 200 -
/home/praghuram23/miniconda3/envs/toxin_hemo/lib/python3.10/site-packages/sklearn/base.py:439: UserWarning: X does not have valid feature names, but ExtraTreesClassifier was fitted with feature names
  warnings.warn(

This is the MERCI (Motif - EmeRging and with Classes - Identification) motif locator program.

   * Loading hierarchy NONE
   * Reading data
       input file Sequence_1 read -> 200 sequences found
   * Motif locations written to merci_p.txt

This is the MERCI (Motif - EmeRging and with Classes - Identification) motif locator program.

   * Loading hierarchy NONE
   * Reading data
       input file Sequence_1 read -> 200 sequences found
   * Motif locations written to merci_n.txt
/home/praghuram23/miniconda3/envs/toxin_hemo/lib/python3.10/site-packages/toxinpred3/python_scripts/toxinpred3.py:209: SettingWithCopyWarning: 
A value is trying to be set on a copy of a slice from a DataFrame

See the caveats in the documentation: https://pandas.pydata.org/pandas-docs/stable/user_guide/indexing.html#returning-a-view-versus-a-copy
  df2.replace(to_replace=r"\)", value='', regex=True, inplace=True)
/home/praghuram23/miniconda3/envs/toxin_hemo/lib/python3.10/site-packages/toxinpred3/python_scripts/toxinpred3.py:210: SettingWithCopyWarning: 
A value is trying to be set on a copy of a slice from a DataFrame

See the caveats in the documentation: https://pandas.pydata.org/pandas-docs/stable/user_guide/indexing.html#returning-a-view-versus-a-copy
  df2.replace(to_replace=r'motifs match', value='', regex=True, inplace=True)
/home/praghuram23/miniconda3/envs/toxin_hemo/lib/python3.10/site-packages/toxinpred3/python_scripts/toxinpred3.py:211: SettingWithCopyWarning: 
A value is trying to be set on a copy of a slice from a DataFrame

See the caveats in the documentation: https://pandas.pydata.org/pandas-docs/stable/user_guide/indexing.html#returning-a-view-versus-a-copy
  df2.replace(to_replace=r' $', value='', regex=True,inplace=True)
127.0.0.1 - - [26/Jul/2026 10:16:22] "POST /score HTTP/1.1" 200 -
/home/praghuram23/miniconda3/envs/toxin_hemo/lib/python3.10/site-packages/sklearn/base.py:439: UserWarning: X does not have valid feature names, but ExtraTreesClassifier was fitted with feature names
  warnings.warn(

This is the MERCI (Motif - EmeRging and with Classes - Identification) motif locator program.

   * Loading hierarchy NONE
   * Reading data
       input file Sequence_1 read -> 200 sequences found
   * Motif locations written to merci_p.txt

This is the MERCI (Motif - EmeRging and with Classes - Identification) motif locator program.

   * Loading hierarchy NONE
   * Reading data
       input file Sequence_1 read -> 200 sequences found
   * Motif locations written to merci_n.txt
/home/praghuram23/miniconda3/envs/toxin_hemo/lib/python3.10/site-packages/toxinpred3/python_scripts/toxinpred3.py:209: SettingWithCopyWarning: 
A value is trying to be set on a copy of a slice from a DataFrame

See the caveats in the documentation: https://pandas.pydata.org/pandas-docs/stable/user_guide/indexing.html#returning-a-view-versus-a-copy
  df2.replace(to_replace=r"\)", value='', regex=True, inplace=True)
/home/praghuram23/miniconda3/envs/toxin_hemo/lib/python3.10/site-packages/toxinpred3/python_scripts/toxinpred3.py:210: SettingWithCopyWarning: 
A value is trying to be set on a copy of a slice from a DataFrame

See the caveats in the documentation: https://pandas.pydata.org/pandas-docs/stable/user_guide/indexing.html#returning-a-view-versus-a-copy
  df2.replace(to_replace=r'motifs match', value='', regex=True, inplace=True)
/home/praghuram23/miniconda3/envs/toxin_hemo/lib/python3.10/site-packages/toxinpred3/python_scripts/toxinpred3.py:211: SettingWithCopyWarning: 
A value is trying to be set on a copy of a slice from a DataFrame

See the caveats in the documentation: https://pandas.pydata.org/pandas-docs/stable/user_guide/indexing.html#returning-a-view-versus-a-copy
  df2.replace(to_replace=r' $', value='', regex=True,inplace=True)
127.0.0.1 - - [26/Jul/2026 10:16:58] "POST /score HTTP/1.1" 200 -
/home/praghuram23/miniconda3/envs/toxin_hemo/lib/python3.10/site-packages/sklearn/base.py:439: UserWarning: X does not have valid feature names, but ExtraTreesClassifier was fitted with feature names
  warnings.warn(

This is the MERCI (Motif - EmeRging and with Classes - Identification) motif locator program.

   * Loading hierarchy NONE
   * Reading data
       input file Sequence_1 read -> 200 sequences found
   * Motif locations written to merci_p.txt

This is the MERCI (Motif - EmeRging and with Classes - Identification) motif locator program.

   * Loading hierarchy NONE
   * Reading data
       input file Sequence_1 read -> 200 sequences found
   * Motif locations written to merci_n.txt
/home/praghuram23/miniconda3/envs/toxin_hemo/lib/python3.10/site-packages/toxinpred3/python_scripts/toxinpred3.py:209: SettingWithCopyWarning: 
A value is trying to be set on a copy of a slice from a DataFrame

See the caveats in the documentation: https://pandas.pydata.org/pandas-docs/stable/user_guide/indexing.html#returning-a-view-versus-a-copy
  df2.replace(to_replace=r"\)", value='', regex=True, inplace=True)
/home/praghuram23/miniconda3/envs/toxin_hemo/lib/python3.10/site-packages/toxinpred3/python_scripts/toxinpred3.py:210: SettingWithCopyWarning: 
A value is trying to be set on a copy of a slice from a DataFrame

See the caveats in the documentation: https://pandas.pydata.org/pandas-docs/stable/user_guide/indexing.html#returning-a-view-versus-a-copy
  df2.replace(to_replace=r'motifs match', value='', regex=True, inplace=True)
/home/praghuram23/miniconda3/envs/toxin_hemo/lib/python3.10/site-packages/toxinpred3/python_scripts/toxinpred3.py:211: SettingWithCopyWarning: 
A value is trying to be set on a copy of a slice from a DataFrame

See the caveats in the documentation: https://pandas.pydata.org/pandas-docs/stable/user_guide/indexing.html#returning-a-view-versus-a-copy
  df2.replace(to_replace=r' $', value='', regex=True,inplace=True)
127.0.0.1 - - [26/Jul/2026 10:17:34] "POST /score HTTP/1.1" 200 -
/home/praghuram23/miniconda3/envs/toxin_hemo/lib/python3.10/site-packages/sklearn/base.py:439: UserWarning: X does not have valid feature names, but ExtraTreesClassifier was fitted with feature names
  warnings.warn(

This is the MERCI (Motif - EmeRging and with Classes - Identification) motif locator program.

   * Loading hierarchy NONE
   * Reading data
       input file Sequence_1 read -> 200 sequences found
   * Motif locations written to merci_p.txt

This is the MERCI (Motif - EmeRging and with Classes - Identification) motif locator program.

   * Loading hierarchy NONE
   * Reading data
       input file Sequence_1 read -> 200 sequences found
   * Motif locations written to merci_n.txt
/home/praghuram23/miniconda3/envs/toxin_hemo/lib/python3.10/site-packages/toxinpred3/python_scripts/toxinpred3.py:209: SettingWithCopyWarning: 
A value is trying to be set on a copy of a slice from a DataFrame

See the caveats in the documentation: https://pandas.pydata.org/pandas-docs/stable/user_guide/indexing.html#returning-a-view-versus-a-copy
  df2.replace(to_replace=r"\)", value='', regex=True, inplace=True)
/home/praghuram23/miniconda3/envs/toxin_hemo/lib/python3.10/site-packages/toxinpred3/python_scripts/toxinpred3.py:210: SettingWithCopyWarning: 
A value is trying to be set on a copy of a slice from a DataFrame

See the caveats in the documentation: https://pandas.pydata.org/pandas-docs/stable/user_guide/indexing.html#returning-a-view-versus-a-copy
  df2.replace(to_replace=r'motifs match', value='', regex=True, inplace=True)
/home/praghuram23/miniconda3/envs/toxin_hemo/lib/python3.10/site-packages/toxinpred3/python_scripts/toxinpred3.py:211: SettingWithCopyWarning: 
A value is trying to be set on a copy of a slice from a DataFrame

See the caveats in the documentation: https://pandas.pydata.org/pandas-docs/stable/user_guide/indexing.html#returning-a-view-versus-a-copy
  df2.replace(to_replace=r' $', value='', regex=True,inplace=True)
127.0.0.1 - - [26/Jul/2026 10:18:08] "POST /score HTTP/1.1" 200 -
/home/praghuram23/miniconda3/envs/toxin_hemo/lib/python3.10/site-packages/sklearn/base.py:439: UserWarning: X does not have valid feature names, but ExtraTreesClassifier was fitted with feature names
  warnings.warn(

This is the MERCI (Motif - EmeRging and with Classes - Identification) motif locator program.

   * Loading hierarchy NONE
   * Reading data
       input file Sequence_1 read -> 200 sequences found
   * Motif locations written to merci_p.txt

This is the MERCI (Motif - EmeRging and with Classes - Identification) motif locator program.

   * Loading hierarchy NONE
   * Reading data
       input file Sequence_1 read -> 200 sequences found
   * Motif locations written to merci_n.txt
/home/praghuram23/miniconda3/envs/toxin_hemo/lib/python3.10/site-packages/toxinpred3/python_scripts/toxinpred3.py:209: SettingWithCopyWarning: 
A value is trying to be set on a copy of a slice from a DataFrame

See the caveats in the documentation: https://pandas.pydata.org/pandas-docs/stable/user_guide/indexing.html#returning-a-view-versus-a-copy
  df2.replace(to_replace=r"\)", value='', regex=True, inplace=True)
/home/praghuram23/miniconda3/envs/toxin_hemo/lib/python3.10/site-packages/toxinpred3/python_scripts/toxinpred3.py:210: SettingWithCopyWarning: 
A value is trying to be set on a copy of a slice from a DataFrame

See the caveats in the documentation: https://pandas.pydata.org/pandas-docs/stable/user_guide/indexing.html#returning-a-view-versus-a-copy
  df2.replace(to_replace=r'motifs match', value='', regex=True, inplace=True)
/home/praghuram23/miniconda3/envs/toxin_hemo/lib/python3.10/site-packages/toxinpred3/python_scripts/toxinpred3.py:211: SettingWithCopyWarning: 
A value is trying to be set on a copy of a slice from a DataFrame

See the caveats in the documentation: https://pandas.pydata.org/pandas-docs/stable/user_guide/indexing.html#returning-a-view-versus-a-copy
  df2.replace(to_replace=r' $', value='', regex=True,inplace=True)
127.0.0.1 - - [26/Jul/2026 10:18:16] "POST /score HTTP/1.1" 200 -
/home/praghuram23/miniconda3/envs/toxin_hemo/lib/python3.10/site-packages/sklearn/base.py:439: UserWarning: X does not have valid feature names, but ExtraTreesClassifier was fitted with feature names
  warnings.warn(

This is the MERCI (Motif - EmeRging and with Classes - Identification) motif locator program.

   * Loading hierarchy NONE
   * Reading data
       input file Sequence_1 read -> 200 sequences found
   * Motif locations written to merci_p.txt

This is the MERCI (Motif - EmeRging and with Classes - Identification) motif locator program.

   * Loading hierarchy NONE
   * Reading data
       input file Sequence_1 read -> 200 sequences found
   * Motif locations written to merci_n.txt
/home/praghuram23/miniconda3/envs/toxin_hemo/lib/python3.10/site-packages/toxinpred3/python_scripts/toxinpred3.py:209: SettingWithCopyWarning: 
A value is trying to be set on a copy of a slice from a DataFrame

See the caveats in the documentation: https://pandas.pydata.org/pandas-docs/stable/user_guide/indexing.html#returning-a-view-versus-a-copy
  df2.replace(to_replace=r"\)", value='', regex=True, inplace=True)
/home/praghuram23/miniconda3/envs/toxin_hemo/lib/python3.10/site-packages/toxinpred3/python_scripts/toxinpred3.py:210: SettingWithCopyWarning: 
A value is trying to be set on a copy of a slice from a DataFrame

See the caveats in the documentation: https://pandas.pydata.org/pandas-docs/stable/user_guide/indexing.html#returning-a-view-versus-a-copy
  df2.replace(to_replace=r'motifs match', value='', regex=True, inplace=True)
/home/praghuram23/miniconda3/envs/toxin_hemo/lib/python3.10/site-packages/toxinpred3/python_scripts/toxinpred3.py:211: SettingWithCopyWarning: 
A value is trying to be set on a copy of a slice from a DataFrame

See the caveats in the documentation: https://pandas.pydata.org/pandas-docs/stable/user_guide/indexing.html#returning-a-view-versus-a-copy
  df2.replace(to_replace=r' $', value='', regex=True,inplace=True)
127.0.0.1 - - [26/Jul/2026 10:18:25] "POST /score HTTP/1.1" 200 -
/home/praghuram23/miniconda3/envs/toxin_hemo/lib/python3.10/site-packages/sklearn/base.py:439: UserWarning: X does not have valid feature names, but ExtraTreesClassifier was fitted with feature names
  warnings.warn(

This is the MERCI (Motif - EmeRging and with Classes - Identification) motif locator program.

   * Loading hierarchy NONE
   * Reading data
       input file Sequence_1 read -> 200 sequences found
   * Motif locations written to merci_p.txt

This is the MERCI (Motif - EmeRging and with Classes - Identification) motif locator program.

   * Loading hierarchy NONE
   * Reading data
       input file Sequence_1 read -> 200 sequences found
   * Motif locations written to merci_n.txt
/home/praghuram23/miniconda3/envs/toxin_hemo/lib/python3.10/site-packages/toxinpred3/python_scripts/toxinpred3.py:209: SettingWithCopyWarning: 
A value is trying to be set on a copy of a slice from a DataFrame

See the caveats in the documentation: https://pandas.pydata.org/pandas-docs/stable/user_guide/indexing.html#returning-a-view-versus-a-copy
  df2.replace(to_replace=r"\)", value='', regex=True, inplace=True)
/home/praghuram23/miniconda3/envs/toxin_hemo/lib/python3.10/site-packages/toxinpred3/python_scripts/toxinpred3.py:210: SettingWithCopyWarning: 
A value is trying to be set on a copy of a slice from a DataFrame

See the caveats in the documentation: https://pandas.pydata.org/pandas-docs/stable/user_guide/indexing.html#returning-a-view-versus-a-copy
  df2.replace(to_replace=r'motifs match', value='', regex=True, inplace=True)
/home/praghuram23/miniconda3/envs/toxin_hemo/lib/python3.10/site-packages/toxinpred3/python_scripts/toxinpred3.py:211: SettingWithCopyWarning: 
A value is trying to be set on a copy of a slice from a DataFrame

See the caveats in the documentation: https://pandas.pydata.org/pandas-docs/stable/user_guide/indexing.html#returning-a-view-versus-a-copy
  df2.replace(to_replace=r' $', value='', regex=True,inplace=True)
127.0.0.1 - - [26/Jul/2026 10:18:33] "POST /score HTTP/1.1" 200 -
/home/praghuram23/miniconda3/envs/toxin_hemo/lib/python3.10/site-packages/sklearn/base.py:439: UserWarning: X does not have valid feature names, but ExtraTreesClassifier was fitted with feature names
  warnings.warn(

This is the MERCI (Motif - EmeRging and with Classes - Identification) motif locator program.

   * Loading hierarchy NONE
   * Reading data
       input file Sequence_1 read -> 200 sequences found
   * Motif locations written to merci_p.txt

This is the MERCI (Motif - EmeRging and with Classes - Identification) motif locator program.

   * Loading hierarchy NONE
   * Reading data
       input file Sequence_1 read -> 200 sequences found
   * Motif locations written to merci_n.txt
/home/praghuram23/miniconda3/envs/toxin_hemo/lib/python3.10/site-packages/toxinpred3/python_scripts/toxinpred3.py:209: SettingWithCopyWarning: 
A value is trying to be set on a copy of a slice from a DataFrame

See the caveats in the documentation: https://pandas.pydata.org/pandas-docs/stable/user_guide/indexing.html#returning-a-view-versus-a-copy
  df2.replace(to_replace=r"\)", value='', regex=True, inplace=True)
/home/praghuram23/miniconda3/envs/toxin_hemo/lib/python3.10/site-packages/toxinpred3/python_scripts/toxinpred3.py:210: SettingWithCopyWarning: 
A value is trying to be set on a copy of a slice from a DataFrame

See the caveats in the documentation: https://pandas.pydata.org/pandas-docs/stable/user_guide/indexing.html#returning-a-view-versus-a-copy
  df2.replace(to_replace=r'motifs match', value='', regex=True, inplace=True)
/home/praghuram23/miniconda3/envs/toxin_hemo/lib/python3.10/site-packages/toxinpred3/python_scripts/toxinpred3.py:211: SettingWithCopyWarning: 
A value is trying to be set on a copy of a slice from a DataFrame

See the caveats in the documentation: https://pandas.pydata.org/pandas-docs/stable/user_guide/indexing.html#returning-a-view-versus-a-copy
  df2.replace(to_replace=r' $', value='', regex=True,inplace=True)
127.0.0.1 - - [26/Jul/2026 10:18:42] "POST /score HTTP/1.1" 200 -
/home/praghuram23/miniconda3/envs/toxin_hemo/lib/python3.10/site-packages/sklearn/base.py:439: UserWarning: X does not have valid feature names, but ExtraTreesClassifier was fitted with feature names
  warnings.warn(

This is the MERCI (Motif - EmeRging and with Classes - Identification) motif locator program.

   * Loading hierarchy NONE
   * Reading data
       input file Sequence_1 read -> 200 sequences found
   * Motif locations written to merci_p.txt

This is the MERCI (Motif - EmeRging and with Classes - Identification) motif locator program.

   * Loading hierarchy NONE
   * Reading data
       input file Sequence_1 read -> 200 sequences found
   * Motif locations written to merci_n.txt
/home/praghuram23/miniconda3/envs/toxin_hemo/lib/python3.10/site-packages/toxinpred3/python_scripts/toxinpred3.py:209: SettingWithCopyWarning: 
A value is trying to be set on a copy of a slice from a DataFrame

See the caveats in the documentation: https://pandas.pydata.org/pandas-docs/stable/user_guide/indexing.html#returning-a-view-versus-a-copy
  df2.replace(to_replace=r"\)", value='', regex=True, inplace=True)
/home/praghuram23/miniconda3/envs/toxin_hemo/lib/python3.10/site-packages/toxinpred3/python_scripts/toxinpred3.py:210: SettingWithCopyWarning: 
A value is trying to be set on a copy of a slice from a DataFrame

See the caveats in the documentation: https://pandas.pydata.org/pandas-docs/stable/user_guide/indexing.html#returning-a-view-versus-a-copy
  df2.replace(to_replace=r'motifs match', value='', regex=True, inplace=True)
/home/praghuram23/miniconda3/envs/toxin_hemo/lib/python3.10/site-packages/toxinpred3/python_scripts/toxinpred3.py:211: SettingWithCopyWarning: 
A value is trying to be set on a copy of a slice from a DataFrame

See the caveats in the documentation: https://pandas.pydata.org/pandas-docs/stable/user_guide/indexing.html#returning-a-view-versus-a-copy
  df2.replace(to_replace=r' $', value='', regex=True,inplace=True)
127.0.0.1 - - [26/Jul/2026 10:18:50] "POST /score HTTP/1.1" 200 -
/home/praghuram23/miniconda3/envs/toxin_hemo/lib/python3.10/site-packages/sklearn/base.py:439: UserWarning: X does not have valid feature names, but ExtraTreesClassifier was fitted with feature names
  warnings.warn(

This is the MERCI (Motif - EmeRging and with Classes - Identification) motif locator program.

   * Loading hierarchy NONE
   * Reading data
       input file Sequence_1 read -> 200 sequences found
   * Motif locations written to merci_p.txt

This is the MERCI (Motif - EmeRging and with Classes - Identification) motif locator program.

   * Loading hierarchy NONE
   * Reading data
       input file Sequence_1 read -> 200 sequences found
   * Motif locations written to merci_n.txt
/home/praghuram23/miniconda3/envs/toxin_hemo/lib/python3.10/site-packages/toxinpred3/python_scripts/toxinpred3.py:209: SettingWithCopyWarning: 
A value is trying to be set on a copy of a slice from a DataFrame

See the caveats in the documentation: https://pandas.pydata.org/pandas-docs/stable/user_guide/indexing.html#returning-a-view-versus-a-copy
  df2.replace(to_replace=r"\)", value='', regex=True, inplace=True)
/home/praghuram23/miniconda3/envs/toxin_hemo/lib/python3.10/site-packages/toxinpred3/python_scripts/toxinpred3.py:210: SettingWithCopyWarning: 
A value is trying to be set on a copy of a slice from a DataFrame

See the caveats in the documentation: https://pandas.pydata.org/pandas-docs/stable/user_guide/indexing.html#returning-a-view-versus-a-copy
  df2.replace(to_replace=r'motifs match', value='', regex=True, inplace=True)
/home/praghuram23/miniconda3/envs/toxin_hemo/lib/python3.10/site-packages/toxinpred3/python_scripts/toxinpred3.py:211: SettingWithCopyWarning: 
A value is trying to be set on a copy of a slice from a DataFrame

See the caveats in the documentation: https://pandas.pydata.org/pandas-docs/stable/user_guide/indexing.html#returning-a-view-versus-a-copy
  df2.replace(to_replace=r' $', value='', regex=True,inplace=True)
127.0.0.1 - - [26/Jul/2026 10:18:59] "POST /score HTTP/1.1" 200 -
/home/praghuram23/miniconda3/envs/toxin_hemo/lib/python3.10/site-packages/sklearn/base.py:439: UserWarning: X does not have valid feature names, but ExtraTreesClassifier was fitted with feature names
  warnings.warn(

This is the MERCI (Motif - EmeRging and with Classes - Identification) motif locator program.

   * Loading hierarchy NONE
   * Reading data
       input file Sequence_1 read -> 200 sequences found
   * Motif locations written to merci_p.txt

This is the MERCI (Motif - EmeRging and with Classes - Identification) motif locator program.

   * Loading hierarchy NONE
   * Reading data
       input file Sequence_1 read -> 200 sequences found
   * Motif locations written to merci_n.txt
/home/praghuram23/miniconda3/envs/toxin_hemo/lib/python3.10/site-packages/toxinpred3/python_scripts/toxinpred3.py:209: SettingWithCopyWarning: 
A value is trying to be set on a copy of a slice from a DataFrame

See the caveats in the documentation: https://pandas.pydata.org/pandas-docs/stable/user_guide/indexing.html#returning-a-view-versus-a-copy
  df2.replace(to_replace=r"\)", value='', regex=True, inplace=True)
/home/praghuram23/miniconda3/envs/toxin_hemo/lib/python3.10/site-packages/toxinpred3/python_scripts/toxinpred3.py:210: SettingWithCopyWarning: 
A value is trying to be set on a copy of a slice from a DataFrame

See the caveats in the documentation: https://pandas.pydata.org/pandas-docs/stable/user_guide/indexing.html#returning-a-view-versus-a-copy
  df2.replace(to_replace=r'motifs match', value='', regex=True, inplace=True)
/home/praghuram23/miniconda3/envs/toxin_hemo/lib/python3.10/site-packages/toxinpred3/python_scripts/toxinpred3.py:211: SettingWithCopyWarning: 
A value is trying to be set on a copy of a slice from a DataFrame

See the caveats in the documentation: https://pandas.pydata.org/pandas-docs/stable/user_guide/indexing.html#returning-a-view-versus-a-copy
  df2.replace(to_replace=r' $', value='', regex=True,inplace=True)
127.0.0.1 - - [26/Jul/2026 10:19:07] "POST /score HTTP/1.1" 200 -
/home/praghuram23/miniconda3/envs/toxin_hemo/lib/python3.10/site-packages/sklearn/base.py:439: UserWarning: X does not have valid feature names, but ExtraTreesClassifier was fitted with feature names
  warnings.warn(

This is the MERCI (Motif - EmeRging and with Classes - Identification) motif locator program.

   * Loading hierarchy NONE
   * Reading data
       input file Sequence_1 read -> 200 sequences found
   * Motif locations written to merci_p.txt

This is the MERCI (Motif - EmeRging and with Classes - Identification) motif locator program.

   * Loading hierarchy NONE
   * Reading data
       input file Sequence_1 read -> 200 sequences found
   * Motif locations written to merci_n.txt
/home/praghuram23/miniconda3/envs/toxin_hemo/lib/python3.10/site-packages/toxinpred3/python_scripts/toxinpred3.py:209: SettingWithCopyWarning: 
A value is trying to be set on a copy of a slice from a DataFrame

See the caveats in the documentation: https://pandas.pydata.org/pandas-docs/stable/user_guide/indexing.html#returning-a-view-versus-a-copy
  df2.replace(to_replace=r"\)", value='', regex=True, inplace=True)
/home/praghuram23/miniconda3/envs/toxin_hemo/lib/python3.10/site-packages/toxinpred3/python_scripts/toxinpred3.py:210: SettingWithCopyWarning: 
A value is trying to be set on a copy of a slice from a DataFrame

See the caveats in the documentation: https://pandas.pydata.org/pandas-docs/stable/user_guide/indexing.html#returning-a-view-versus-a-copy
  df2.replace(to_replace=r'motifs match', value='', regex=True, inplace=True)
/home/praghuram23/miniconda3/envs/toxin_hemo/lib/python3.10/site-packages/toxinpred3/python_scripts/toxinpred3.py:211: SettingWithCopyWarning: 
A value is trying to be set on a copy of a slice from a DataFrame

See the caveats in the documentation: https://pandas.pydata.org/pandas-docs/stable/user_guide/indexing.html#returning-a-view-versus-a-copy
  df2.replace(to_replace=r' $', value='', regex=True,inplace=True)
127.0.0.1 - - [26/Jul/2026 10:19:16] "POST /score HTTP/1.1" 200 -
/home/praghuram23/miniconda3/envs/toxin_hemo/lib/python3.10/site-packages/sklearn/base.py:439: UserWarning: X does not have valid feature names, but ExtraTreesClassifier was fitted with feature names
  warnings.warn(

This is the MERCI (Motif - EmeRging and with Classes - Identification) motif locator program.

   * Loading hierarchy NONE
   * Reading data
       input file Sequence_1 read -> 200 sequences found
   * Motif locations written to merci_p.txt

This is the MERCI (Motif - EmeRging and with Classes - Identification) motif locator program.

   * Loading hierarchy NONE
   * Reading data
       input file Sequence_1 read -> 200 sequences found
   * Motif locations written to merci_n.txt
/home/praghuram23/miniconda3/envs/toxin_hemo/lib/python3.10/site-packages/toxinpred3/python_scripts/toxinpred3.py:209: SettingWithCopyWarning: 
A value is trying to be set on a copy of a slice from a DataFrame

See the caveats in the documentation: https://pandas.pydata.org/pandas-docs/stable/user_guide/indexing.html#returning-a-view-versus-a-copy
  df2.replace(to_replace=r"\)", value='', regex=True, inplace=True)
/home/praghuram23/miniconda3/envs/toxin_hemo/lib/python3.10/site-packages/toxinpred3/python_scripts/toxinpred3.py:210: SettingWithCopyWarning: 
A value is trying to be set on a copy of a slice from a DataFrame

See the caveats in the documentation: https://pandas.pydata.org/pandas-docs/stable/user_guide/indexing.html#returning-a-view-versus-a-copy
  df2.replace(to_replace=r'motifs match', value='', regex=True, inplace=True)
/home/praghuram23/miniconda3/envs/toxin_hemo/lib/python3.10/site-packages/toxinpred3/python_scripts/toxinpred3.py:211: SettingWithCopyWarning: 
A value is trying to be set on a copy of a slice from a DataFrame

See the caveats in the documentation: https://pandas.pydata.org/pandas-docs/stable/user_guide/indexing.html#returning-a-view-versus-a-copy
  df2.replace(to_replace=r' $', value='', regex=True,inplace=True)
127.0.0.1 - - [26/Jul/2026 10:19:24] "POST /score HTTP/1.1" 200 -
/home/praghuram23/miniconda3/envs/toxin_hemo/lib/python3.10/site-packages/sklearn/base.py:439: UserWarning: X does not have valid feature names, but ExtraTreesClassifier was fitted with feature names
  warnings.warn(

This is the MERCI (Motif - EmeRging and with Classes - Identification) motif locator program.

   * Loading hierarchy NONE
   * Reading data
       input file Sequence_1 read -> 200 sequences found
   * Motif locations written to merci_p.txt

This is the MERCI (Motif - EmeRging and with Classes - Identification) motif locator program.

   * Loading hierarchy NONE
   * Reading data
       input file Sequence_1 read -> 200 sequences found
   * Motif locations written to merci_n.txt
/home/praghuram23/miniconda3/envs/toxin_hemo/lib/python3.10/site-packages/toxinpred3/python_scripts/toxinpred3.py:209: SettingWithCopyWarning: 
A value is trying to be set on a copy of a slice from a DataFrame

See the caveats in the documentation: https://pandas.pydata.org/pandas-docs/stable/user_guide/indexing.html#returning-a-view-versus-a-copy
  df2.replace(to_replace=r"\)", value='', regex=True, inplace=True)
/home/praghuram23/miniconda3/envs/toxin_hemo/lib/python3.10/site-packages/toxinpred3/python_scripts/toxinpred3.py:210: SettingWithCopyWarning: 
A value is trying to be set on a copy of a slice from a DataFrame

See the caveats in the documentation: https://pandas.pydata.org/pandas-docs/stable/user_guide/indexing.html#returning-a-view-versus-a-copy
  df2.replace(to_replace=r'motifs match', value='', regex=True, inplace=True)
/home/praghuram23/miniconda3/envs/toxin_hemo/lib/python3.10/site-packages/toxinpred3/python_scripts/toxinpred3.py:211: SettingWithCopyWarning: 
A value is trying to be set on a copy of a slice from a DataFrame

See the caveats in the documentation: https://pandas.pydata.org/pandas-docs/stable/user_guide/indexing.html#returning-a-view-versus-a-copy
  df2.replace(to_replace=r' $', value='', regex=True,inplace=True)
127.0.0.1 - - [26/Jul/2026 10:19:33] "POST /score HTTP/1.1" 200 -
/home/praghuram23/miniconda3/envs/toxin_hemo/lib/python3.10/site-packages/sklearn/base.py:439: UserWarning: X does not have valid feature names, but ExtraTreesClassifier was fitted with feature names
  warnings.warn(

This is the MERCI (Motif - EmeRging and with Classes - Identification) motif locator program.

   * Loading hierarchy NONE
   * Reading data
       input file Sequence_1 read -> 200 sequences found
   * Motif locations written to merci_p.txt

This is the MERCI (Motif - EmeRging and with Classes - Identification) motif locator program.

   * Loading hierarchy NONE
   * Reading data
       input file Sequence_1 read -> 200 sequences found
   * Motif locations written to merci_n.txt
/home/praghuram23/miniconda3/envs/toxin_hemo/lib/python3.10/site-packages/toxinpred3/python_scripts/toxinpred3.py:209: SettingWithCopyWarning: 
A value is trying to be set on a copy of a slice from a DataFrame

See the caveats in the documentation: https://pandas.pydata.org/pandas-docs/stable/user_guide/indexing.html#returning-a-view-versus-a-copy
  df2.replace(to_replace=r"\)", value='', regex=True, inplace=True)
/home/praghuram23/miniconda3/envs/toxin_hemo/lib/python3.10/site-packages/toxinpred3/python_scripts/toxinpred3.py:210: SettingWithCopyWarning: 
A value is trying to be set on a copy of a slice from a DataFrame

See the caveats in the documentation: https://pandas.pydata.org/pandas-docs/stable/user_guide/indexing.html#returning-a-view-versus-a-copy
  df2.replace(to_replace=r'motifs match', value='', regex=True, inplace=True)
/home/praghuram23/miniconda3/envs/toxin_hemo/lib/python3.10/site-packages/toxinpred3/python_scripts/toxinpred3.py:211: SettingWithCopyWarning: 
A value is trying to be set on a copy of a slice from a DataFrame

See the caveats in the documentation: https://pandas.pydata.org/pandas-docs/stable/user_guide/indexing.html#returning-a-view-versus-a-copy
  df2.replace(to_replace=r' $', value='', regex=True,inplace=True)
127.0.0.1 - - [26/Jul/2026 10:19:41] "POST /score HTTP/1.1" 200 -
/home/praghuram23/miniconda3/envs/toxin_hemo/lib/python3.10/site-packages/sklearn/base.py:439: UserWarning: X does not have valid feature names, but ExtraTreesClassifier was fitted with feature names
  warnings.warn(

This is the MERCI (Motif - EmeRging and with Classes - Identification) motif locator program.

   * Loading hierarchy NONE
   * Reading data
       input file Sequence_1 read -> 200 sequences found
   * Motif locations written to merci_p.txt

This is the MERCI (Motif - EmeRging and with Classes - Identification) motif locator program.

   * Loading hierarchy NONE
   * Reading data
       input file Sequence_1 read -> 200 sequences found
   * Motif locations written to merci_n.txt
/home/praghuram23/miniconda3/envs/toxin_hemo/lib/python3.10/site-packages/toxinpred3/python_scripts/toxinpred3.py:209: SettingWithCopyWarning: 
A value is trying to be set on a copy of a slice from a DataFrame

See the caveats in the documentation: https://pandas.pydata.org/pandas-docs/stable/user_guide/indexing.html#returning-a-view-versus-a-copy
  df2.replace(to_replace=r"\)", value='', regex=True, inplace=True)
/home/praghuram23/miniconda3/envs/toxin_hemo/lib/python3.10/site-packages/toxinpred3/python_scripts/toxinpred3.py:210: SettingWithCopyWarning: 
A value is trying to be set on a copy of a slice from a DataFrame

See the caveats in the documentation: https://pandas.pydata.org/pandas-docs/stable/user_guide/indexing.html#returning-a-view-versus-a-copy
  df2.replace(to_replace=r'motifs match', value='', regex=True, inplace=True)
/home/praghuram23/miniconda3/envs/toxin_hemo/lib/python3.10/site-packages/toxinpred3/python_scripts/toxinpred3.py:211: SettingWithCopyWarning: 
A value is trying to be set on a copy of a slice from a DataFrame

See the caveats in the documentation: https://pandas.pydata.org/pandas-docs/stable/user_guide/indexing.html#returning-a-view-versus-a-copy
  df2.replace(to_replace=r' $', value='', regex=True,inplace=True)
127.0.0.1 - - [26/Jul/2026 10:19:50] "POST /score HTTP/1.1" 200 -
/home/praghuram23/miniconda3/envs/toxin_hemo/lib/python3.10/site-packages/sklearn/base.py:439: UserWarning: X does not have valid feature names, but ExtraTreesClassifier was fitted with feature names
  warnings.warn(

This is the MERCI (Motif - EmeRging and with Classes - Identification) motif locator program.

   * Loading hierarchy NONE
   * Reading data
       input file Sequence_1 read -> 200 sequences found
   * Motif locations written to merci_p.txt

This is the MERCI (Motif - EmeRging and with Classes - Identification) motif locator program.

   * Loading hierarchy NONE
   * Reading data
       input file Sequence_1 read -> 200 sequences found
   * Motif locations written to merci_n.txt
/home/praghuram23/miniconda3/envs/toxin_hemo/lib/python3.10/site-packages/toxinpred3/python_scripts/toxinpred3.py:209: SettingWithCopyWarning: 
A value is trying to be set on a copy of a slice from a DataFrame

See the caveats in the documentation: https://pandas.pydata.org/pandas-docs/stable/user_guide/indexing.html#returning-a-view-versus-a-copy
  df2.replace(to_replace=r"\)", value='', regex=True, inplace=True)
/home/praghuram23/miniconda3/envs/toxin_hemo/lib/python3.10/site-packages/toxinpred3/python_scripts/toxinpred3.py:210: SettingWithCopyWarning: 
A value is trying to be set on a copy of a slice from a DataFrame

See the caveats in the documentation: https://pandas.pydata.org/pandas-docs/stable/user_guide/indexing.html#returning-a-view-versus-a-copy
  df2.replace(to_replace=r'motifs match', value='', regex=True, inplace=True)
/home/praghuram23/miniconda3/envs/toxin_hemo/lib/python3.10/site-packages/toxinpred3/python_scripts/toxinpred3.py:211: SettingWithCopyWarning: 
A value is trying to be set on a copy of a slice from a DataFrame

See the caveats in the documentation: https://pandas.pydata.org/pandas-docs/stable/user_guide/indexing.html#returning-a-view-versus-a-copy
  df2.replace(to_replace=r' $', value='', regex=True,inplace=True)
127.0.0.1 - - [26/Jul/2026 10:19:59] "POST /score HTTP/1.1" 200 -
/home/praghuram23/miniconda3/envs/toxin_hemo/lib/python3.10/site-packages/sklearn/base.py:439: UserWarning: X does not have valid feature names, but ExtraTreesClassifier was fitted with feature names
  warnings.warn(

This is the MERCI (Motif - EmeRging and with Classes - Identification) motif locator program.

   * Loading hierarchy NONE
   * Reading data
       input file Sequence_1 read -> 200 sequences found
   * Motif locations written to merci_p.txt

This is the MERCI (Motif - EmeRging and with Classes - Identification) motif locator program.

   * Loading hierarchy NONE
   * Reading data
       input file Sequence_1 read -> 200 sequences found
   * Motif locations written to merci_n.txt
/home/praghuram23/miniconda3/envs/toxin_hemo/lib/python3.10/site-packages/toxinpred3/python_scripts/toxinpred3.py:142: SettingWithCopyWarning: 
A value is trying to be set on a copy of a slice from a DataFrame

See the caveats in the documentation: https://pandas.pydata.org/pandas-docs/stable/user_guide/indexing.html#returning-a-view-versus-a-copy
  df2.replace(to_replace=r"\)", value='', regex=True, inplace=True)
/home/praghuram23/miniconda3/envs/toxin_hemo/lib/python3.10/site-packages/toxinpred3/python_scripts/toxinpred3.py:143: SettingWithCopyWarning: 
A value is trying to be set on a copy of a slice from a DataFrame

See the caveats in the documentation: https://pandas.pydata.org/pandas-docs/stable/user_guide/indexing.html#returning-a-view-versus-a-copy
  df2.replace(to_replace=r'motifs match', value='', regex=True, inplace=True)
/home/praghuram23/miniconda3/envs/toxin_hemo/lib/python3.10/site-packages/toxinpred3/python_scripts/toxinpred3.py:144: SettingWithCopyWarning: 
A value is trying to be set on a copy of a slice from a DataFrame

See the caveats in the documentation: https://pandas.pydata.org/pandas-docs/stable/user_guide/indexing.html#returning-a-view-versus-a-copy
  df2.replace(to_replace=r' $', value='', regex=True,inplace=True)
/home/praghuram23/miniconda3/envs/toxin_hemo/lib/python3.10/site-packages/toxinpred3/python_scripts/toxinpred3.py:209: SettingWithCopyWarning: 
A value is trying to be set on a copy of a slice from a DataFrame

See the caveats in the documentation: https://pandas.pydata.org/pandas-docs/stable/user_guide/indexing.html#returning-a-view-versus-a-copy
  df2.replace(to_replace=r"\)", value='', regex=True, inplace=True)
/home/praghuram23/miniconda3/envs/toxin_hemo/lib/python3.10/site-packages/toxinpred3/python_scripts/toxinpred3.py:210: SettingWithCopyWarning: 
A value is trying to be set on a copy of a slice from a DataFrame

See the caveats in the documentation: https://pandas.pydata.org/pandas-docs/stable/user_guide/indexing.html#returning-a-view-versus-a-copy
  df2.replace(to_replace=r'motifs match', value='', regex=True, inplace=True)
/home/praghuram23/miniconda3/envs/toxin_hemo/lib/python3.10/site-packages/toxinpred3/python_scripts/toxinpred3.py:211: SettingWithCopyWarning: 
A value is trying to be set on a copy of a slice from a DataFrame

See the caveats in the documentation: https://pandas.pydata.org/pandas-docs/stable/user_guide/indexing.html#returning-a-view-versus-a-copy
  df2.replace(to_replace=r' $', value='', regex=True,inplace=True)
127.0.0.1 - - [26/Jul/2026 10:20:08] "POST /score HTTP/1.1" 200 -
/home/praghuram23/miniconda3/envs/toxin_hemo/lib/python3.10/site-packages/sklearn/base.py:439: UserWarning: X does not have valid feature names, but ExtraTreesClassifier was fitted with feature names
  warnings.warn(

This is the MERCI (Motif - EmeRging and with Classes - Identification) motif locator program.

   * Loading hierarchy NONE
   * Reading data
       input file Sequence_1 read -> 200 sequences found
   * Motif locations written to merci_p.txt

This is the MERCI (Motif - EmeRging and with Classes - Identification) motif locator program.

   * Loading hierarchy NONE
   * Reading data
       input file Sequence_1 read -> 200 sequences found
   * Motif locations written to merci_n.txt
/home/praghuram23/miniconda3/envs/toxin_hemo/lib/python3.10/site-packages/toxinpred3/python_scripts/toxinpred3.py:209: SettingWithCopyWarning: 
A value is trying to be set on a copy of a slice from a DataFrame

See the caveats in the documentation: https://pandas.pydata.org/pandas-docs/stable/user_guide/indexing.html#returning-a-view-versus-a-copy
  df2.replace(to_replace=r"\)", value='', regex=True, inplace=True)
/home/praghuram23/miniconda3/envs/toxin_hemo/lib/python3.10/site-packages/toxinpred3/python_scripts/toxinpred3.py:210: SettingWithCopyWarning: 
A value is trying to be set on a copy of a slice from a DataFrame

See the caveats in the documentation: https://pandas.pydata.org/pandas-docs/stable/user_guide/indexing.html#returning-a-view-versus-a-copy
  df2.replace(to_replace=r'motifs match', value='', regex=True, inplace=True)
/home/praghuram23/miniconda3/envs/toxin_hemo/lib/python3.10/site-packages/toxinpred3/python_scripts/toxinpred3.py:211: SettingWithCopyWarning: 
A value is trying to be set on a copy of a slice from a DataFrame

See the caveats in the documentation: https://pandas.pydata.org/pandas-docs/stable/user_guide/indexing.html#returning-a-view-versus-a-copy
  df2.replace(to_replace=r' $', value='', regex=True,inplace=True)
127.0.0.1 - - [26/Jul/2026 10:20:17] "POST /score HTTP/1.1" 200 -
/home/praghuram23/miniconda3/envs/toxin_hemo/lib/python3.10/site-packages/sklearn/base.py:439: UserWarning: X does not have valid feature names, but ExtraTreesClassifier was fitted with feature names
  warnings.warn(

This is the MERCI (Motif - EmeRging and with Classes - Identification) motif locator program.

   * Loading hierarchy NONE
   * Reading data
       input file Sequence_1 read -> 200 sequences found
   * Motif locations written to merci_p.txt

This is the MERCI (Motif - EmeRging and with Classes - Identification) motif locator program.

   * Loading hierarchy NONE
   * Reading data
       input file Sequence_1 read -> 200 sequences found
   * Motif locations written to merci_n.txt
/home/praghuram23/miniconda3/envs/toxin_hemo/lib/python3.10/site-packages/toxinpred3/python_scripts/toxinpred3.py:209: SettingWithCopyWarning: 
A value is trying to be set on a copy of a slice from a DataFrame

See the caveats in the documentation: https://pandas.pydata.org/pandas-docs/stable/user_guide/indexing.html#returning-a-view-versus-a-copy
  df2.replace(to_replace=r"\)", value='', regex=True, inplace=True)
/home/praghuram23/miniconda3/envs/toxin_hemo/lib/python3.10/site-packages/toxinpred3/python_scripts/toxinpred3.py:210: SettingWithCopyWarning: 
A value is trying to be set on a copy of a slice from a DataFrame

See the caveats in the documentation: https://pandas.pydata.org/pandas-docs/stable/user_guide/indexing.html#returning-a-view-versus-a-copy
  df2.replace(to_replace=r'motifs match', value='', regex=True, inplace=True)
/home/praghuram23/miniconda3/envs/toxin_hemo/lib/python3.10/site-packages/toxinpred3/python_scripts/toxinpred3.py:211: SettingWithCopyWarning: 
A value is trying to be set on a copy of a slice from a DataFrame

See the caveats in the documentation: https://pandas.pydata.org/pandas-docs/stable/user_guide/indexing.html#returning-a-view-versus-a-copy
  df2.replace(to_replace=r' $', value='', regex=True,inplace=True)
127.0.0.1 - - [26/Jul/2026 10:20:25] "POST /score HTTP/1.1" 200 -
/home/praghuram23/miniconda3/envs/toxin_hemo/lib/python3.10/site-packages/sklearn/base.py:439: UserWarning: X does not have valid feature names, but ExtraTreesClassifier was fitted with feature names
  warnings.warn(

This is the MERCI (Motif - EmeRging and with Classes - Identification) motif locator program.

   * Loading hierarchy NONE
   * Reading data
       input file Sequence_1 read -> 200 sequences found
   * Motif locations written to merci_p.txt

This is the MERCI (Motif - EmeRging and with Classes - Identification) motif locator program.

   * Loading hierarchy NONE
   * Reading data
       input file Sequence_1 read -> 200 sequences found
   * Motif locations written to merci_n.txt
/home/praghuram23/miniconda3/envs/toxin_hemo/lib/python3.10/site-packages/toxinpred3/python_scripts/toxinpred3.py:209: SettingWithCopyWarning: 
A value is trying to be set on a copy of a slice from a DataFrame

See the caveats in the documentation: https://pandas.pydata.org/pandas-docs/stable/user_guide/indexing.html#returning-a-view-versus-a-copy
  df2.replace(to_replace=r"\)", value='', regex=True, inplace=True)
/home/praghuram23/miniconda3/envs/toxin_hemo/lib/python3.10/site-packages/toxinpred3/python_scripts/toxinpred3.py:210: SettingWithCopyWarning: 
A value is trying to be set on a copy of a slice from a DataFrame

See the caveats in the documentation: https://pandas.pydata.org/pandas-docs/stable/user_guide/indexing.html#returning-a-view-versus-a-copy
  df2.replace(to_replace=r'motifs match', value='', regex=True, inplace=True)
/home/praghuram23/miniconda3/envs/toxin_hemo/lib/python3.10/site-packages/toxinpred3/python_scripts/toxinpred3.py:211: SettingWithCopyWarning: 
A value is trying to be set on a copy of a slice from a DataFrame

See the caveats in the documentation: https://pandas.pydata.org/pandas-docs/stable/user_guide/indexing.html#returning-a-view-versus-a-copy
  df2.replace(to_replace=r' $', value='', regex=True,inplace=True)
127.0.0.1 - - [26/Jul/2026 10:20:34] "POST /score HTTP/1.1" 200 -
/home/praghuram23/miniconda3/envs/toxin_hemo/lib/python3.10/site-packages/sklearn/base.py:439: UserWarning: X does not have valid feature names, but ExtraTreesClassifier was fitted with feature names
  warnings.warn(

This is the MERCI (Motif - EmeRging and with Classes - Identification) motif locator program.

   * Loading hierarchy NONE
   * Reading data
       input file Sequence_1 read -> 200 sequences found
   * Motif locations written to merci_p.txt

This is the MERCI (Motif - EmeRging and with Classes - Identification) motif locator program.

   * Loading hierarchy NONE
   * Reading data
       input file Sequence_1 read -> 200 sequences found
   * Motif locations written to merci_n.txt
/home/praghuram23/miniconda3/envs/toxin_hemo/lib/python3.10/site-packages/toxinpred3/python_scripts/toxinpred3.py:142: SettingWithCopyWarning: 
A value is trying to be set on a copy of a slice from a DataFrame

See the caveats in the documentation: https://pandas.pydata.org/pandas-docs/stable/user_guide/indexing.html#returning-a-view-versus-a-copy
  df2.replace(to_replace=r"\)", value='', regex=True, inplace=True)
/home/praghuram23/miniconda3/envs/toxin_hemo/lib/python3.10/site-packages/toxinpred3/python_scripts/toxinpred3.py:143: SettingWithCopyWarning: 
A value is trying to be set on a copy of a slice from a DataFrame

See the caveats in the documentation: https://pandas.pydata.org/pandas-docs/stable/user_guide/indexing.html#returning-a-view-versus-a-copy
  df2.replace(to_replace=r'motifs match', value='', regex=True, inplace=True)
/home/praghuram23/miniconda3/envs/toxin_hemo/lib/python3.10/site-packages/toxinpred3/python_scripts/toxinpred3.py:144: SettingWithCopyWarning: 
A value is trying to be set on a copy of a slice from a DataFrame

See the caveats in the documentation: https://pandas.pydata.org/pandas-docs/stable/user_guide/indexing.html#returning-a-view-versus-a-copy
  df2.replace(to_replace=r' $', value='', regex=True,inplace=True)
/home/praghuram23/miniconda3/envs/toxin_hemo/lib/python3.10/site-packages/toxinpred3/python_scripts/toxinpred3.py:209: SettingWithCopyWarning: 
A value is trying to be set on a copy of a slice from a DataFrame

See the caveats in the documentation: https://pandas.pydata.org/pandas-docs/stable/user_guide/indexing.html#returning-a-view-versus-a-copy
  df2.replace(to_replace=r"\)", value='', regex=True, inplace=True)
/home/praghuram23/miniconda3/envs/toxin_hemo/lib/python3.10/site-packages/toxinpred3/python_scripts/toxinpred3.py:210: SettingWithCopyWarning: 
A value is trying to be set on a copy of a slice from a DataFrame

See the caveats in the documentation: https://pandas.pydata.org/pandas-docs/stable/user_guide/indexing.html#returning-a-view-versus-a-copy
  df2.replace(to_replace=r'motifs match', value='', regex=True, inplace=True)
/home/praghuram23/miniconda3/envs/toxin_hemo/lib/python3.10/site-packages/toxinpred3/python_scripts/toxinpred3.py:211: SettingWithCopyWarning: 
A value is trying to be set on a copy of a slice from a DataFrame

See the caveats in the documentation: https://pandas.pydata.org/pandas-docs/stable/user_guide/indexing.html#returning-a-view-versus-a-copy
  df2.replace(to_replace=r' $', value='', regex=True,inplace=True)
127.0.0.1 - - [26/Jul/2026 10:20:42] "POST /score HTTP/1.1" 200 -
/home/praghuram23/miniconda3/envs/toxin_hemo/lib/python3.10/site-packages/sklearn/base.py:439: UserWarning: X does not have valid feature names, but ExtraTreesClassifier was fitted with feature names
  warnings.warn(

This is the MERCI (Motif - EmeRging and with Classes - Identification) motif locator program.

   * Loading hierarchy NONE
   * Reading data
       input file Sequence_1 read -> 200 sequences found
   * Motif locations written to merci_p.txt

This is the MERCI (Motif - EmeRging and with Classes - Identification) motif locator program.

   * Loading hierarchy NONE
   * Reading data
       input file Sequence_1 read -> 200 sequences found
   * Motif locations written to merci_n.txt
/home/praghuram23/miniconda3/envs/toxin_hemo/lib/python3.10/site-packages/toxinpred3/python_scripts/toxinpred3.py:209: SettingWithCopyWarning: 
A value is trying to be set on a copy of a slice from a DataFrame

See the caveats in the documentation: https://pandas.pydata.org/pandas-docs/stable/user_guide/indexing.html#returning-a-view-versus-a-copy
  df2.replace(to_replace=r"\)", value='', regex=True, inplace=True)
/home/praghuram23/miniconda3/envs/toxin_hemo/lib/python3.10/site-packages/toxinpred3/python_scripts/toxinpred3.py:210: SettingWithCopyWarning: 
A value is trying to be set on a copy of a slice from a DataFrame

See the caveats in the documentation: https://pandas.pydata.org/pandas-docs/stable/user_guide/indexing.html#returning-a-view-versus-a-copy
  df2.replace(to_replace=r'motifs match', value='', regex=True, inplace=True)
/home/praghuram23/miniconda3/envs/toxin_hemo/lib/python3.10/site-packages/toxinpred3/python_scripts/toxinpred3.py:211: SettingWithCopyWarning: 
A value is trying to be set on a copy of a slice from a DataFrame

See the caveats in the documentation: https://pandas.pydata.org/pandas-docs/stable/user_guide/indexing.html#returning-a-view-versus-a-copy
  df2.replace(to_replace=r' $', value='', regex=True,inplace=True)
127.0.0.1 - - [26/Jul/2026 10:20:51] "POST /score HTTP/1.1" 200 -
/home/praghuram23/miniconda3/envs/toxin_hemo/lib/python3.10/site-packages/sklearn/base.py:439: UserWarning: X does not have valid feature names, but ExtraTreesClassifier was fitted with feature names
  warnings.warn(

This is the MERCI (Motif - EmeRging and with Classes - Identification) motif locator program.

   * Loading hierarchy NONE
   * Reading data
       input file Sequence_1 read -> 200 sequences found
   * Motif locations written to merci_p.txt

This is the MERCI (Motif - EmeRging and with Classes - Identification) motif locator program.

   * Loading hierarchy NONE
   * Reading data
       input file Sequence_1 read -> 200 sequences found
   * Motif locations written to merci_n.txt
/home/praghuram23/miniconda3/envs/toxin_hemo/lib/python3.10/site-packages/toxinpred3/python_scripts/toxinpred3.py:209: SettingWithCopyWarning: 
A value is trying to be set on a copy of a slice from a DataFrame

See the caveats in the documentation: https://pandas.pydata.org/pandas-docs/stable/user_guide/indexing.html#returning-a-view-versus-a-copy
  df2.replace(to_replace=r"\)", value='', regex=True, inplace=True)
/home/praghuram23/miniconda3/envs/toxin_hemo/lib/python3.10/site-packages/toxinpred3/python_scripts/toxinpred3.py:210: SettingWithCopyWarning: 
A value is trying to be set on a copy of a slice from a DataFrame

See the caveats in the documentation: https://pandas.pydata.org/pandas-docs/stable/user_guide/indexing.html#returning-a-view-versus-a-copy
  df2.replace(to_replace=r'motifs match', value='', regex=True, inplace=True)
/home/praghuram23/miniconda3/envs/toxin_hemo/lib/python3.10/site-packages/toxinpred3/python_scripts/toxinpred3.py:211: SettingWithCopyWarning: 
A value is trying to be set on a copy of a slice from a DataFrame

See the caveats in the documentation: https://pandas.pydata.org/pandas-docs/stable/user_guide/indexing.html#returning-a-view-versus-a-copy
  df2.replace(to_replace=r' $', value='', regex=True,inplace=True)
127.0.0.1 - - [26/Jul/2026 10:21:09] "POST /score HTTP/1.1" 200 -
/home/praghuram23/miniconda3/envs/toxin_hemo/lib/python3.10/site-packages/sklearn/base.py:439: UserWarning: X does not have valid feature names, but ExtraTreesClassifier was fitted with feature names
  warnings.warn(

This is the MERCI (Motif - EmeRging and with Classes - Identification) motif locator program.

   * Loading hierarchy NONE
   * Reading data
       input file Sequence_1 read -> 200 sequences found
   * Motif locations written to merci_p.txt

This is the MERCI (Motif - EmeRging and with Classes - Identification) motif locator program.

   * Loading hierarchy NONE
   * Reading data
       input file Sequence_1 read -> 200 sequences found
   * Motif locations written to merci_n.txt
/home/praghuram23/miniconda3/envs/toxin_hemo/lib/python3.10/site-packages/toxinpred3/python_scripts/toxinpred3.py:209: SettingWithCopyWarning: 
A value is trying to be set on a copy of a slice from a DataFrame

See the caveats in the documentation: https://pandas.pydata.org/pandas-docs/stable/user_guide/indexing.html#returning-a-view-versus-a-copy
  df2.replace(to_replace=r"\)", value='', regex=True, inplace=True)
/home/praghuram23/miniconda3/envs/toxin_hemo/lib/python3.10/site-packages/toxinpred3/python_scripts/toxinpred3.py:210: SettingWithCopyWarning: 
A value is trying to be set on a copy of a slice from a DataFrame

See the caveats in the documentation: https://pandas.pydata.org/pandas-docs/stable/user_guide/indexing.html#returning-a-view-versus-a-copy
  df2.replace(to_replace=r'motifs match', value='', regex=True, inplace=True)
/home/praghuram23/miniconda3/envs/toxin_hemo/lib/python3.10/site-packages/toxinpred3/python_scripts/toxinpred3.py:211: SettingWithCopyWarning: 
A value is trying to be set on a copy of a slice from a DataFrame

See the caveats in the documentation: https://pandas.pydata.org/pandas-docs/stable/user_guide/indexing.html#returning-a-view-versus-a-copy
  df2.replace(to_replace=r' $', value='', regex=True,inplace=True)
127.0.0.1 - - [26/Jul/2026 10:21:18] "POST /score HTTP/1.1" 200 -
/home/praghuram23/miniconda3/envs/toxin_hemo/lib/python3.10/site-packages/sklearn/base.py:439: UserWarning: X does not have valid feature names, but ExtraTreesClassifier was fitted with feature names
  warnings.warn(

This is the MERCI (Motif - EmeRging and with Classes - Identification) motif locator program.

   * Loading hierarchy NONE
   * Reading data
       input file Sequence_1 read -> 200 sequences found
   * Motif locations written to merci_p.txt

This is the MERCI (Motif - EmeRging and with Classes - Identification) motif locator program.

   * Loading hierarchy NONE
   * Reading data
       input file Sequence_1 read -> 200 sequences found
   * Motif locations written to merci_n.txt
/home/praghuram23/miniconda3/envs/toxin_hemo/lib/python3.10/site-packages/toxinpred3/python_scripts/toxinpred3.py:209: SettingWithCopyWarning: 
A value is trying to be set on a copy of a slice from a DataFrame

See the caveats in the documentation: https://pandas.pydata.org/pandas-docs/stable/user_guide/indexing.html#returning-a-view-versus-a-copy
  df2.replace(to_replace=r"\)", value='', regex=True, inplace=True)
/home/praghuram23/miniconda3/envs/toxin_hemo/lib/python3.10/site-packages/toxinpred3/python_scripts/toxinpred3.py:210: SettingWithCopyWarning: 
A value is trying to be set on a copy of a slice from a DataFrame

See the caveats in the documentation: https://pandas.pydata.org/pandas-docs/stable/user_guide/indexing.html#returning-a-view-versus-a-copy
  df2.replace(to_replace=r'motifs match', value='', regex=True, inplace=True)
/home/praghuram23/miniconda3/envs/toxin_hemo/lib/python3.10/site-packages/toxinpred3/python_scripts/toxinpred3.py:211: SettingWithCopyWarning: 
A value is trying to be set on a copy of a slice from a DataFrame

See the caveats in the documentation: https://pandas.pydata.org/pandas-docs/stable/user_guide/indexing.html#returning-a-view-versus-a-copy
  df2.replace(to_replace=r' $', value='', regex=True,inplace=True)
127.0.0.1 - - [26/Jul/2026 10:21:26] "POST /score HTTP/1.1" 200 -
/home/praghuram23/miniconda3/envs/toxin_hemo/lib/python3.10/site-packages/sklearn/base.py:439: UserWarning: X does not have valid feature names, but ExtraTreesClassifier was fitted with feature names
  warnings.warn(

This is the MERCI (Motif - EmeRging and with Classes - Identification) motif locator program.

   * Loading hierarchy NONE
   * Reading data
       input file Sequence_1 read -> 200 sequences found
   * Motif locations written to merci_p.txt

This is the MERCI (Motif - EmeRging and with Classes - Identification) motif locator program.

   * Loading hierarchy NONE
   * Reading data
       input file Sequence_1 read -> 200 sequences found
   * Motif locations written to merci_n.txt
/home/praghuram23/miniconda3/envs/toxin_hemo/lib/python3.10/site-packages/toxinpred3/python_scripts/toxinpred3.py:209: SettingWithCopyWarning: 
A value is trying to be set on a copy of a slice from a DataFrame

See the caveats in the documentation: https://pandas.pydata.org/pandas-docs/stable/user_guide/indexing.html#returning-a-view-versus-a-copy
  df2.replace(to_replace=r"\)", value='', regex=True, inplace=True)
/home/praghuram23/miniconda3/envs/toxin_hemo/lib/python3.10/site-packages/toxinpred3/python_scripts/toxinpred3.py:210: SettingWithCopyWarning: 
A value is trying to be set on a copy of a slice from a DataFrame

See the caveats in the documentation: https://pandas.pydata.org/pandas-docs/stable/user_guide/indexing.html#returning-a-view-versus-a-copy
  df2.replace(to_replace=r'motifs match', value='', regex=True, inplace=True)
/home/praghuram23/miniconda3/envs/toxin_hemo/lib/python3.10/site-packages/toxinpred3/python_scripts/toxinpred3.py:211: SettingWithCopyWarning: 
A value is trying to be set on a copy of a slice from a DataFrame

See the caveats in the documentation: https://pandas.pydata.org/pandas-docs/stable/user_guide/indexing.html#returning-a-view-versus-a-copy
  df2.replace(to_replace=r' $', value='', regex=True,inplace=True)
127.0.0.1 - - [26/Jul/2026 10:21:35] "POST /score HTTP/1.1" 200 -
/home/praghuram23/miniconda3/envs/toxin_hemo/lib/python3.10/site-packages/sklearn/base.py:439: UserWarning: X does not have valid feature names, but ExtraTreesClassifier was fitted with feature names
  warnings.warn(

This is the MERCI (Motif - EmeRging and with Classes - Identification) motif locator program.

   * Loading hierarchy NONE
   * Reading data
       input file Sequence_1 read -> 200 sequences found
   * Motif locations written to merci_p.txt

This is the MERCI (Motif - EmeRging and with Classes - Identification) motif locator program.

   * Loading hierarchy NONE
   * Reading data
       input file Sequence_1 read -> 200 sequences found
   * Motif locations written to merci_n.txt
/home/praghuram23/miniconda3/envs/toxin_hemo/lib/python3.10/site-packages/toxinpred3/python_scripts/toxinpred3.py:209: SettingWithCopyWarning: 
A value is trying to be set on a copy of a slice from a DataFrame

See the caveats in the documentation: https://pandas.pydata.org/pandas-docs/stable/user_guide/indexing.html#returning-a-view-versus-a-copy
  df2.replace(to_replace=r"\)", value='', regex=True, inplace=True)
/home/praghuram23/miniconda3/envs/toxin_hemo/lib/python3.10/site-packages/toxinpred3/python_scripts/toxinpred3.py:210: SettingWithCopyWarning: 
A value is trying to be set on a copy of a slice from a DataFrame

See the caveats in the documentation: https://pandas.pydata.org/pandas-docs/stable/user_guide/indexing.html#returning-a-view-versus-a-copy
  df2.replace(to_replace=r'motifs match', value='', regex=True, inplace=True)
/home/praghuram23/miniconda3/envs/toxin_hemo/lib/python3.10/site-packages/toxinpred3/python_scripts/toxinpred3.py:211: SettingWithCopyWarning: 
A value is trying to be set on a copy of a slice from a DataFrame

See the caveats in the documentation: https://pandas.pydata.org/pandas-docs/stable/user_guide/indexing.html#returning-a-view-versus-a-copy
  df2.replace(to_replace=r' $', value='', regex=True,inplace=True)
127.0.0.1 - - [26/Jul/2026 10:21:44] "POST /score HTTP/1.1" 200 -
/home/praghuram23/miniconda3/envs/toxin_hemo/lib/python3.10/site-packages/sklearn/base.py:439: UserWarning: X does not have valid feature names, but ExtraTreesClassifier was fitted with feature names
  warnings.warn(

This is the MERCI (Motif - EmeRging and with Classes - Identification) motif locator program.

   * Loading hierarchy NONE
   * Reading data
       input file Sequence_1 read -> 200 sequences found
   * Motif locations written to merci_p.txt

This is the MERCI (Motif - EmeRging and with Classes - Identification) motif locator program.

   * Loading hierarchy NONE
   * Reading data
       input file Sequence_1 read -> 200 sequences found
   * Motif locations written to merci_n.txt
/home/praghuram23/miniconda3/envs/toxin_hemo/lib/python3.10/site-packages/toxinpred3/python_scripts/toxinpred3.py:209: SettingWithCopyWarning: 
A value is trying to be set on a copy of a slice from a DataFrame

See the caveats in the documentation: https://pandas.pydata.org/pandas-docs/stable/user_guide/indexing.html#returning-a-view-versus-a-copy
  df2.replace(to_replace=r"\)", value='', regex=True, inplace=True)
/home/praghuram23/miniconda3/envs/toxin_hemo/lib/python3.10/site-packages/toxinpred3/python_scripts/toxinpred3.py:210: SettingWithCopyWarning: 
A value is trying to be set on a copy of a slice from a DataFrame

See the caveats in the documentation: https://pandas.pydata.org/pandas-docs/stable/user_guide/indexing.html#returning-a-view-versus-a-copy
  df2.replace(to_replace=r'motifs match', value='', regex=True, inplace=True)
/home/praghuram23/miniconda3/envs/toxin_hemo/lib/python3.10/site-packages/toxinpred3/python_scripts/toxinpred3.py:211: SettingWithCopyWarning: 
A value is trying to be set on a copy of a slice from a DataFrame

See the caveats in the documentation: https://pandas.pydata.org/pandas-docs/stable/user_guide/indexing.html#returning-a-view-versus-a-copy
  df2.replace(to_replace=r' $', value='', regex=True,inplace=True)
127.0.0.1 - - [26/Jul/2026 10:21:52] "POST /score HTTP/1.1" 200 -
/home/praghuram23/miniconda3/envs/toxin_hemo/lib/python3.10/site-packages/sklearn/base.py:439: UserWarning: X does not have valid feature names, but ExtraTreesClassifier was fitted with feature names
  warnings.warn(

This is the MERCI (Motif - EmeRging and with Classes - Identification) motif locator program.

   * Loading hierarchy NONE
   * Reading data
       input file Sequence_1 read -> 200 sequences found
   * Motif locations written to merci_p.txt

This is the MERCI (Motif - EmeRging and with Classes - Identification) motif locator program.

   * Loading hierarchy NONE
   * Reading data
       input file Sequence_1 read -> 200 sequences found
   * Motif locations written to merci_n.txt
/home/praghuram23/miniconda3/envs/toxin_hemo/lib/python3.10/site-packages/toxinpred3/python_scripts/toxinpred3.py:209: SettingWithCopyWarning: 
A value is trying to be set on a copy of a slice from a DataFrame

See the caveats in the documentation: https://pandas.pydata.org/pandas-docs/stable/user_guide/indexing.html#returning-a-view-versus-a-copy
  df2.replace(to_replace=r"\)", value='', regex=True, inplace=True)
/home/praghuram23/miniconda3/envs/toxin_hemo/lib/python3.10/site-packages/toxinpred3/python_scripts/toxinpred3.py:210: SettingWithCopyWarning: 
A value is trying to be set on a copy of a slice from a DataFrame

See the caveats in the documentation: https://pandas.pydata.org/pandas-docs/stable/user_guide/indexing.html#returning-a-view-versus-a-copy
  df2.replace(to_replace=r'motifs match', value='', regex=True, inplace=True)
/home/praghuram23/miniconda3/envs/toxin_hemo/lib/python3.10/site-packages/toxinpred3/python_scripts/toxinpred3.py:211: SettingWithCopyWarning: 
A value is trying to be set on a copy of a slice from a DataFrame

See the caveats in the documentation: https://pandas.pydata.org/pandas-docs/stable/user_guide/indexing.html#returning-a-view-versus-a-copy
  df2.replace(to_replace=r' $', value='', regex=True,inplace=True)
127.0.0.1 - - [26/Jul/2026 10:22:01] "POST /score HTTP/1.1" 200 -
/home/praghuram23/miniconda3/envs/toxin_hemo/lib/python3.10/site-packages/sklearn/base.py:439: UserWarning: X does not have valid feature names, but ExtraTreesClassifier was fitted with feature names
  warnings.warn(

This is the MERCI (Motif - EmeRging and with Classes - Identification) motif locator program.

   * Loading hierarchy NONE
   * Reading data
       input file Sequence_1 read -> 200 sequences found
   * Motif locations written to merci_p.txt

This is the MERCI (Motif - EmeRging and with Classes - Identification) motif locator program.

   * Loading hierarchy NONE
   * Reading data
       input file Sequence_1 read -> 200 sequences found
   * Motif locations written to merci_n.txt
/home/praghuram23/miniconda3/envs/toxin_hemo/lib/python3.10/site-packages/toxinpred3/python_scripts/toxinpred3.py:209: SettingWithCopyWarning: 
A value is trying to be set on a copy of a slice from a DataFrame

See the caveats in the documentation: https://pandas.pydata.org/pandas-docs/stable/user_guide/indexing.html#returning-a-view-versus-a-copy
  df2.replace(to_replace=r"\)", value='', regex=True, inplace=True)
/home/praghuram23/miniconda3/envs/toxin_hemo/lib/python3.10/site-packages/toxinpred3/python_scripts/toxinpred3.py:210: SettingWithCopyWarning: 
A value is trying to be set on a copy of a slice from a DataFrame

See the caveats in the documentation: https://pandas.pydata.org/pandas-docs/stable/user_guide/indexing.html#returning-a-view-versus-a-copy
  df2.replace(to_replace=r'motifs match', value='', regex=True, inplace=True)
/home/praghuram23/miniconda3/envs/toxin_hemo/lib/python3.10/site-packages/toxinpred3/python_scripts/toxinpred3.py:211: SettingWithCopyWarning: 
A value is trying to be set on a copy of a slice from a DataFrame

See the caveats in the documentation: https://pandas.pydata.org/pandas-docs/stable/user_guide/indexing.html#returning-a-view-versus-a-copy
  df2.replace(to_replace=r' $', value='', regex=True,inplace=True)
127.0.0.1 - - [26/Jul/2026 10:22:09] "POST /score HTTP/1.1" 200 -
/home/praghuram23/miniconda3/envs/toxin_hemo/lib/python3.10/site-packages/sklearn/base.py:439: UserWarning: X does not have valid feature names, but ExtraTreesClassifier was fitted with feature names
  warnings.warn(

This is the MERCI (Motif - EmeRging and with Classes - Identification) motif locator program.

   * Loading hierarchy NONE
   * Reading data
       input file Sequence_1 read -> 200 sequences found
   * Motif locations written to merci_p.txt

This is the MERCI (Motif - EmeRging and with Classes - Identification) motif locator program.

   * Loading hierarchy NONE
   * Reading data
       input file Sequence_1 read -> 200 sequences found
   * Motif locations written to merci_n.txt
/home/praghuram23/miniconda3/envs/toxin_hemo/lib/python3.10/site-packages/toxinpred3/python_scripts/toxinpred3.py:209: SettingWithCopyWarning: 
A value is trying to be set on a copy of a slice from a DataFrame

See the caveats in the documentation: https://pandas.pydata.org/pandas-docs/stable/user_guide/indexing.html#returning-a-view-versus-a-copy
  df2.replace(to_replace=r"\)", value='', regex=True, inplace=True)
/home/praghuram23/miniconda3/envs/toxin_hemo/lib/python3.10/site-packages/toxinpred3/python_scripts/toxinpred3.py:210: SettingWithCopyWarning: 
A value is trying to be set on a copy of a slice from a DataFrame

See the caveats in the documentation: https://pandas.pydata.org/pandas-docs/stable/user_guide/indexing.html#returning-a-view-versus-a-copy
  df2.replace(to_replace=r'motifs match', value='', regex=True, inplace=True)
/home/praghuram23/miniconda3/envs/toxin_hemo/lib/python3.10/site-packages/toxinpred3/python_scripts/toxinpred3.py:211: SettingWithCopyWarning: 
A value is trying to be set on a copy of a slice from a DataFrame

See the caveats in the documentation: https://pandas.pydata.org/pandas-docs/stable/user_guide/indexing.html#returning-a-view-versus-a-copy
  df2.replace(to_replace=r' $', value='', regex=True,inplace=True)
127.0.0.1 - - [26/Jul/2026 10:22:18] "POST /score HTTP/1.1" 200 -
/home/praghuram23/miniconda3/envs/toxin_hemo/lib/python3.10/site-packages/sklearn/base.py:439: UserWarning: X does not have valid feature names, but ExtraTreesClassifier was fitted with feature names
  warnings.warn(

This is the MERCI (Motif - EmeRging and with Classes - Identification) motif locator program.

   * Loading hierarchy NONE
   * Reading data
       input file Sequence_1 read -> 200 sequences found
   * Motif locations written to merci_p.txt

This is the MERCI (Motif - EmeRging and with Classes - Identification) motif locator program.

   * Loading hierarchy NONE
   * Reading data
       input file Sequence_1 read -> 200 sequences found
   * Motif locations written to merci_n.txt
/home/praghuram23/miniconda3/envs/toxin_hemo/lib/python3.10/site-packages/toxinpred3/python_scripts/toxinpred3.py:209: SettingWithCopyWarning: 
A value is trying to be set on a copy of a slice from a DataFrame

See the caveats in the documentation: https://pandas.pydata.org/pandas-docs/stable/user_guide/indexing.html#returning-a-view-versus-a-copy
  df2.replace(to_replace=r"\)", value='', regex=True, inplace=True)
/home/praghuram23/miniconda3/envs/toxin_hemo/lib/python3.10/site-packages/toxinpred3/python_scripts/toxinpred3.py:210: SettingWithCopyWarning: 
A value is trying to be set on a copy of a slice from a DataFrame

See the caveats in the documentation: https://pandas.pydata.org/pandas-docs/stable/user_guide/indexing.html#returning-a-view-versus-a-copy
  df2.replace(to_replace=r'motifs match', value='', regex=True, inplace=True)
/home/praghuram23/miniconda3/envs/toxin_hemo/lib/python3.10/site-packages/toxinpred3/python_scripts/toxinpred3.py:211: SettingWithCopyWarning: 
A value is trying to be set on a copy of a slice from a DataFrame

See the caveats in the documentation: https://pandas.pydata.org/pandas-docs/stable/user_guide/indexing.html#returning-a-view-versus-a-copy
  df2.replace(to_replace=r' $', value='', regex=True,inplace=True)
127.0.0.1 - - [26/Jul/2026 10:22:26] "POST /score HTTP/1.1" 200 -
/home/praghuram23/miniconda3/envs/toxin_hemo/lib/python3.10/site-packages/sklearn/base.py:439: UserWarning: X does not have valid feature names, but ExtraTreesClassifier was fitted with feature names
  warnings.warn(

This is the MERCI (Motif - EmeRging and with Classes - Identification) motif locator program.

   * Loading hierarchy NONE
   * Reading data
       input file Sequence_1 read -> 200 sequences found
   * Motif locations written to merci_p.txt

This is the MERCI (Motif - EmeRging and with Classes - Identification) motif locator program.

   * Loading hierarchy NONE
   * Reading data
       input file Sequence_1 read -> 200 sequences found
   * Motif locations written to merci_n.txt
/home/praghuram23/miniconda3/envs/toxin_hemo/lib/python3.10/site-packages/toxinpred3/python_scripts/toxinpred3.py:209: SettingWithCopyWarning: 
A value is trying to be set on a copy of a slice from a DataFrame

See the caveats in the documentation: https://pandas.pydata.org/pandas-docs/stable/user_guide/indexing.html#returning-a-view-versus-a-copy
  df2.replace(to_replace=r"\)", value='', regex=True, inplace=True)
/home/praghuram23/miniconda3/envs/toxin_hemo/lib/python3.10/site-packages/toxinpred3/python_scripts/toxinpred3.py:210: SettingWithCopyWarning: 
A value is trying to be set on a copy of a slice from a DataFrame

See the caveats in the documentation: https://pandas.pydata.org/pandas-docs/stable/user_guide/indexing.html#returning-a-view-versus-a-copy
  df2.replace(to_replace=r'motifs match', value='', regex=True, inplace=True)
/home/praghuram23/miniconda3/envs/toxin_hemo/lib/python3.10/site-packages/toxinpred3/python_scripts/toxinpred3.py:211: SettingWithCopyWarning: 
A value is trying to be set on a copy of a slice from a DataFrame

See the caveats in the documentation: https://pandas.pydata.org/pandas-docs/stable/user_guide/indexing.html#returning-a-view-versus-a-copy
  df2.replace(to_replace=r' $', value='', regex=True,inplace=True)
127.0.0.1 - - [26/Jul/2026 10:22:35] "POST /score HTTP/1.1" 200 -
/home/praghuram23/miniconda3/envs/toxin_hemo/lib/python3.10/site-packages/sklearn/base.py:439: UserWarning: X does not have valid feature names, but ExtraTreesClassifier was fitted with feature names
  warnings.warn(

This is the MERCI (Motif - EmeRging and with Classes - Identification) motif locator program.

   * Loading hierarchy NONE
   * Reading data
       input file Sequence_1 read -> 200 sequences found
   * Motif locations written to merci_p.txt

This is the MERCI (Motif - EmeRging and with Classes - Identification) motif locator program.

   * Loading hierarchy NONE
   * Reading data
       input file Sequence_1 read -> 200 sequences found
   * Motif locations written to merci_n.txt
/home/praghuram23/miniconda3/envs/toxin_hemo/lib/python3.10/site-packages/toxinpred3/python_scripts/toxinpred3.py:209: SettingWithCopyWarning: 
A value is trying to be set on a copy of a slice from a DataFrame

See the caveats in the documentation: https://pandas.pydata.org/pandas-docs/stable/user_guide/indexing.html#returning-a-view-versus-a-copy
  df2.replace(to_replace=r"\)", value='', regex=True, inplace=True)
/home/praghuram23/miniconda3/envs/toxin_hemo/lib/python3.10/site-packages/toxinpred3/python_scripts/toxinpred3.py:210: SettingWithCopyWarning: 
A value is trying to be set on a copy of a slice from a DataFrame

See the caveats in the documentation: https://pandas.pydata.org/pandas-docs/stable/user_guide/indexing.html#returning-a-view-versus-a-copy
  df2.replace(to_replace=r'motifs match', value='', regex=True, inplace=True)
/home/praghuram23/miniconda3/envs/toxin_hemo/lib/python3.10/site-packages/toxinpred3/python_scripts/toxinpred3.py:211: SettingWithCopyWarning: 
A value is trying to be set on a copy of a slice from a DataFrame

See the caveats in the documentation: https://pandas.pydata.org/pandas-docs/stable/user_guide/indexing.html#returning-a-view-versus-a-copy
  df2.replace(to_replace=r' $', value='', regex=True,inplace=True)
127.0.0.1 - - [26/Jul/2026 10:22:44] "POST /score HTTP/1.1" 200 -
/home/praghuram23/miniconda3/envs/toxin_hemo/lib/python3.10/site-packages/sklearn/base.py:439: UserWarning: X does not have valid feature names, but ExtraTreesClassifier was fitted with feature names
  warnings.warn(

This is the MERCI (Motif - EmeRging and with Classes - Identification) motif locator program.

   * Loading hierarchy NONE
   * Reading data
       input file Sequence_1 read -> 200 sequences found
   * Motif locations written to merci_p.txt

This is the MERCI (Motif - EmeRging and with Classes - Identification) motif locator program.

   * Loading hierarchy NONE
   * Reading data
       input file Sequence_1 read -> 200 sequences found
   * Motif locations written to merci_n.txt
/home/praghuram23/miniconda3/envs/toxin_hemo/lib/python3.10/site-packages/toxinpred3/python_scripts/toxinpred3.py:209: SettingWithCopyWarning: 
A value is trying to be set on a copy of a slice from a DataFrame

See the caveats in the documentation: https://pandas.pydata.org/pandas-docs/stable/user_guide/indexing.html#returning-a-view-versus-a-copy
  df2.replace(to_replace=r"\)", value='', regex=True, inplace=True)
/home/praghuram23/miniconda3/envs/toxin_hemo/lib/python3.10/site-packages/toxinpred3/python_scripts/toxinpred3.py:210: SettingWithCopyWarning: 
A value is trying to be set on a copy of a slice from a DataFrame

See the caveats in the documentation: https://pandas.pydata.org/pandas-docs/stable/user_guide/indexing.html#returning-a-view-versus-a-copy
  df2.replace(to_replace=r'motifs match', value='', regex=True, inplace=True)
/home/praghuram23/miniconda3/envs/toxin_hemo/lib/python3.10/site-packages/toxinpred3/python_scripts/toxinpred3.py:211: SettingWithCopyWarning: 
A value is trying to be set on a copy of a slice from a DataFrame

See the caveats in the documentation: https://pandas.pydata.org/pandas-docs/stable/user_guide/indexing.html#returning-a-view-versus-a-copy
  df2.replace(to_replace=r' $', value='', regex=True,inplace=True)
127.0.0.1 - - [26/Jul/2026 10:22:52] "POST /score HTTP/1.1" 200 -
/home/praghuram23/miniconda3/envs/toxin_hemo/lib/python3.10/site-packages/sklearn/base.py:439: UserWarning: X does not have valid feature names, but ExtraTreesClassifier was fitted with feature names
  warnings.warn(

This is the MERCI (Motif - EmeRging and with Classes - Identification) motif locator program.

   * Loading hierarchy NONE
   * Reading data
       input file Sequence_1 read -> 200 sequences found
   * Motif locations written to merci_p.txt

This is the MERCI (Motif - EmeRging and with Classes - Identification) motif locator program.

   * Loading hierarchy NONE
   * Reading data
       input file Sequence_1 read -> 200 sequences found
   * Motif locations written to merci_n.txt
/home/praghuram23/miniconda3/envs/toxin_hemo/lib/python3.10/site-packages/toxinpred3/python_scripts/toxinpred3.py:209: SettingWithCopyWarning: 
A value is trying to be set on a copy of a slice from a DataFrame

See the caveats in the documentation: https://pandas.pydata.org/pandas-docs/stable/user_guide/indexing.html#returning-a-view-versus-a-copy
  df2.replace(to_replace=r"\)", value='', regex=True, inplace=True)
/home/praghuram23/miniconda3/envs/toxin_hemo/lib/python3.10/site-packages/toxinpred3/python_scripts/toxinpred3.py:210: SettingWithCopyWarning: 
A value is trying to be set on a copy of a slice from a DataFrame

See the caveats in the documentation: https://pandas.pydata.org/pandas-docs/stable/user_guide/indexing.html#returning-a-view-versus-a-copy
  df2.replace(to_replace=r'motifs match', value='', regex=True, inplace=True)
/home/praghuram23/miniconda3/envs/toxin_hemo/lib/python3.10/site-packages/toxinpred3/python_scripts/toxinpred3.py:211: SettingWithCopyWarning: 
A value is trying to be set on a copy of a slice from a DataFrame

See the caveats in the documentation: https://pandas.pydata.org/pandas-docs/stable/user_guide/indexing.html#returning-a-view-versus-a-copy
  df2.replace(to_replace=r' $', value='', regex=True,inplace=True)
127.0.0.1 - - [26/Jul/2026 10:23:01] "POST /score HTTP/1.1" 200 -
/home/praghuram23/miniconda3/envs/toxin_hemo/lib/python3.10/site-packages/sklearn/base.py:439: UserWarning: X does not have valid feature names, but ExtraTreesClassifier was fitted with feature names
  warnings.warn(

This is the MERCI (Motif - EmeRging and with Classes - Identification) motif locator program.

   * Loading hierarchy NONE
   * Reading data
       input file Sequence_1 read -> 200 sequences found
   * Motif locations written to merci_p.txt

This is the MERCI (Motif - EmeRging and with Classes - Identification) motif locator program.

   * Loading hierarchy NONE
   * Reading data
       input file Sequence_1 read -> 200 sequences found
   * Motif locations written to merci_n.txt
/home/praghuram23/miniconda3/envs/toxin_hemo/lib/python3.10/site-packages/toxinpred3/python_scripts/toxinpred3.py:142: SettingWithCopyWarning: 
A value is trying to be set on a copy of a slice from a DataFrame

See the caveats in the documentation: https://pandas.pydata.org/pandas-docs/stable/user_guide/indexing.html#returning-a-view-versus-a-copy
  df2.replace(to_replace=r"\)", value='', regex=True, inplace=True)
/home/praghuram23/miniconda3/envs/toxin_hemo/lib/python3.10/site-packages/toxinpred3/python_scripts/toxinpred3.py:143: SettingWithCopyWarning: 
A value is trying to be set on a copy of a slice from a DataFrame

See the caveats in the documentation: https://pandas.pydata.org/pandas-docs/stable/user_guide/indexing.html#returning-a-view-versus-a-copy
  df2.replace(to_replace=r'motifs match', value='', regex=True, inplace=True)
/home/praghuram23/miniconda3/envs/toxin_hemo/lib/python3.10/site-packages/toxinpred3/python_scripts/toxinpred3.py:144: SettingWithCopyWarning: 
A value is trying to be set on a copy of a slice from a DataFrame

See the caveats in the documentation: https://pandas.pydata.org/pandas-docs/stable/user_guide/indexing.html#returning-a-view-versus-a-copy
  df2.replace(to_replace=r' $', value='', regex=True,inplace=True)
/home/praghuram23/miniconda3/envs/toxin_hemo/lib/python3.10/site-packages/toxinpred3/python_scripts/toxinpred3.py:209: SettingWithCopyWarning: 
A value is trying to be set on a copy of a slice from a DataFrame

See the caveats in the documentation: https://pandas.pydata.org/pandas-docs/stable/user_guide/indexing.html#returning-a-view-versus-a-copy
  df2.replace(to_replace=r"\)", value='', regex=True, inplace=True)
/home/praghuram23/miniconda3/envs/toxin_hemo/lib/python3.10/site-packages/toxinpred3/python_scripts/toxinpred3.py:210: SettingWithCopyWarning: 
A value is trying to be set on a copy of a slice from a DataFrame

See the caveats in the documentation: https://pandas.pydata.org/pandas-docs/stable/user_guide/indexing.html#returning-a-view-versus-a-copy
  df2.replace(to_replace=r'motifs match', value='', regex=True, inplace=True)
/home/praghuram23/miniconda3/envs/toxin_hemo/lib/python3.10/site-packages/toxinpred3/python_scripts/toxinpred3.py:211: SettingWithCopyWarning: 
A value is trying to be set on a copy of a slice from a DataFrame

See the caveats in the documentation: https://pandas.pydata.org/pandas-docs/stable/user_guide/indexing.html#returning-a-view-versus-a-copy
  df2.replace(to_replace=r' $', value='', regex=True,inplace=True)
127.0.0.1 - - [26/Jul/2026 10:23:10] "POST /score HTTP/1.1" 200 -
/home/praghuram23/miniconda3/envs/toxin_hemo/lib/python3.10/site-packages/sklearn/base.py:439: UserWarning: X does not have valid feature names, but ExtraTreesClassifier was fitted with feature names
  warnings.warn(

This is the MERCI (Motif - EmeRging and with Classes - Identification) motif locator program.

   * Loading hierarchy NONE
   * Reading data
       input file Sequence_1 read -> 200 sequences found
   * Motif locations written to merci_p.txt

This is the MERCI (Motif - EmeRging and with Classes - Identification) motif locator program.

   * Loading hierarchy NONE
   * Reading data
       input file Sequence_1 read -> 200 sequences found
   * Motif locations written to merci_n.txt
/home/praghuram23/miniconda3/envs/toxin_hemo/lib/python3.10/site-packages/toxinpred3/python_scripts/toxinpred3.py:209: SettingWithCopyWarning: 
A value is trying to be set on a copy of a slice from a DataFrame

See the caveats in the documentation: https://pandas.pydata.org/pandas-docs/stable/user_guide/indexing.html#returning-a-view-versus-a-copy
  df2.replace(to_replace=r"\)", value='', regex=True, inplace=True)
/home/praghuram23/miniconda3/envs/toxin_hemo/lib/python3.10/site-packages/toxinpred3/python_scripts/toxinpred3.py:210: SettingWithCopyWarning: 
A value is trying to be set on a copy of a slice from a DataFrame

See the caveats in the documentation: https://pandas.pydata.org/pandas-docs/stable/user_guide/indexing.html#returning-a-view-versus-a-copy
  df2.replace(to_replace=r'motifs match', value='', regex=True, inplace=True)
/home/praghuram23/miniconda3/envs/toxin_hemo/lib/python3.10/site-packages/toxinpred3/python_scripts/toxinpred3.py:211: SettingWithCopyWarning: 
A value is trying to be set on a copy of a slice from a DataFrame

See the caveats in the documentation: https://pandas.pydata.org/pandas-docs/stable/user_guide/indexing.html#returning-a-view-versus-a-copy
  df2.replace(to_replace=r' $', value='', regex=True,inplace=True)
127.0.0.1 - - [26/Jul/2026 10:23:18] "POST /score HTTP/1.1" 200 -
/home/praghuram23/miniconda3/envs/toxin_hemo/lib/python3.10/site-packages/sklearn/base.py:439: UserWarning: X does not have valid feature names, but ExtraTreesClassifier was fitted with feature names
  warnings.warn(

This is the MERCI (Motif - EmeRging and with Classes - Identification) motif locator program.

   * Loading hierarchy NONE
   * Reading data
       input file Sequence_1 read -> 200 sequences found
   * Motif locations written to merci_p.txt

This is the MERCI (Motif - EmeRging and with Classes - Identification) motif locator program.

   * Loading hierarchy NONE
   * Reading data
       input file Sequence_1 read -> 200 sequences found
   * Motif locations written to merci_n.txt
/home/praghuram23/miniconda3/envs/toxin_hemo/lib/python3.10/site-packages/toxinpred3/python_scripts/toxinpred3.py:209: SettingWithCopyWarning: 
A value is trying to be set on a copy of a slice from a DataFrame

See the caveats in the documentation: https://pandas.pydata.org/pandas-docs/stable/user_guide/indexing.html#returning-a-view-versus-a-copy
  df2.replace(to_replace=r"\)", value='', regex=True, inplace=True)
/home/praghuram23/miniconda3/envs/toxin_hemo/lib/python3.10/site-packages/toxinpred3/python_scripts/toxinpred3.py:210: SettingWithCopyWarning: 
A value is trying to be set on a copy of a slice from a DataFrame

See the caveats in the documentation: https://pandas.pydata.org/pandas-docs/stable/user_guide/indexing.html#returning-a-view-versus-a-copy
  df2.replace(to_replace=r'motifs match', value='', regex=True, inplace=True)
/home/praghuram23/miniconda3/envs/toxin_hemo/lib/python3.10/site-packages/toxinpred3/python_scripts/toxinpred3.py:211: SettingWithCopyWarning: 
A value is trying to be set on a copy of a slice from a DataFrame

See the caveats in the documentation: https://pandas.pydata.org/pandas-docs/stable/user_guide/indexing.html#returning-a-view-versus-a-copy
  df2.replace(to_replace=r' $', value='', regex=True,inplace=True)
127.0.0.1 - - [26/Jul/2026 10:23:27] "POST /score HTTP/1.1" 200 -
/home/praghuram23/miniconda3/envs/toxin_hemo/lib/python3.10/site-packages/sklearn/base.py:439: UserWarning: X does not have valid feature names, but ExtraTreesClassifier was fitted with feature names
  warnings.warn(

This is the MERCI (Motif - EmeRging and with Classes - Identification) motif locator program.

   * Loading hierarchy NONE
   * Reading data
       input file Sequence_1 read -> 200 sequences found
   * Motif locations written to merci_p.txt

This is the MERCI (Motif - EmeRging and with Classes - Identification) motif locator program.

   * Loading hierarchy NONE
   * Reading data
       input file Sequence_1 read -> 200 sequences found
   * Motif locations written to merci_n.txt
/home/praghuram23/miniconda3/envs/toxin_hemo/lib/python3.10/site-packages/toxinpred3/python_scripts/toxinpred3.py:209: SettingWithCopyWarning: 
A value is trying to be set on a copy of a slice from a DataFrame

See the caveats in the documentation: https://pandas.pydata.org/pandas-docs/stable/user_guide/indexing.html#returning-a-view-versus-a-copy
  df2.replace(to_replace=r"\)", value='', regex=True, inplace=True)
/home/praghuram23/miniconda3/envs/toxin_hemo/lib/python3.10/site-packages/toxinpred3/python_scripts/toxinpred3.py:210: SettingWithCopyWarning: 
A value is trying to be set on a copy of a slice from a DataFrame

See the caveats in the documentation: https://pandas.pydata.org/pandas-docs/stable/user_guide/indexing.html#returning-a-view-versus-a-copy
  df2.replace(to_replace=r'motifs match', value='', regex=True, inplace=True)
/home/praghuram23/miniconda3/envs/toxin_hemo/lib/python3.10/site-packages/toxinpred3/python_scripts/toxinpred3.py:211: SettingWithCopyWarning: 
A value is trying to be set on a copy of a slice from a DataFrame

See the caveats in the documentation: https://pandas.pydata.org/pandas-docs/stable/user_guide/indexing.html#returning-a-view-versus-a-copy
  df2.replace(to_replace=r' $', value='', regex=True,inplace=True)
127.0.0.1 - - [26/Jul/2026 10:23:36] "POST /score HTTP/1.1" 200 -
/home/praghuram23/miniconda3/envs/toxin_hemo/lib/python3.10/site-packages/sklearn/base.py:439: UserWarning: X does not have valid feature names, but ExtraTreesClassifier was fitted with feature names
  warnings.warn(

This is the MERCI (Motif - EmeRging and with Classes - Identification) motif locator program.

   * Loading hierarchy NONE
   * Reading data
       input file Sequence_1 read -> 200 sequences found
   * Motif locations written to merci_p.txt

This is the MERCI (Motif - EmeRging and with Classes - Identification) motif locator program.

   * Loading hierarchy NONE
   * Reading data
       input file Sequence_1 read -> 200 sequences found
   * Motif locations written to merci_n.txt
/home/praghuram23/miniconda3/envs/toxin_hemo/lib/python3.10/site-packages/toxinpred3/python_scripts/toxinpred3.py:142: SettingWithCopyWarning: 
A value is trying to be set on a copy of a slice from a DataFrame

See the caveats in the documentation: https://pandas.pydata.org/pandas-docs/stable/user_guide/indexing.html#returning-a-view-versus-a-copy
  df2.replace(to_replace=r"\)", value='', regex=True, inplace=True)
/home/praghuram23/miniconda3/envs/toxin_hemo/lib/python3.10/site-packages/toxinpred3/python_scripts/toxinpred3.py:143: SettingWithCopyWarning: 
A value is trying to be set on a copy of a slice from a DataFrame

See the caveats in the documentation: https://pandas.pydata.org/pandas-docs/stable/user_guide/indexing.html#returning-a-view-versus-a-copy
  df2.replace(to_replace=r'motifs match', value='', regex=True, inplace=True)
/home/praghuram23/miniconda3/envs/toxin_hemo/lib/python3.10/site-packages/toxinpred3/python_scripts/toxinpred3.py:144: SettingWithCopyWarning: 
A value is trying to be set on a copy of a slice from a DataFrame

See the caveats in the documentation: https://pandas.pydata.org/pandas-docs/stable/user_guide/indexing.html#returning-a-view-versus-a-copy
  df2.replace(to_replace=r' $', value='', regex=True,inplace=True)
/home/praghuram23/miniconda3/envs/toxin_hemo/lib/python3.10/site-packages/toxinpred3/python_scripts/toxinpred3.py:209: SettingWithCopyWarning: 
A value is trying to be set on a copy of a slice from a DataFrame

See the caveats in the documentation: https://pandas.pydata.org/pandas-docs/stable/user_guide/indexing.html#returning-a-view-versus-a-copy
  df2.replace(to_replace=r"\)", value='', regex=True, inplace=True)
/home/praghuram23/miniconda3/envs/toxin_hemo/lib/python3.10/site-packages/toxinpred3/python_scripts/toxinpred3.py:210: SettingWithCopyWarning: 
A value is trying to be set on a copy of a slice from a DataFrame

See the caveats in the documentation: https://pandas.pydata.org/pandas-docs/stable/user_guide/indexing.html#returning-a-view-versus-a-copy
  df2.replace(to_replace=r'motifs match', value='', regex=True, inplace=True)
/home/praghuram23/miniconda3/envs/toxin_hemo/lib/python3.10/site-packages/toxinpred3/python_scripts/toxinpred3.py:211: SettingWithCopyWarning: 
A value is trying to be set on a copy of a slice from a DataFrame

See the caveats in the documentation: https://pandas.pydata.org/pandas-docs/stable/user_guide/indexing.html#returning-a-view-versus-a-copy
  df2.replace(to_replace=r' $', value='', regex=True,inplace=True)
127.0.0.1 - - [26/Jul/2026 10:23:44] "POST /score HTTP/1.1" 200 -
/home/praghuram23/miniconda3/envs/toxin_hemo/lib/python3.10/site-packages/sklearn/base.py:439: UserWarning: X does not have valid feature names, but ExtraTreesClassifier was fitted with feature names
  warnings.warn(

This is the MERCI (Motif - EmeRging and with Classes - Identification) motif locator program.

   * Loading hierarchy NONE
   * Reading data
       input file Sequence_1 read -> 200 sequences found
   * Motif locations written to merci_p.txt

This is the MERCI (Motif - EmeRging and with Classes - Identification) motif locator program.

   * Loading hierarchy NONE
   * Reading data
       input file Sequence_1 read -> 200 sequences found
   * Motif locations written to merci_n.txt
/home/praghuram23/miniconda3/envs/toxin_hemo/lib/python3.10/site-packages/toxinpred3/python_scripts/toxinpred3.py:209: SettingWithCopyWarning: 
A value is trying to be set on a copy of a slice from a DataFrame

See the caveats in the documentation: https://pandas.pydata.org/pandas-docs/stable/user_guide/indexing.html#returning-a-view-versus-a-copy
  df2.replace(to_replace=r"\)", value='', regex=True, inplace=True)
/home/praghuram23/miniconda3/envs/toxin_hemo/lib/python3.10/site-packages/toxinpred3/python_scripts/toxinpred3.py:210: SettingWithCopyWarning: 
A value is trying to be set on a copy of a slice from a DataFrame

See the caveats in the documentation: https://pandas.pydata.org/pandas-docs/stable/user_guide/indexing.html#returning-a-view-versus-a-copy
  df2.replace(to_replace=r'motifs match', value='', regex=True, inplace=True)
/home/praghuram23/miniconda3/envs/toxin_hemo/lib/python3.10/site-packages/toxinpred3/python_scripts/toxinpred3.py:211: SettingWithCopyWarning: 
A value is trying to be set on a copy of a slice from a DataFrame

See the caveats in the documentation: https://pandas.pydata.org/pandas-docs/stable/user_guide/indexing.html#returning-a-view-versus-a-copy
  df2.replace(to_replace=r' $', value='', regex=True,inplace=True)
127.0.0.1 - - [26/Jul/2026 10:23:55] "POST /score HTTP/1.1" 200 -
/home/praghuram23/miniconda3/envs/toxin_hemo/lib/python3.10/site-packages/sklearn/base.py:439: UserWarning: X does not have valid feature names, but ExtraTreesClassifier was fitted with feature names
  warnings.warn(

This is the MERCI (Motif - EmeRging and with Classes - Identification) motif locator program.

   * Loading hierarchy NONE
   * Reading data
       input file Sequence_1 read -> 200 sequences found
   * Motif locations written to merci_p.txt

This is the MERCI (Motif - EmeRging and with Classes - Identification) motif locator program.

   * Loading hierarchy NONE
   * Reading data
       input file Sequence_1 read -> 200 sequences found
   * Motif locations written to merci_n.txt
/home/praghuram23/miniconda3/envs/toxin_hemo/lib/python3.10/site-packages/toxinpred3/python_scripts/toxinpred3.py:209: SettingWithCopyWarning: 
A value is trying to be set on a copy of a slice from a DataFrame

See the caveats in the documentation: https://pandas.pydata.org/pandas-docs/stable/user_guide/indexing.html#returning-a-view-versus-a-copy
  df2.replace(to_replace=r"\)", value='', regex=True, inplace=True)
/home/praghuram23/miniconda3/envs/toxin_hemo/lib/python3.10/site-packages/toxinpred3/python_scripts/toxinpred3.py:210: SettingWithCopyWarning: 
A value is trying to be set on a copy of a slice from a DataFrame

See the caveats in the documentation: https://pandas.pydata.org/pandas-docs/stable/user_guide/indexing.html#returning-a-view-versus-a-copy
  df2.replace(to_replace=r'motifs match', value='', regex=True, inplace=True)
/home/praghuram23/miniconda3/envs/toxin_hemo/lib/python3.10/site-packages/toxinpred3/python_scripts/toxinpred3.py:211: SettingWithCopyWarning: 
A value is trying to be set on a copy of a slice from a DataFrame

See the caveats in the documentation: https://pandas.pydata.org/pandas-docs/stable/user_guide/indexing.html#returning-a-view-versus-a-copy
  df2.replace(to_replace=r' $', value='', regex=True,inplace=True)
127.0.0.1 - - [26/Jul/2026 10:24:06] "POST /score HTTP/1.1" 200 -
/home/praghuram23/miniconda3/envs/toxin_hemo/lib/python3.10/site-packages/sklearn/base.py:439: UserWarning: X does not have valid feature names, but ExtraTreesClassifier was fitted with feature names
  warnings.warn(

This is the MERCI (Motif - EmeRging and with Classes - Identification) motif locator program.

   * Loading hierarchy NONE
   * Reading data
       input file Sequence_1 read -> 200 sequences found
   * Motif locations written to merci_p.txt

This is the MERCI (Motif - EmeRging and with Classes - Identification) motif locator program.

   * Loading hierarchy NONE
   * Reading data
       input file Sequence_1 read -> 200 sequences found
   * Motif locations written to merci_n.txt
/home/praghuram23/miniconda3/envs/toxin_hemo/lib/python3.10/site-packages/toxinpred3/python_scripts/toxinpred3.py:209: SettingWithCopyWarning: 
A value is trying to be set on a copy of a slice from a DataFrame

See the caveats in the documentation: https://pandas.pydata.org/pandas-docs/stable/user_guide/indexing.html#returning-a-view-versus-a-copy
  df2.replace(to_replace=r"\)", value='', regex=True, inplace=True)
/home/praghuram23/miniconda3/envs/toxin_hemo/lib/python3.10/site-packages/toxinpred3/python_scripts/toxinpred3.py:210: SettingWithCopyWarning: 
A value is trying to be set on a copy of a slice from a DataFrame

See the caveats in the documentation: https://pandas.pydata.org/pandas-docs/stable/user_guide/indexing.html#returning-a-view-versus-a-copy
  df2.replace(to_replace=r'motifs match', value='', regex=True, inplace=True)
/home/praghuram23/miniconda3/envs/toxin_hemo/lib/python3.10/site-packages/toxinpred3/python_scripts/toxinpred3.py:211: SettingWithCopyWarning: 
A value is trying to be set on a copy of a slice from a DataFrame

See the caveats in the documentation: https://pandas.pydata.org/pandas-docs/stable/user_guide/indexing.html#returning-a-view-versus-a-copy
  df2.replace(to_replace=r' $', value='', regex=True,inplace=True)
127.0.0.1 - - [26/Jul/2026 10:24:15] "POST /score HTTP/1.1" 200 -
/home/praghuram23/miniconda3/envs/toxin_hemo/lib/python3.10/site-packages/sklearn/base.py:439: UserWarning: X does not have valid feature names, but ExtraTreesClassifier was fitted with feature names
  warnings.warn(

This is the MERCI (Motif - EmeRging and with Classes - Identification) motif locator program.

   * Loading hierarchy NONE
   * Reading data
       input file Sequence_1 read -> 200 sequences found
   * Motif locations written to merci_p.txt

This is the MERCI (Motif - EmeRging and with Classes - Identification) motif locator program.

   * Loading hierarchy NONE
   * Reading data
       input file Sequence_1 read -> 200 sequences found
   * Motif locations written to merci_n.txt
/home/praghuram23/miniconda3/envs/toxin_hemo/lib/python3.10/site-packages/toxinpred3/python_scripts/toxinpred3.py:209: SettingWithCopyWarning: 
A value is trying to be set on a copy of a slice from a DataFrame

See the caveats in the documentation: https://pandas.pydata.org/pandas-docs/stable/user_guide/indexing.html#returning-a-view-versus-a-copy
  df2.replace(to_replace=r"\)", value='', regex=True, inplace=True)
/home/praghuram23/miniconda3/envs/toxin_hemo/lib/python3.10/site-packages/toxinpred3/python_scripts/toxinpred3.py:210: SettingWithCopyWarning: 
A value is trying to be set on a copy of a slice from a DataFrame

See the caveats in the documentation: https://pandas.pydata.org/pandas-docs/stable/user_guide/indexing.html#returning-a-view-versus-a-copy
  df2.replace(to_replace=r'motifs match', value='', regex=True, inplace=True)
/home/praghuram23/miniconda3/envs/toxin_hemo/lib/python3.10/site-packages/toxinpred3/python_scripts/toxinpred3.py:211: SettingWithCopyWarning: 
A value is trying to be set on a copy of a slice from a DataFrame

See the caveats in the documentation: https://pandas.pydata.org/pandas-docs/stable/user_guide/indexing.html#returning-a-view-versus-a-copy
  df2.replace(to_replace=r' $', value='', regex=True,inplace=True)
127.0.0.1 - - [26/Jul/2026 10:24:24] "POST /score HTTP/1.1" 200 -
/home/praghuram23/miniconda3/envs/toxin_hemo/lib/python3.10/site-packages/sklearn/base.py:439: UserWarning: X does not have valid feature names, but ExtraTreesClassifier was fitted with feature names
  warnings.warn(

This is the MERCI (Motif - EmeRging and with Classes - Identification) motif locator program.

   * Loading hierarchy NONE
   * Reading data
       input file Sequence_1 read -> 200 sequences found
   * Motif locations written to merci_p.txt

This is the MERCI (Motif - EmeRging and with Classes - Identification) motif locator program.

   * Loading hierarchy NONE
   * Reading data
       input file Sequence_1 read -> 200 sequences found
   * Motif locations written to merci_n.txt
/home/praghuram23/miniconda3/envs/toxin_hemo/lib/python3.10/site-packages/toxinpred3/python_scripts/toxinpred3.py:209: SettingWithCopyWarning: 
A value is trying to be set on a copy of a slice from a DataFrame

See the caveats in the documentation: https://pandas.pydata.org/pandas-docs/stable/user_guide/indexing.html#returning-a-view-versus-a-copy
  df2.replace(to_replace=r"\)", value='', regex=True, inplace=True)
/home/praghuram23/miniconda3/envs/toxin_hemo/lib/python3.10/site-packages/toxinpred3/python_scripts/toxinpred3.py:210: SettingWithCopyWarning: 
A value is trying to be set on a copy of a slice from a DataFrame

See the caveats in the documentation: https://pandas.pydata.org/pandas-docs/stable/user_guide/indexing.html#returning-a-view-versus-a-copy
  df2.replace(to_replace=r'motifs match', value='', regex=True, inplace=True)
/home/praghuram23/miniconda3/envs/toxin_hemo/lib/python3.10/site-packages/toxinpred3/python_scripts/toxinpred3.py:211: SettingWithCopyWarning: 
A value is trying to be set on a copy of a slice from a DataFrame

See the caveats in the documentation: https://pandas.pydata.org/pandas-docs/stable/user_guide/indexing.html#returning-a-view-versus-a-copy
  df2.replace(to_replace=r' $', value='', regex=True,inplace=True)
127.0.0.1 - - [26/Jul/2026 10:24:33] "POST /score HTTP/1.1" 200 -
/home/praghuram23/miniconda3/envs/toxin_hemo/lib/python3.10/site-packages/sklearn/base.py:439: UserWarning: X does not have valid feature names, but ExtraTreesClassifier was fitted with feature names
  warnings.warn(

This is the MERCI (Motif - EmeRging and with Classes - Identification) motif locator program.

   * Loading hierarchy NONE
   * Reading data
       input file Sequence_1 read -> 200 sequences found
   * Motif locations written to merci_p.txt

This is the MERCI (Motif - EmeRging and with Classes - Identification) motif locator program.

   * Loading hierarchy NONE
   * Reading data
       input file Sequence_1 read -> 200 sequences found
   * Motif locations written to merci_n.txt
/home/praghuram23/miniconda3/envs/toxin_hemo/lib/python3.10/site-packages/toxinpred3/python_scripts/toxinpred3.py:209: SettingWithCopyWarning: 
A value is trying to be set on a copy of a slice from a DataFrame

See the caveats in the documentation: https://pandas.pydata.org/pandas-docs/stable/user_guide/indexing.html#returning-a-view-versus-a-copy
  df2.replace(to_replace=r"\)", value='', regex=True, inplace=True)
/home/praghuram23/miniconda3/envs/toxin_hemo/lib/python3.10/site-packages/toxinpred3/python_scripts/toxinpred3.py:210: SettingWithCopyWarning: 
A value is trying to be set on a copy of a slice from a DataFrame

See the caveats in the documentation: https://pandas.pydata.org/pandas-docs/stable/user_guide/indexing.html#returning-a-view-versus-a-copy
  df2.replace(to_replace=r'motifs match', value='', regex=True, inplace=True)
/home/praghuram23/miniconda3/envs/toxin_hemo/lib/python3.10/site-packages/toxinpred3/python_scripts/toxinpred3.py:211: SettingWithCopyWarning: 
A value is trying to be set on a copy of a slice from a DataFrame

See the caveats in the documentation: https://pandas.pydata.org/pandas-docs/stable/user_guide/indexing.html#returning-a-view-versus-a-copy
  df2.replace(to_replace=r' $', value='', regex=True,inplace=True)
127.0.0.1 - - [26/Jul/2026 10:24:41] "POST /score HTTP/1.1" 200 -
/home/praghuram23/miniconda3/envs/toxin_hemo/lib/python3.10/site-packages/sklearn/base.py:439: UserWarning: X does not have valid feature names, but ExtraTreesClassifier was fitted with feature names
  warnings.warn(

This is the MERCI (Motif - EmeRging and with Classes - Identification) motif locator program.

   * Loading hierarchy NONE
   * Reading data
       input file Sequence_1 read -> 200 sequences found
   * Motif locations written to merci_p.txt

This is the MERCI (Motif - EmeRging and with Classes - Identification) motif locator program.

   * Loading hierarchy NONE
   * Reading data
       input file Sequence_1 read -> 200 sequences found
   * Motif locations written to merci_n.txt
/home/praghuram23/miniconda3/envs/toxin_hemo/lib/python3.10/site-packages/toxinpred3/python_scripts/toxinpred3.py:209: SettingWithCopyWarning: 
A value is trying to be set on a copy of a slice from a DataFrame

See the caveats in the documentation: https://pandas.pydata.org/pandas-docs/stable/user_guide/indexing.html#returning-a-view-versus-a-copy
  df2.replace(to_replace=r"\)", value='', regex=True, inplace=True)
/home/praghuram23/miniconda3/envs/toxin_hemo/lib/python3.10/site-packages/toxinpred3/python_scripts/toxinpred3.py:210: SettingWithCopyWarning: 
A value is trying to be set on a copy of a slice from a DataFrame

See the caveats in the documentation: https://pandas.pydata.org/pandas-docs/stable/user_guide/indexing.html#returning-a-view-versus-a-copy
  df2.replace(to_replace=r'motifs match', value='', regex=True, inplace=True)
/home/praghuram23/miniconda3/envs/toxin_hemo/lib/python3.10/site-packages/toxinpred3/python_scripts/toxinpred3.py:211: SettingWithCopyWarning: 
A value is trying to be set on a copy of a slice from a DataFrame

See the caveats in the documentation: https://pandas.pydata.org/pandas-docs/stable/user_guide/indexing.html#returning-a-view-versus-a-copy
  df2.replace(to_replace=r' $', value='', regex=True,inplace=True)
127.0.0.1 - - [26/Jul/2026 10:24:50] "POST /score HTTP/1.1" 200 -
/home/praghuram23/miniconda3/envs/toxin_hemo/lib/python3.10/site-packages/sklearn/base.py:439: UserWarning: X does not have valid feature names, but ExtraTreesClassifier was fitted with feature names
  warnings.warn(

This is the MERCI (Motif - EmeRging and with Classes - Identification) motif locator program.

   * Loading hierarchy NONE
   * Reading data
       input file Sequence_1 read -> 200 sequences found
   * Motif locations written to merci_p.txt

This is the MERCI (Motif - EmeRging and with Classes - Identification) motif locator program.

   * Loading hierarchy NONE
   * Reading data
       input file Sequence_1 read -> 200 sequences found
   * Motif locations written to merci_n.txt
/home/praghuram23/miniconda3/envs/toxin_hemo/lib/python3.10/site-packages/toxinpred3/python_scripts/toxinpred3.py:209: SettingWithCopyWarning: 
A value is trying to be set on a copy of a slice from a DataFrame

See the caveats in the documentation: https://pandas.pydata.org/pandas-docs/stable/user_guide/indexing.html#returning-a-view-versus-a-copy
  df2.replace(to_replace=r"\)", value='', regex=True, inplace=True)
/home/praghuram23/miniconda3/envs/toxin_hemo/lib/python3.10/site-packages/toxinpred3/python_scripts/toxinpred3.py:210: SettingWithCopyWarning: 
A value is trying to be set on a copy of a slice from a DataFrame

See the caveats in the documentation: https://pandas.pydata.org/pandas-docs/stable/user_guide/indexing.html#returning-a-view-versus-a-copy
  df2.replace(to_replace=r'motifs match', value='', regex=True, inplace=True)
/home/praghuram23/miniconda3/envs/toxin_hemo/lib/python3.10/site-packages/toxinpred3/python_scripts/toxinpred3.py:211: SettingWithCopyWarning: 
A value is trying to be set on a copy of a slice from a DataFrame

See the caveats in the documentation: https://pandas.pydata.org/pandas-docs/stable/user_guide/indexing.html#returning-a-view-versus-a-copy
  df2.replace(to_replace=r' $', value='', regex=True,inplace=True)
127.0.0.1 - - [26/Jul/2026 10:24:59] "POST /score HTTP/1.1" 200 -
/home/praghuram23/miniconda3/envs/toxin_hemo/lib/python3.10/site-packages/sklearn/base.py:439: UserWarning: X does not have valid feature names, but ExtraTreesClassifier was fitted with feature names
  warnings.warn(

This is the MERCI (Motif - EmeRging and with Classes - Identification) motif locator program.

   * Loading hierarchy NONE
   * Reading data
       input file Sequence_1 read -> 200 sequences found
   * Motif locations written to merci_p.txt

This is the MERCI (Motif - EmeRging and with Classes - Identification) motif locator program.

   * Loading hierarchy NONE
   * Reading data
       input file Sequence_1 read -> 200 sequences found
   * Motif locations written to merci_n.txt
/home/praghuram23/miniconda3/envs/toxin_hemo/lib/python3.10/site-packages/toxinpred3/python_scripts/toxinpred3.py:209: SettingWithCopyWarning: 
A value is trying to be set on a copy of a slice from a DataFrame

See the caveats in the documentation: https://pandas.pydata.org/pandas-docs/stable/user_guide/indexing.html#returning-a-view-versus-a-copy
  df2.replace(to_replace=r"\)", value='', regex=True, inplace=True)
/home/praghuram23/miniconda3/envs/toxin_hemo/lib/python3.10/site-packages/toxinpred3/python_scripts/toxinpred3.py:210: SettingWithCopyWarning: 
A value is trying to be set on a copy of a slice from a DataFrame

See the caveats in the documentation: https://pandas.pydata.org/pandas-docs/stable/user_guide/indexing.html#returning-a-view-versus-a-copy
  df2.replace(to_replace=r'motifs match', value='', regex=True, inplace=True)
/home/praghuram23/miniconda3/envs/toxin_hemo/lib/python3.10/site-packages/toxinpred3/python_scripts/toxinpred3.py:211: SettingWithCopyWarning: 
A value is trying to be set on a copy of a slice from a DataFrame

See the caveats in the documentation: https://pandas.pydata.org/pandas-docs/stable/user_guide/indexing.html#returning-a-view-versus-a-copy
  df2.replace(to_replace=r' $', value='', regex=True,inplace=True)
127.0.0.1 - - [26/Jul/2026 10:25:39] "POST /score HTTP/1.1" 200 -
/home/praghuram23/miniconda3/envs/toxin_hemo/lib/python3.10/site-packages/sklearn/base.py:439: UserWarning: X does not have valid feature names, but ExtraTreesClassifier was fitted with feature names
  warnings.warn(

This is the MERCI (Motif - EmeRging and with Classes - Identification) motif locator program.

   * Loading hierarchy NONE
   * Reading data
       input file Sequence_1 read -> 200 sequences found
   * Motif locations written to merci_p.txt

This is the MERCI (Motif - EmeRging and with Classes - Identification) motif locator program.

   * Loading hierarchy NONE
   * Reading data
       input file Sequence_1 read -> 200 sequences found
   * Motif locations written to merci_n.txt
/home/praghuram23/miniconda3/envs/toxin_hemo/lib/python3.10/site-packages/toxinpred3/python_scripts/toxinpred3.py:209: SettingWithCopyWarning: 
A value is trying to be set on a copy of a slice from a DataFrame

See the caveats in the documentation: https://pandas.pydata.org/pandas-docs/stable/user_guide/indexing.html#returning-a-view-versus-a-copy
  df2.replace(to_replace=r"\)", value='', regex=True, inplace=True)
/home/praghuram23/miniconda3/envs/toxin_hemo/lib/python3.10/site-packages/toxinpred3/python_scripts/toxinpred3.py:210: SettingWithCopyWarning: 
A value is trying to be set on a copy of a slice from a DataFrame

See the caveats in the documentation: https://pandas.pydata.org/pandas-docs/stable/user_guide/indexing.html#returning-a-view-versus-a-copy
  df2.replace(to_replace=r'motifs match', value='', regex=True, inplace=True)
/home/praghuram23/miniconda3/envs/toxin_hemo/lib/python3.10/site-packages/toxinpred3/python_scripts/toxinpred3.py:211: SettingWithCopyWarning: 
A value is trying to be set on a copy of a slice from a DataFrame

See the caveats in the documentation: https://pandas.pydata.org/pandas-docs/stable/user_guide/indexing.html#returning-a-view-versus-a-copy
  df2.replace(to_replace=r' $', value='', regex=True,inplace=True)
127.0.0.1 - - [26/Jul/2026 10:25:47] "POST /score HTTP/1.1" 200 -
/home/praghuram23/miniconda3/envs/toxin_hemo/lib/python3.10/site-packages/sklearn/base.py:439: UserWarning: X does not have valid feature names, but ExtraTreesClassifier was fitted with feature names
  warnings.warn(

This is the MERCI (Motif - EmeRging and with Classes - Identification) motif locator program.

   * Loading hierarchy NONE
   * Reading data
       input file Sequence_1 read -> 200 sequences found
   * Motif locations written to merci_p.txt

This is the MERCI (Motif - EmeRging and with Classes - Identification) motif locator program.

   * Loading hierarchy NONE
   * Reading data
       input file Sequence_1 read -> 200 sequences found
   * Motif locations written to merci_n.txt
/home/praghuram23/miniconda3/envs/toxin_hemo/lib/python3.10/site-packages/toxinpred3/python_scripts/toxinpred3.py:209: SettingWithCopyWarning: 
A value is trying to be set on a copy of a slice from a DataFrame

See the caveats in the documentation: https://pandas.pydata.org/pandas-docs/stable/user_guide/indexing.html#returning-a-view-versus-a-copy
  df2.replace(to_replace=r"\)", value='', regex=True, inplace=True)
/home/praghuram23/miniconda3/envs/toxin_hemo/lib/python3.10/site-packages/toxinpred3/python_scripts/toxinpred3.py:210: SettingWithCopyWarning: 
A value is trying to be set on a copy of a slice from a DataFrame

See the caveats in the documentation: https://pandas.pydata.org/pandas-docs/stable/user_guide/indexing.html#returning-a-view-versus-a-copy
  df2.replace(to_replace=r'motifs match', value='', regex=True, inplace=True)
/home/praghuram23/miniconda3/envs/toxin_hemo/lib/python3.10/site-packages/toxinpred3/python_scripts/toxinpred3.py:211: SettingWithCopyWarning: 
A value is trying to be set on a copy of a slice from a DataFrame

See the caveats in the documentation: https://pandas.pydata.org/pandas-docs/stable/user_guide/indexing.html#returning-a-view-versus-a-copy
  df2.replace(to_replace=r' $', value='', regex=True,inplace=True)
127.0.0.1 - - [26/Jul/2026 10:25:55] "POST /score HTTP/1.1" 200 -
/home/praghuram23/miniconda3/envs/toxin_hemo/lib/python3.10/site-packages/sklearn/base.py:439: UserWarning: X does not have valid feature names, but ExtraTreesClassifier was fitted with feature names
  warnings.warn(

This is the MERCI (Motif - EmeRging and with Classes - Identification) motif locator program.

   * Loading hierarchy NONE
   * Reading data
       input file Sequence_1 read -> 200 sequences found
   * Motif locations written to merci_p.txt

This is the MERCI (Motif - EmeRging and with Classes - Identification) motif locator program.

   * Loading hierarchy NONE
   * Reading data
       input file Sequence_1 read -> 200 sequences found
   * Motif locations written to merci_n.txt
/home/praghuram23/miniconda3/envs/toxin_hemo/lib/python3.10/site-packages/toxinpred3/python_scripts/toxinpred3.py:209: SettingWithCopyWarning: 
A value is trying to be set on a copy of a slice from a DataFrame

See the caveats in the documentation: https://pandas.pydata.org/pandas-docs/stable/user_guide/indexing.html#returning-a-view-versus-a-copy
  df2.replace(to_replace=r"\)", value='', regex=True, inplace=True)
/home/praghuram23/miniconda3/envs/toxin_hemo/lib/python3.10/site-packages/toxinpred3/python_scripts/toxinpred3.py:210: SettingWithCopyWarning: 
A value is trying to be set on a copy of a slice from a DataFrame

See the caveats in the documentation: https://pandas.pydata.org/pandas-docs/stable/user_guide/indexing.html#returning-a-view-versus-a-copy
  df2.replace(to_replace=r'motifs match', value='', regex=True, inplace=True)
/home/praghuram23/miniconda3/envs/toxin_hemo/lib/python3.10/site-packages/toxinpred3/python_scripts/toxinpred3.py:211: SettingWithCopyWarning: 
A value is trying to be set on a copy of a slice from a DataFrame

See the caveats in the documentation: https://pandas.pydata.org/pandas-docs/stable/user_guide/indexing.html#returning-a-view-versus-a-copy
  df2.replace(to_replace=r' $', value='', regex=True,inplace=True)
127.0.0.1 - - [26/Jul/2026 10:26:04] "POST /score HTTP/1.1" 200 -
/home/praghuram23/miniconda3/envs/toxin_hemo/lib/python3.10/site-packages/sklearn/base.py:439: UserWarning: X does not have valid feature names, but ExtraTreesClassifier was fitted with feature names
  warnings.warn(

This is the MERCI (Motif - EmeRging and with Classes - Identification) motif locator program.

   * Loading hierarchy NONE
   * Reading data
       input file Sequence_1 read -> 200 sequences found
   * Motif locations written to merci_p.txt

This is the MERCI (Motif - EmeRging and with Classes - Identification) motif locator program.

   * Loading hierarchy NONE
   * Reading data
       input file Sequence_1 read -> 200 sequences found
   * Motif locations written to merci_n.txt
/home/praghuram23/miniconda3/envs/toxin_hemo/lib/python3.10/site-packages/toxinpred3/python_scripts/toxinpred3.py:209: SettingWithCopyWarning: 
A value is trying to be set on a copy of a slice from a DataFrame

See the caveats in the documentation: https://pandas.pydata.org/pandas-docs/stable/user_guide/indexing.html#returning-a-view-versus-a-copy
  df2.replace(to_replace=r"\)", value='', regex=True, inplace=True)
/home/praghuram23/miniconda3/envs/toxin_hemo/lib/python3.10/site-packages/toxinpred3/python_scripts/toxinpred3.py:210: SettingWithCopyWarning: 
A value is trying to be set on a copy of a slice from a DataFrame

See the caveats in the documentation: https://pandas.pydata.org/pandas-docs/stable/user_guide/indexing.html#returning-a-view-versus-a-copy
  df2.replace(to_replace=r'motifs match', value='', regex=True, inplace=True)
/home/praghuram23/miniconda3/envs/toxin_hemo/lib/python3.10/site-packages/toxinpred3/python_scripts/toxinpred3.py:211: SettingWithCopyWarning: 
A value is trying to be set on a copy of a slice from a DataFrame

See the caveats in the documentation: https://pandas.pydata.org/pandas-docs/stable/user_guide/indexing.html#returning-a-view-versus-a-copy
  df2.replace(to_replace=r' $', value='', regex=True,inplace=True)
127.0.0.1 - - [26/Jul/2026 10:26:13] "POST /score HTTP/1.1" 200 -
/home/praghuram23/miniconda3/envs/toxin_hemo/lib/python3.10/site-packages/sklearn/base.py:439: UserWarning: X does not have valid feature names, but ExtraTreesClassifier was fitted with feature names
  warnings.warn(

This is the MERCI (Motif - EmeRging and with Classes - Identification) motif locator program.

   * Loading hierarchy NONE
   * Reading data
       input file Sequence_1 read -> 200 sequences found
   * Motif locations written to merci_p.txt

This is the MERCI (Motif - EmeRging and with Classes - Identification) motif locator program.

   * Loading hierarchy NONE
   * Reading data
       input file Sequence_1 read -> 200 sequences found
   * Motif locations written to merci_n.txt
/home/praghuram23/miniconda3/envs/toxin_hemo/lib/python3.10/site-packages/toxinpred3/python_scripts/toxinpred3.py:209: SettingWithCopyWarning: 
A value is trying to be set on a copy of a slice from a DataFrame

See the caveats in the documentation: https://pandas.pydata.org/pandas-docs/stable/user_guide/indexing.html#returning-a-view-versus-a-copy
  df2.replace(to_replace=r"\)", value='', regex=True, inplace=True)
/home/praghuram23/miniconda3/envs/toxin_hemo/lib/python3.10/site-packages/toxinpred3/python_scripts/toxinpred3.py:210: SettingWithCopyWarning: 
A value is trying to be set on a copy of a slice from a DataFrame

See the caveats in the documentation: https://pandas.pydata.org/pandas-docs/stable/user_guide/indexing.html#returning-a-view-versus-a-copy
  df2.replace(to_replace=r'motifs match', value='', regex=True, inplace=True)
/home/praghuram23/miniconda3/envs/toxin_hemo/lib/python3.10/site-packages/toxinpred3/python_scripts/toxinpred3.py:211: SettingWithCopyWarning: 
A value is trying to be set on a copy of a slice from a DataFrame

See the caveats in the documentation: https://pandas.pydata.org/pandas-docs/stable/user_guide/indexing.html#returning-a-view-versus-a-copy
  df2.replace(to_replace=r' $', value='', regex=True,inplace=True)
127.0.0.1 - - [26/Jul/2026 10:26:21] "POST /score HTTP/1.1" 200 -
/home/praghuram23/miniconda3/envs/toxin_hemo/lib/python3.10/site-packages/sklearn/base.py:439: UserWarning: X does not have valid feature names, but ExtraTreesClassifier was fitted with feature names
  warnings.warn(

This is the MERCI (Motif - EmeRging and with Classes - Identification) motif locator program.

   * Loading hierarchy NONE
   * Reading data
       input file Sequence_1 read -> 200 sequences found
   * Motif locations written to merci_p.txt

This is the MERCI (Motif - EmeRging and with Classes - Identification) motif locator program.

   * Loading hierarchy NONE
   * Reading data
       input file Sequence_1 read -> 200 sequences found
   * Motif locations written to merci_n.txt
/home/praghuram23/miniconda3/envs/toxin_hemo/lib/python3.10/site-packages/toxinpred3/python_scripts/toxinpred3.py:209: SettingWithCopyWarning: 
A value is trying to be set on a copy of a slice from a DataFrame

See the caveats in the documentation: https://pandas.pydata.org/pandas-docs/stable/user_guide/indexing.html#returning-a-view-versus-a-copy
  df2.replace(to_replace=r"\)", value='', regex=True, inplace=True)
/home/praghuram23/miniconda3/envs/toxin_hemo/lib/python3.10/site-packages/toxinpred3/python_scripts/toxinpred3.py:210: SettingWithCopyWarning: 
A value is trying to be set on a copy of a slice from a DataFrame

See the caveats in the documentation: https://pandas.pydata.org/pandas-docs/stable/user_guide/indexing.html#returning-a-view-versus-a-copy
  df2.replace(to_replace=r'motifs match', value='', regex=True, inplace=True)
/home/praghuram23/miniconda3/envs/toxin_hemo/lib/python3.10/site-packages/toxinpred3/python_scripts/toxinpred3.py:211: SettingWithCopyWarning: 
A value is trying to be set on a copy of a slice from a DataFrame

See the caveats in the documentation: https://pandas.pydata.org/pandas-docs/stable/user_guide/indexing.html#returning-a-view-versus-a-copy
  df2.replace(to_replace=r' $', value='', regex=True,inplace=True)
127.0.0.1 - - [26/Jul/2026 10:26:30] "POST /score HTTP/1.1" 200 -
/home/praghuram23/miniconda3/envs/toxin_hemo/lib/python3.10/site-packages/sklearn/base.py:439: UserWarning: X does not have valid feature names, but ExtraTreesClassifier was fitted with feature names
  warnings.warn(

This is the MERCI (Motif - EmeRging and with Classes - Identification) motif locator program.

   * Loading hierarchy NONE
   * Reading data
       input file Sequence_1 read -> 200 sequences found
   * Motif locations written to merci_p.txt

This is the MERCI (Motif - EmeRging and with Classes - Identification) motif locator program.

   * Loading hierarchy NONE
   * Reading data
       input file Sequence_1 read -> 200 sequences found
   * Motif locations written to merci_n.txt
/home/praghuram23/miniconda3/envs/toxin_hemo/lib/python3.10/site-packages/toxinpred3/python_scripts/toxinpred3.py:209: SettingWithCopyWarning: 
A value is trying to be set on a copy of a slice from a DataFrame

See the caveats in the documentation: https://pandas.pydata.org/pandas-docs/stable/user_guide/indexing.html#returning-a-view-versus-a-copy
  df2.replace(to_replace=r"\)", value='', regex=True, inplace=True)
/home/praghuram23/miniconda3/envs/toxin_hemo/lib/python3.10/site-packages/toxinpred3/python_scripts/toxinpred3.py:210: SettingWithCopyWarning: 
A value is trying to be set on a copy of a slice from a DataFrame

See the caveats in the documentation: https://pandas.pydata.org/pandas-docs/stable/user_guide/indexing.html#returning-a-view-versus-a-copy
  df2.replace(to_replace=r'motifs match', value='', regex=True, inplace=True)
/home/praghuram23/miniconda3/envs/toxin_hemo/lib/python3.10/site-packages/toxinpred3/python_scripts/toxinpred3.py:211: SettingWithCopyWarning: 
A value is trying to be set on a copy of a slice from a DataFrame

See the caveats in the documentation: https://pandas.pydata.org/pandas-docs/stable/user_guide/indexing.html#returning-a-view-versus-a-copy
  df2.replace(to_replace=r' $', value='', regex=True,inplace=True)
127.0.0.1 - - [26/Jul/2026 10:26:39] "POST /score HTTP/1.1" 200 -
/home/praghuram23/miniconda3/envs/toxin_hemo/lib/python3.10/site-packages/sklearn/base.py:439: UserWarning: X does not have valid feature names, but ExtraTreesClassifier was fitted with feature names
  warnings.warn(

This is the MERCI (Motif - EmeRging and with Classes - Identification) motif locator program.

   * Loading hierarchy NONE
   * Reading data
       input file Sequence_1 read -> 200 sequences found
   * Motif locations written to merci_p.txt

This is the MERCI (Motif - EmeRging and with Classes - Identification) motif locator program.

   * Loading hierarchy NONE
   * Reading data
       input file Sequence_1 read -> 200 sequences found
   * Motif locations written to merci_n.txt
/home/praghuram23/miniconda3/envs/toxin_hemo/lib/python3.10/site-packages/toxinpred3/python_scripts/toxinpred3.py:209: SettingWithCopyWarning: 
A value is trying to be set on a copy of a slice from a DataFrame

See the caveats in the documentation: https://pandas.pydata.org/pandas-docs/stable/user_guide/indexing.html#returning-a-view-versus-a-copy
  df2.replace(to_replace=r"\)", value='', regex=True, inplace=True)
/home/praghuram23/miniconda3/envs/toxin_hemo/lib/python3.10/site-packages/toxinpred3/python_scripts/toxinpred3.py:210: SettingWithCopyWarning: 
A value is trying to be set on a copy of a slice from a DataFrame

See the caveats in the documentation: https://pandas.pydata.org/pandas-docs/stable/user_guide/indexing.html#returning-a-view-versus-a-copy
  df2.replace(to_replace=r'motifs match', value='', regex=True, inplace=True)
/home/praghuram23/miniconda3/envs/toxin_hemo/lib/python3.10/site-packages/toxinpred3/python_scripts/toxinpred3.py:211: SettingWithCopyWarning: 
A value is trying to be set on a copy of a slice from a DataFrame

See the caveats in the documentation: https://pandas.pydata.org/pandas-docs/stable/user_guide/indexing.html#returning-a-view-versus-a-copy
  df2.replace(to_replace=r' $', value='', regex=True,inplace=True)
127.0.0.1 - - [26/Jul/2026 10:26:47] "POST /score HTTP/1.1" 200 -
/home/praghuram23/miniconda3/envs/toxin_hemo/lib/python3.10/site-packages/sklearn/base.py:439: UserWarning: X does not have valid feature names, but ExtraTreesClassifier was fitted with feature names
  warnings.warn(

This is the MERCI (Motif - EmeRging and with Classes - Identification) motif locator program.

   * Loading hierarchy NONE
   * Reading data
       input file Sequence_1 read -> 200 sequences found
   * Motif locations written to merci_p.txt

This is the MERCI (Motif - EmeRging and with Classes - Identification) motif locator program.

   * Loading hierarchy NONE
   * Reading data
       input file Sequence_1 read -> 200 sequences found
   * Motif locations written to merci_n.txt
/home/praghuram23/miniconda3/envs/toxin_hemo/lib/python3.10/site-packages/toxinpred3/python_scripts/toxinpred3.py:209: SettingWithCopyWarning: 
A value is trying to be set on a copy of a slice from a DataFrame

See the caveats in the documentation: https://pandas.pydata.org/pandas-docs/stable/user_guide/indexing.html#returning-a-view-versus-a-copy
  df2.replace(to_replace=r"\)", value='', regex=True, inplace=True)
/home/praghuram23/miniconda3/envs/toxin_hemo/lib/python3.10/site-packages/toxinpred3/python_scripts/toxinpred3.py:210: SettingWithCopyWarning: 
A value is trying to be set on a copy of a slice from a DataFrame

See the caveats in the documentation: https://pandas.pydata.org/pandas-docs/stable/user_guide/indexing.html#returning-a-view-versus-a-copy
  df2.replace(to_replace=r'motifs match', value='', regex=True, inplace=True)
/home/praghuram23/miniconda3/envs/toxin_hemo/lib/python3.10/site-packages/toxinpred3/python_scripts/toxinpred3.py:211: SettingWithCopyWarning: 
A value is trying to be set on a copy of a slice from a DataFrame

See the caveats in the documentation: https://pandas.pydata.org/pandas-docs/stable/user_guide/indexing.html#returning-a-view-versus-a-copy
  df2.replace(to_replace=r' $', value='', regex=True,inplace=True)
127.0.0.1 - - [26/Jul/2026 10:26:56] "POST /score HTTP/1.1" 200 -
/home/praghuram23/miniconda3/envs/toxin_hemo/lib/python3.10/site-packages/sklearn/base.py:439: UserWarning: X does not have valid feature names, but ExtraTreesClassifier was fitted with feature names
  warnings.warn(

This is the MERCI (Motif - EmeRging and with Classes - Identification) motif locator program.

   * Loading hierarchy NONE
   * Reading data
       input file Sequence_1 read -> 200 sequences found
   * Motif locations written to merci_p.txt

This is the MERCI (Motif - EmeRging and with Classes - Identification) motif locator program.

   * Loading hierarchy NONE
   * Reading data
       input file Sequence_1 read -> 200 sequences found
   * Motif locations written to merci_n.txt
/home/praghuram23/miniconda3/envs/toxin_hemo/lib/python3.10/site-packages/toxinpred3/python_scripts/toxinpred3.py:209: SettingWithCopyWarning: 
A value is trying to be set on a copy of a slice from a DataFrame

See the caveats in the documentation: https://pandas.pydata.org/pandas-docs/stable/user_guide/indexing.html#returning-a-view-versus-a-copy
  df2.replace(to_replace=r"\)", value='', regex=True, inplace=True)
/home/praghuram23/miniconda3/envs/toxin_hemo/lib/python3.10/site-packages/toxinpred3/python_scripts/toxinpred3.py:210: SettingWithCopyWarning: 
A value is trying to be set on a copy of a slice from a DataFrame

See the caveats in the documentation: https://pandas.pydata.org/pandas-docs/stable/user_guide/indexing.html#returning-a-view-versus-a-copy
  df2.replace(to_replace=r'motifs match', value='', regex=True, inplace=True)
/home/praghuram23/miniconda3/envs/toxin_hemo/lib/python3.10/site-packages/toxinpred3/python_scripts/toxinpred3.py:211: SettingWithCopyWarning: 
A value is trying to be set on a copy of a slice from a DataFrame

See the caveats in the documentation: https://pandas.pydata.org/pandas-docs/stable/user_guide/indexing.html#returning-a-view-versus-a-copy
  df2.replace(to_replace=r' $', value='', regex=True,inplace=True)
127.0.0.1 - - [26/Jul/2026 10:27:04] "POST /score HTTP/1.1" 200 -
/home/praghuram23/miniconda3/envs/toxin_hemo/lib/python3.10/site-packages/sklearn/base.py:439: UserWarning: X does not have valid feature names, but ExtraTreesClassifier was fitted with feature names
  warnings.warn(

This is the MERCI (Motif - EmeRging and with Classes - Identification) motif locator program.

   * Loading hierarchy NONE
   * Reading data
       input file Sequence_1 read -> 200 sequences found
   * Motif locations written to merci_p.txt

This is the MERCI (Motif - EmeRging and with Classes - Identification) motif locator program.

   * Loading hierarchy NONE
   * Reading data
       input file Sequence_1 read -> 200 sequences found
   * Motif locations written to merci_n.txt
/home/praghuram23/miniconda3/envs/toxin_hemo/lib/python3.10/site-packages/toxinpred3/python_scripts/toxinpred3.py:209: SettingWithCopyWarning: 
A value is trying to be set on a copy of a slice from a DataFrame

See the caveats in the documentation: https://pandas.pydata.org/pandas-docs/stable/user_guide/indexing.html#returning-a-view-versus-a-copy
  df2.replace(to_replace=r"\)", value='', regex=True, inplace=True)
/home/praghuram23/miniconda3/envs/toxin_hemo/lib/python3.10/site-packages/toxinpred3/python_scripts/toxinpred3.py:210: SettingWithCopyWarning: 
A value is trying to be set on a copy of a slice from a DataFrame

See the caveats in the documentation: https://pandas.pydata.org/pandas-docs/stable/user_guide/indexing.html#returning-a-view-versus-a-copy
  df2.replace(to_replace=r'motifs match', value='', regex=True, inplace=True)
/home/praghuram23/miniconda3/envs/toxin_hemo/lib/python3.10/site-packages/toxinpred3/python_scripts/toxinpred3.py:211: SettingWithCopyWarning: 
A value is trying to be set on a copy of a slice from a DataFrame

See the caveats in the documentation: https://pandas.pydata.org/pandas-docs/stable/user_guide/indexing.html#returning-a-view-versus-a-copy
  df2.replace(to_replace=r' $', value='', regex=True,inplace=True)
127.0.0.1 - - [26/Jul/2026 10:27:13] "POST /score HTTP/1.1" 200 -
/home/praghuram23/miniconda3/envs/toxin_hemo/lib/python3.10/site-packages/sklearn/base.py:439: UserWarning: X does not have valid feature names, but ExtraTreesClassifier was fitted with feature names
  warnings.warn(

This is the MERCI (Motif - EmeRging and with Classes - Identification) motif locator program.

   * Loading hierarchy NONE
   * Reading data
       input file Sequence_1 read -> 200 sequences found
   * Motif locations written to merci_p.txt

This is the MERCI (Motif - EmeRging and with Classes - Identification) motif locator program.

   * Loading hierarchy NONE
   * Reading data
       input file Sequence_1 read -> 200 sequences found
   * Motif locations written to merci_n.txt
/home/praghuram23/miniconda3/envs/toxin_hemo/lib/python3.10/site-packages/toxinpred3/python_scripts/toxinpred3.py:209: SettingWithCopyWarning: 
A value is trying to be set on a copy of a slice from a DataFrame

See the caveats in the documentation: https://pandas.pydata.org/pandas-docs/stable/user_guide/indexing.html#returning-a-view-versus-a-copy
  df2.replace(to_replace=r"\)", value='', regex=True, inplace=True)
/home/praghuram23/miniconda3/envs/toxin_hemo/lib/python3.10/site-packages/toxinpred3/python_scripts/toxinpred3.py:210: SettingWithCopyWarning: 
A value is trying to be set on a copy of a slice from a DataFrame

See the caveats in the documentation: https://pandas.pydata.org/pandas-docs/stable/user_guide/indexing.html#returning-a-view-versus-a-copy
  df2.replace(to_replace=r'motifs match', value='', regex=True, inplace=True)
/home/praghuram23/miniconda3/envs/toxin_hemo/lib/python3.10/site-packages/toxinpred3/python_scripts/toxinpred3.py:211: SettingWithCopyWarning: 
A value is trying to be set on a copy of a slice from a DataFrame

See the caveats in the documentation: https://pandas.pydata.org/pandas-docs/stable/user_guide/indexing.html#returning-a-view-versus-a-copy
  df2.replace(to_replace=r' $', value='', regex=True,inplace=True)
127.0.0.1 - - [26/Jul/2026 10:27:22] "POST /score HTTP/1.1" 200 -
/home/praghuram23/miniconda3/envs/toxin_hemo/lib/python3.10/site-packages/sklearn/base.py:439: UserWarning: X does not have valid feature names, but ExtraTreesClassifier was fitted with feature names
  warnings.warn(

This is the MERCI (Motif - EmeRging and with Classes - Identification) motif locator program.

   * Loading hierarchy NONE
   * Reading data
       input file Sequence_1 read -> 200 sequences found
   * Motif locations written to merci_p.txt

This is the MERCI (Motif - EmeRging and with Classes - Identification) motif locator program.

   * Loading hierarchy NONE
   * Reading data
       input file Sequence_1 read -> 200 sequences found
   * Motif locations written to merci_n.txt
/home/praghuram23/miniconda3/envs/toxin_hemo/lib/python3.10/site-packages/toxinpred3/python_scripts/toxinpred3.py:209: SettingWithCopyWarning: 
A value is trying to be set on a copy of a slice from a DataFrame

See the caveats in the documentation: https://pandas.pydata.org/pandas-docs/stable/user_guide/indexing.html#returning-a-view-versus-a-copy
  df2.replace(to_replace=r"\)", value='', regex=True, inplace=True)
/home/praghuram23/miniconda3/envs/toxin_hemo/lib/python3.10/site-packages/toxinpred3/python_scripts/toxinpred3.py:210: SettingWithCopyWarning: 
A value is trying to be set on a copy of a slice from a DataFrame

See the caveats in the documentation: https://pandas.pydata.org/pandas-docs/stable/user_guide/indexing.html#returning-a-view-versus-a-copy
  df2.replace(to_replace=r'motifs match', value='', regex=True, inplace=True)
/home/praghuram23/miniconda3/envs/toxin_hemo/lib/python3.10/site-packages/toxinpred3/python_scripts/toxinpred3.py:211: SettingWithCopyWarning: 
A value is trying to be set on a copy of a slice from a DataFrame

See the caveats in the documentation: https://pandas.pydata.org/pandas-docs/stable/user_guide/indexing.html#returning-a-view-versus-a-copy
  df2.replace(to_replace=r' $', value='', regex=True,inplace=True)
127.0.0.1 - - [26/Jul/2026 10:27:30] "POST /score HTTP/1.1" 200 -
/home/praghuram23/miniconda3/envs/toxin_hemo/lib/python3.10/site-packages/sklearn/base.py:439: UserWarning: X does not have valid feature names, but ExtraTreesClassifier was fitted with feature names
  warnings.warn(

This is the MERCI (Motif - EmeRging and with Classes - Identification) motif locator program.

   * Loading hierarchy NONE
   * Reading data
       input file Sequence_1 read -> 200 sequences found
   * Motif locations written to merci_p.txt

This is the MERCI (Motif - EmeRging and with Classes - Identification) motif locator program.

   * Loading hierarchy NONE
   * Reading data
       input file Sequence_1 read -> 200 sequences found
   * Motif locations written to merci_n.txt
/home/praghuram23/miniconda3/envs/toxin_hemo/lib/python3.10/site-packages/toxinpred3/python_scripts/toxinpred3.py:142: SettingWithCopyWarning: 
A value is trying to be set on a copy of a slice from a DataFrame

See the caveats in the documentation: https://pandas.pydata.org/pandas-docs/stable/user_guide/indexing.html#returning-a-view-versus-a-copy
  df2.replace(to_replace=r"\)", value='', regex=True, inplace=True)
/home/praghuram23/miniconda3/envs/toxin_hemo/lib/python3.10/site-packages/toxinpred3/python_scripts/toxinpred3.py:143: SettingWithCopyWarning: 
A value is trying to be set on a copy of a slice from a DataFrame

See the caveats in the documentation: https://pandas.pydata.org/pandas-docs/stable/user_guide/indexing.html#returning-a-view-versus-a-copy
  df2.replace(to_replace=r'motifs match', value='', regex=True, inplace=True)
/home/praghuram23/miniconda3/envs/toxin_hemo/lib/python3.10/site-packages/toxinpred3/python_scripts/toxinpred3.py:144: SettingWithCopyWarning: 
A value is trying to be set on a copy of a slice from a DataFrame

See the caveats in the documentation: https://pandas.pydata.org/pandas-docs/stable/user_guide/indexing.html#returning-a-view-versus-a-copy
  df2.replace(to_replace=r' $', value='', regex=True,inplace=True)
/home/praghuram23/miniconda3/envs/toxin_hemo/lib/python3.10/site-packages/toxinpred3/python_scripts/toxinpred3.py:209: SettingWithCopyWarning: 
A value is trying to be set on a copy of a slice from a DataFrame

See the caveats in the documentation: https://pandas.pydata.org/pandas-docs/stable/user_guide/indexing.html#returning-a-view-versus-a-copy
  df2.replace(to_replace=r"\)", value='', regex=True, inplace=True)
/home/praghuram23/miniconda3/envs/toxin_hemo/lib/python3.10/site-packages/toxinpred3/python_scripts/toxinpred3.py:210: SettingWithCopyWarning: 
A value is trying to be set on a copy of a slice from a DataFrame

See the caveats in the documentation: https://pandas.pydata.org/pandas-docs/stable/user_guide/indexing.html#returning-a-view-versus-a-copy
  df2.replace(to_replace=r'motifs match', value='', regex=True, inplace=True)
/home/praghuram23/miniconda3/envs/toxin_hemo/lib/python3.10/site-packages/toxinpred3/python_scripts/toxinpred3.py:211: SettingWithCopyWarning: 
A value is trying to be set on a copy of a slice from a DataFrame

See the caveats in the documentation: https://pandas.pydata.org/pandas-docs/stable/user_guide/indexing.html#returning-a-view-versus-a-copy
  df2.replace(to_replace=r' $', value='', regex=True,inplace=True)
127.0.0.1 - - [26/Jul/2026 10:27:39] "POST /score HTTP/1.1" 200 -
/home/praghuram23/miniconda3/envs/toxin_hemo/lib/python3.10/site-packages/sklearn/base.py:439: UserWarning: X does not have valid feature names, but ExtraTreesClassifier was fitted with feature names
  warnings.warn(

This is the MERCI (Motif - EmeRging and with Classes - Identification) motif locator program.

   * Loading hierarchy NONE
   * Reading data
       input file Sequence_1 read -> 200 sequences found
   * Motif locations written to merci_p.txt

This is the MERCI (Motif - EmeRging and with Classes - Identification) motif locator program.

   * Loading hierarchy NONE
   * Reading data
       input file Sequence_1 read -> 200 sequences found
   * Motif locations written to merci_n.txt
/home/praghuram23/miniconda3/envs/toxin_hemo/lib/python3.10/site-packages/toxinpred3/python_scripts/toxinpred3.py:209: SettingWithCopyWarning: 
A value is trying to be set on a copy of a slice from a DataFrame

See the caveats in the documentation: https://pandas.pydata.org/pandas-docs/stable/user_guide/indexing.html#returning-a-view-versus-a-copy
  df2.replace(to_replace=r"\)", value='', regex=True, inplace=True)
/home/praghuram23/miniconda3/envs/toxin_hemo/lib/python3.10/site-packages/toxinpred3/python_scripts/toxinpred3.py:210: SettingWithCopyWarning: 
A value is trying to be set on a copy of a slice from a DataFrame

See the caveats in the documentation: https://pandas.pydata.org/pandas-docs/stable/user_guide/indexing.html#returning-a-view-versus-a-copy
  df2.replace(to_replace=r'motifs match', value='', regex=True, inplace=True)
/home/praghuram23/miniconda3/envs/toxin_hemo/lib/python3.10/site-packages/toxinpred3/python_scripts/toxinpred3.py:211: SettingWithCopyWarning: 
A value is trying to be set on a copy of a slice from a DataFrame

See the caveats in the documentation: https://pandas.pydata.org/pandas-docs/stable/user_guide/indexing.html#returning-a-view-versus-a-copy
  df2.replace(to_replace=r' $', value='', regex=True,inplace=True)
127.0.0.1 - - [26/Jul/2026 10:27:48] "POST /score HTTP/1.1" 200 -
/home/praghuram23/miniconda3/envs/toxin_hemo/lib/python3.10/site-packages/sklearn/base.py:439: UserWarning: X does not have valid feature names, but ExtraTreesClassifier was fitted with feature names
  warnings.warn(

This is the MERCI (Motif - EmeRging and with Classes - Identification) motif locator program.

   * Loading hierarchy NONE
   * Reading data
       input file Sequence_1 read -> 200 sequences found
   * Motif locations written to merci_p.txt

This is the MERCI (Motif - EmeRging and with Classes - Identification) motif locator program.

   * Loading hierarchy NONE
   * Reading data
       input file Sequence_1 read -> 200 sequences found
   * Motif locations written to merci_n.txt
/home/praghuram23/miniconda3/envs/toxin_hemo/lib/python3.10/site-packages/toxinpred3/python_scripts/toxinpred3.py:209: SettingWithCopyWarning: 
A value is trying to be set on a copy of a slice from a DataFrame

See the caveats in the documentation: https://pandas.pydata.org/pandas-docs/stable/user_guide/indexing.html#returning-a-view-versus-a-copy
  df2.replace(to_replace=r"\)", value='', regex=True, inplace=True)
/home/praghuram23/miniconda3/envs/toxin_hemo/lib/python3.10/site-packages/toxinpred3/python_scripts/toxinpred3.py:210: SettingWithCopyWarning: 
A value is trying to be set on a copy of a slice from a DataFrame

See the caveats in the documentation: https://pandas.pydata.org/pandas-docs/stable/user_guide/indexing.html#returning-a-view-versus-a-copy
  df2.replace(to_replace=r'motifs match', value='', regex=True, inplace=True)
/home/praghuram23/miniconda3/envs/toxin_hemo/lib/python3.10/site-packages/toxinpred3/python_scripts/toxinpred3.py:211: SettingWithCopyWarning: 
A value is trying to be set on a copy of a slice from a DataFrame

See the caveats in the documentation: https://pandas.pydata.org/pandas-docs/stable/user_guide/indexing.html#returning-a-view-versus-a-copy
  df2.replace(to_replace=r' $', value='', regex=True,inplace=True)
127.0.0.1 - - [26/Jul/2026 10:27:57] "POST /score HTTP/1.1" 200 -
/home/praghuram23/miniconda3/envs/toxin_hemo/lib/python3.10/site-packages/sklearn/base.py:439: UserWarning: X does not have valid feature names, but ExtraTreesClassifier was fitted with feature names
  warnings.warn(

This is the MERCI (Motif - EmeRging and with Classes - Identification) motif locator program.

   * Loading hierarchy NONE
   * Reading data
       input file Sequence_1 read -> 200 sequences found
   * Motif locations written to merci_p.txt

This is the MERCI (Motif - EmeRging and with Classes - Identification) motif locator program.

   * Loading hierarchy NONE
   * Reading data
       input file Sequence_1 read -> 200 sequences found
   * Motif locations written to merci_n.txt
/home/praghuram23/miniconda3/envs/toxin_hemo/lib/python3.10/site-packages/toxinpred3/python_scripts/toxinpred3.py:209: SettingWithCopyWarning: 
A value is trying to be set on a copy of a slice from a DataFrame

See the caveats in the documentation: https://pandas.pydata.org/pandas-docs/stable/user_guide/indexing.html#returning-a-view-versus-a-copy
  df2.replace(to_replace=r"\)", value='', regex=True, inplace=True)
/home/praghuram23/miniconda3/envs/toxin_hemo/lib/python3.10/site-packages/toxinpred3/python_scripts/toxinpred3.py:210: SettingWithCopyWarning: 
A value is trying to be set on a copy of a slice from a DataFrame

See the caveats in the documentation: https://pandas.pydata.org/pandas-docs/stable/user_guide/indexing.html#returning-a-view-versus-a-copy
  df2.replace(to_replace=r'motifs match', value='', regex=True, inplace=True)
/home/praghuram23/miniconda3/envs/toxin_hemo/lib/python3.10/site-packages/toxinpred3/python_scripts/toxinpred3.py:211: SettingWithCopyWarning: 
A value is trying to be set on a copy of a slice from a DataFrame

See the caveats in the documentation: https://pandas.pydata.org/pandas-docs/stable/user_guide/indexing.html#returning-a-view-versus-a-copy
  df2.replace(to_replace=r' $', value='', regex=True,inplace=True)
127.0.0.1 - - [26/Jul/2026 10:28:05] "POST /score HTTP/1.1" 200 -
/home/praghuram23/miniconda3/envs/toxin_hemo/lib/python3.10/site-packages/sklearn/base.py:439: UserWarning: X does not have valid feature names, but ExtraTreesClassifier was fitted with feature names
  warnings.warn(

This is the MERCI (Motif - EmeRging and with Classes - Identification) motif locator program.

   * Loading hierarchy NONE
   * Reading data
       input file Sequence_1 read -> 200 sequences found
   * Motif locations written to merci_p.txt

This is the MERCI (Motif - EmeRging and with Classes - Identification) motif locator program.

   * Loading hierarchy NONE
   * Reading data
       input file Sequence_1 read -> 200 sequences found
   * Motif locations written to merci_n.txt
/home/praghuram23/miniconda3/envs/toxin_hemo/lib/python3.10/site-packages/toxinpred3/python_scripts/toxinpred3.py:142: SettingWithCopyWarning: 
A value is trying to be set on a copy of a slice from a DataFrame

See the caveats in the documentation: https://pandas.pydata.org/pandas-docs/stable/user_guide/indexing.html#returning-a-view-versus-a-copy
  df2.replace(to_replace=r"\)", value='', regex=True, inplace=True)
/home/praghuram23/miniconda3/envs/toxin_hemo/lib/python3.10/site-packages/toxinpred3/python_scripts/toxinpred3.py:143: SettingWithCopyWarning: 
A value is trying to be set on a copy of a slice from a DataFrame

See the caveats in the documentation: https://pandas.pydata.org/pandas-docs/stable/user_guide/indexing.html#returning-a-view-versus-a-copy
  df2.replace(to_replace=r'motifs match', value='', regex=True, inplace=True)
/home/praghuram23/miniconda3/envs/toxin_hemo/lib/python3.10/site-packages/toxinpred3/python_scripts/toxinpred3.py:144: SettingWithCopyWarning: 
A value is trying to be set on a copy of a slice from a DataFrame

See the caveats in the documentation: https://pandas.pydata.org/pandas-docs/stable/user_guide/indexing.html#returning-a-view-versus-a-copy
  df2.replace(to_replace=r' $', value='', regex=True,inplace=True)
/home/praghuram23/miniconda3/envs/toxin_hemo/lib/python3.10/site-packages/toxinpred3/python_scripts/toxinpred3.py:209: SettingWithCopyWarning: 
A value is trying to be set on a copy of a slice from a DataFrame

See the caveats in the documentation: https://pandas.pydata.org/pandas-docs/stable/user_guide/indexing.html#returning-a-view-versus-a-copy
  df2.replace(to_replace=r"\)", value='', regex=True, inplace=True)
/home/praghuram23/miniconda3/envs/toxin_hemo/lib/python3.10/site-packages/toxinpred3/python_scripts/toxinpred3.py:210: SettingWithCopyWarning: 
A value is trying to be set on a copy of a slice from a DataFrame

See the caveats in the documentation: https://pandas.pydata.org/pandas-docs/stable/user_guide/indexing.html#returning-a-view-versus-a-copy
  df2.replace(to_replace=r'motifs match', value='', regex=True, inplace=True)
/home/praghuram23/miniconda3/envs/toxin_hemo/lib/python3.10/site-packages/toxinpred3/python_scripts/toxinpred3.py:211: SettingWithCopyWarning: 
A value is trying to be set on a copy of a slice from a DataFrame

See the caveats in the documentation: https://pandas.pydata.org/pandas-docs/stable/user_guide/indexing.html#returning-a-view-versus-a-copy
  df2.replace(to_replace=r' $', value='', regex=True,inplace=True)
127.0.0.1 - - [26/Jul/2026 10:28:14] "POST /score HTTP/1.1" 200 -
/home/praghuram23/miniconda3/envs/toxin_hemo/lib/python3.10/site-packages/sklearn/base.py:439: UserWarning: X does not have valid feature names, but ExtraTreesClassifier was fitted with feature names
  warnings.warn(

This is the MERCI (Motif - EmeRging and with Classes - Identification) motif locator program.

   * Loading hierarchy NONE
   * Reading data
       input file Sequence_1 read -> 200 sequences found
   * Motif locations written to merci_p.txt

This is the MERCI (Motif - EmeRging and with Classes - Identification) motif locator program.

   * Loading hierarchy NONE
   * Reading data
       input file Sequence_1 read -> 200 sequences found
   * Motif locations written to merci_n.txt
/home/praghuram23/miniconda3/envs/toxin_hemo/lib/python3.10/site-packages/toxinpred3/python_scripts/toxinpred3.py:209: SettingWithCopyWarning: 
A value is trying to be set on a copy of a slice from a DataFrame

See the caveats in the documentation: https://pandas.pydata.org/pandas-docs/stable/user_guide/indexing.html#returning-a-view-versus-a-copy
  df2.replace(to_replace=r"\)", value='', regex=True, inplace=True)
/home/praghuram23/miniconda3/envs/toxin_hemo/lib/python3.10/site-packages/toxinpred3/python_scripts/toxinpred3.py:210: SettingWithCopyWarning: 
A value is trying to be set on a copy of a slice from a DataFrame

See the caveats in the documentation: https://pandas.pydata.org/pandas-docs/stable/user_guide/indexing.html#returning-a-view-versus-a-copy
  df2.replace(to_replace=r'motifs match', value='', regex=True, inplace=True)
/home/praghuram23/miniconda3/envs/toxin_hemo/lib/python3.10/site-packages/toxinpred3/python_scripts/toxinpred3.py:211: SettingWithCopyWarning: 
A value is trying to be set on a copy of a slice from a DataFrame

See the caveats in the documentation: https://pandas.pydata.org/pandas-docs/stable/user_guide/indexing.html#returning-a-view-versus-a-copy
  df2.replace(to_replace=r' $', value='', regex=True,inplace=True)
127.0.0.1 - - [26/Jul/2026 10:28:23] "POST /score HTTP/1.1" 200 -
/home/praghuram23/miniconda3/envs/toxin_hemo/lib/python3.10/site-packages/sklearn/base.py:439: UserWarning: X does not have valid feature names, but ExtraTreesClassifier was fitted with feature names
  warnings.warn(

This is the MERCI (Motif - EmeRging and with Classes - Identification) motif locator program.

   * Loading hierarchy NONE
   * Reading data
       input file Sequence_1 read -> 200 sequences found
   * Motif locations written to merci_p.txt

This is the MERCI (Motif - EmeRging and with Classes - Identification) motif locator program.

   * Loading hierarchy NONE
   * Reading data
       input file Sequence_1 read -> 200 sequences found
   * Motif locations written to merci_n.txt
/home/praghuram23/miniconda3/envs/toxin_hemo/lib/python3.10/site-packages/toxinpred3/python_scripts/toxinpred3.py:209: SettingWithCopyWarning: 
A value is trying to be set on a copy of a slice from a DataFrame

See the caveats in the documentation: https://pandas.pydata.org/pandas-docs/stable/user_guide/indexing.html#returning-a-view-versus-a-copy
  df2.replace(to_replace=r"\)", value='', regex=True, inplace=True)
/home/praghuram23/miniconda3/envs/toxin_hemo/lib/python3.10/site-packages/toxinpred3/python_scripts/toxinpred3.py:210: SettingWithCopyWarning: 
A value is trying to be set on a copy of a slice from a DataFrame

See the caveats in the documentation: https://pandas.pydata.org/pandas-docs/stable/user_guide/indexing.html#returning-a-view-versus-a-copy
  df2.replace(to_replace=r'motifs match', value='', regex=True, inplace=True)
/home/praghuram23/miniconda3/envs/toxin_hemo/lib/python3.10/site-packages/toxinpred3/python_scripts/toxinpred3.py:211: SettingWithCopyWarning: 
A value is trying to be set on a copy of a slice from a DataFrame

See the caveats in the documentation: https://pandas.pydata.org/pandas-docs/stable/user_guide/indexing.html#returning-a-view-versus-a-copy
  df2.replace(to_replace=r' $', value='', regex=True,inplace=True)
127.0.0.1 - - [26/Jul/2026 10:28:32] "POST /score HTTP/1.1" 200 -
/home/praghuram23/miniconda3/envs/toxin_hemo/lib/python3.10/site-packages/sklearn/base.py:439: UserWarning: X does not have valid feature names, but ExtraTreesClassifier was fitted with feature names
  warnings.warn(

This is the MERCI (Motif - EmeRging and with Classes - Identification) motif locator program.

   * Loading hierarchy NONE
   * Reading data
       input file Sequence_1 read -> 200 sequences found
   * Motif locations written to merci_p.txt

This is the MERCI (Motif - EmeRging and with Classes - Identification) motif locator program.

   * Loading hierarchy NONE
   * Reading data
       input file Sequence_1 read -> 200 sequences found
   * Motif locations written to merci_n.txt
/home/praghuram23/miniconda3/envs/toxin_hemo/lib/python3.10/site-packages/toxinpred3/python_scripts/toxinpred3.py:209: SettingWithCopyWarning: 
A value is trying to be set on a copy of a slice from a DataFrame

See the caveats in the documentation: https://pandas.pydata.org/pandas-docs/stable/user_guide/indexing.html#returning-a-view-versus-a-copy
  df2.replace(to_replace=r"\)", value='', regex=True, inplace=True)
/home/praghuram23/miniconda3/envs/toxin_hemo/lib/python3.10/site-packages/toxinpred3/python_scripts/toxinpred3.py:210: SettingWithCopyWarning: 
A value is trying to be set on a copy of a slice from a DataFrame

See the caveats in the documentation: https://pandas.pydata.org/pandas-docs/stable/user_guide/indexing.html#returning-a-view-versus-a-copy
  df2.replace(to_replace=r'motifs match', value='', regex=True, inplace=True)
/home/praghuram23/miniconda3/envs/toxin_hemo/lib/python3.10/site-packages/toxinpred3/python_scripts/toxinpred3.py:211: SettingWithCopyWarning: 
A value is trying to be set on a copy of a slice from a DataFrame

See the caveats in the documentation: https://pandas.pydata.org/pandas-docs/stable/user_guide/indexing.html#returning-a-view-versus-a-copy
  df2.replace(to_replace=r' $', value='', regex=True,inplace=True)
127.0.0.1 - - [26/Jul/2026 10:28:40] "POST /score HTTP/1.1" 200 -
/home/praghuram23/miniconda3/envs/toxin_hemo/lib/python3.10/site-packages/sklearn/base.py:439: UserWarning: X does not have valid feature names, but ExtraTreesClassifier was fitted with feature names
  warnings.warn(

This is the MERCI (Motif - EmeRging and with Classes - Identification) motif locator program.

   * Loading hierarchy NONE
   * Reading data
       input file Sequence_1 read -> 200 sequences found
   * Motif locations written to merci_p.txt

This is the MERCI (Motif - EmeRging and with Classes - Identification) motif locator program.

   * Loading hierarchy NONE
   * Reading data
       input file Sequence_1 read -> 200 sequences found
   * Motif locations written to merci_n.txt
/home/praghuram23/miniconda3/envs/toxin_hemo/lib/python3.10/site-packages/toxinpred3/python_scripts/toxinpred3.py:209: SettingWithCopyWarning: 
A value is trying to be set on a copy of a slice from a DataFrame

See the caveats in the documentation: https://pandas.pydata.org/pandas-docs/stable/user_guide/indexing.html#returning-a-view-versus-a-copy
  df2.replace(to_replace=r"\)", value='', regex=True, inplace=True)
/home/praghuram23/miniconda3/envs/toxin_hemo/lib/python3.10/site-packages/toxinpred3/python_scripts/toxinpred3.py:210: SettingWithCopyWarning: 
A value is trying to be set on a copy of a slice from a DataFrame

See the caveats in the documentation: https://pandas.pydata.org/pandas-docs/stable/user_guide/indexing.html#returning-a-view-versus-a-copy
  df2.replace(to_replace=r'motifs match', value='', regex=True, inplace=True)
/home/praghuram23/miniconda3/envs/toxin_hemo/lib/python3.10/site-packages/toxinpred3/python_scripts/toxinpred3.py:211: SettingWithCopyWarning: 
A value is trying to be set on a copy of a slice from a DataFrame

See the caveats in the documentation: https://pandas.pydata.org/pandas-docs/stable/user_guide/indexing.html#returning-a-view-versus-a-copy
  df2.replace(to_replace=r' $', value='', regex=True,inplace=True)
127.0.0.1 - - [26/Jul/2026 10:28:49] "POST /score HTTP/1.1" 200 -
/home/praghuram23/miniconda3/envs/toxin_hemo/lib/python3.10/site-packages/sklearn/base.py:439: UserWarning: X does not have valid feature names, but ExtraTreesClassifier was fitted with feature names
  warnings.warn(

This is the MERCI (Motif - EmeRging and with Classes - Identification) motif locator program.

   * Loading hierarchy NONE
   * Reading data
       input file Sequence_1 read -> 200 sequences found
   * Motif locations written to merci_p.txt

This is the MERCI (Motif - EmeRging and with Classes - Identification) motif locator program.

   * Loading hierarchy NONE
   * Reading data
       input file Sequence_1 read -> 200 sequences found
   * Motif locations written to merci_n.txt
/home/praghuram23/miniconda3/envs/toxin_hemo/lib/python3.10/site-packages/toxinpred3/python_scripts/toxinpred3.py:209: SettingWithCopyWarning: 
A value is trying to be set on a copy of a slice from a DataFrame

See the caveats in the documentation: https://pandas.pydata.org/pandas-docs/stable/user_guide/indexing.html#returning-a-view-versus-a-copy
  df2.replace(to_replace=r"\)", value='', regex=True, inplace=True)
/home/praghuram23/miniconda3/envs/toxin_hemo/lib/python3.10/site-packages/toxinpred3/python_scripts/toxinpred3.py:210: SettingWithCopyWarning: 
A value is trying to be set on a copy of a slice from a DataFrame

See the caveats in the documentation: https://pandas.pydata.org/pandas-docs/stable/user_guide/indexing.html#returning-a-view-versus-a-copy
  df2.replace(to_replace=r'motifs match', value='', regex=True, inplace=True)
/home/praghuram23/miniconda3/envs/toxin_hemo/lib/python3.10/site-packages/toxinpred3/python_scripts/toxinpred3.py:211: SettingWithCopyWarning: 
A value is trying to be set on a copy of a slice from a DataFrame

See the caveats in the documentation: https://pandas.pydata.org/pandas-docs/stable/user_guide/indexing.html#returning-a-view-versus-a-copy
  df2.replace(to_replace=r' $', value='', regex=True,inplace=True)
127.0.0.1 - - [26/Jul/2026 10:28:58] "POST /score HTTP/1.1" 200 -
/home/praghuram23/miniconda3/envs/toxin_hemo/lib/python3.10/site-packages/sklearn/base.py:439: UserWarning: X does not have valid feature names, but ExtraTreesClassifier was fitted with feature names
  warnings.warn(

This is the MERCI (Motif - EmeRging and with Classes - Identification) motif locator program.

   * Loading hierarchy NONE
   * Reading data
       input file Sequence_1 read -> 200 sequences found
   * Motif locations written to merci_p.txt

This is the MERCI (Motif - EmeRging and with Classes - Identification) motif locator program.

   * Loading hierarchy NONE
   * Reading data
       input file Sequence_1 read -> 200 sequences found
   * Motif locations written to merci_n.txt
/home/praghuram23/miniconda3/envs/toxin_hemo/lib/python3.10/site-packages/toxinpred3/python_scripts/toxinpred3.py:209: SettingWithCopyWarning: 
A value is trying to be set on a copy of a slice from a DataFrame

See the caveats in the documentation: https://pandas.pydata.org/pandas-docs/stable/user_guide/indexing.html#returning-a-view-versus-a-copy
  df2.replace(to_replace=r"\)", value='', regex=True, inplace=True)
/home/praghuram23/miniconda3/envs/toxin_hemo/lib/python3.10/site-packages/toxinpred3/python_scripts/toxinpred3.py:210: SettingWithCopyWarning: 
A value is trying to be set on a copy of a slice from a DataFrame

See the caveats in the documentation: https://pandas.pydata.org/pandas-docs/stable/user_guide/indexing.html#returning-a-view-versus-a-copy
  df2.replace(to_replace=r'motifs match', value='', regex=True, inplace=True)
/home/praghuram23/miniconda3/envs/toxin_hemo/lib/python3.10/site-packages/toxinpred3/python_scripts/toxinpred3.py:211: SettingWithCopyWarning: 
A value is trying to be set on a copy of a slice from a DataFrame

See the caveats in the documentation: https://pandas.pydata.org/pandas-docs/stable/user_guide/indexing.html#returning-a-view-versus-a-copy
  df2.replace(to_replace=r' $', value='', regex=True,inplace=True)
127.0.0.1 - - [26/Jul/2026 10:29:06] "POST /score HTTP/1.1" 200 -
/home/praghuram23/miniconda3/envs/toxin_hemo/lib/python3.10/site-packages/sklearn/base.py:439: UserWarning: X does not have valid feature names, but ExtraTreesClassifier was fitted with feature names
  warnings.warn(

This is the MERCI (Motif - EmeRging and with Classes - Identification) motif locator program.

   * Loading hierarchy NONE
   * Reading data
       input file Sequence_1 read -> 200 sequences found
   * Motif locations written to merci_p.txt

This is the MERCI (Motif - EmeRging and with Classes - Identification) motif locator program.

   * Loading hierarchy NONE
   * Reading data
       input file Sequence_1 read -> 200 sequences found
   * Motif locations written to merci_n.txt
/home/praghuram23/miniconda3/envs/toxin_hemo/lib/python3.10/site-packages/toxinpred3/python_scripts/toxinpred3.py:209: SettingWithCopyWarning: 
A value is trying to be set on a copy of a slice from a DataFrame

See the caveats in the documentation: https://pandas.pydata.org/pandas-docs/stable/user_guide/indexing.html#returning-a-view-versus-a-copy
  df2.replace(to_replace=r"\)", value='', regex=True, inplace=True)
/home/praghuram23/miniconda3/envs/toxin_hemo/lib/python3.10/site-packages/toxinpred3/python_scripts/toxinpred3.py:210: SettingWithCopyWarning: 
A value is trying to be set on a copy of a slice from a DataFrame

See the caveats in the documentation: https://pandas.pydata.org/pandas-docs/stable/user_guide/indexing.html#returning-a-view-versus-a-copy
  df2.replace(to_replace=r'motifs match', value='', regex=True, inplace=True)
/home/praghuram23/miniconda3/envs/toxin_hemo/lib/python3.10/site-packages/toxinpred3/python_scripts/toxinpred3.py:211: SettingWithCopyWarning: 
A value is trying to be set on a copy of a slice from a DataFrame

See the caveats in the documentation: https://pandas.pydata.org/pandas-docs/stable/user_guide/indexing.html#returning-a-view-versus-a-copy
  df2.replace(to_replace=r' $', value='', regex=True,inplace=True)
127.0.0.1 - - [26/Jul/2026 10:29:15] "POST /score HTTP/1.1" 200 -
/home/praghuram23/miniconda3/envs/toxin_hemo/lib/python3.10/site-packages/sklearn/base.py:439: UserWarning: X does not have valid feature names, but ExtraTreesClassifier was fitted with feature names
  warnings.warn(

This is the MERCI (Motif - EmeRging and with Classes - Identification) motif locator program.

   * Loading hierarchy NONE
   * Reading data
       input file Sequence_1 read -> 200 sequences found
   * Motif locations written to merci_p.txt

This is the MERCI (Motif - EmeRging and with Classes - Identification) motif locator program.

   * Loading hierarchy NONE
   * Reading data
       input file Sequence_1 read -> 200 sequences found
   * Motif locations written to merci_n.txt
/home/praghuram23/miniconda3/envs/toxin_hemo/lib/python3.10/site-packages/toxinpred3/python_scripts/toxinpred3.py:209: SettingWithCopyWarning: 
A value is trying to be set on a copy of a slice from a DataFrame

See the caveats in the documentation: https://pandas.pydata.org/pandas-docs/stable/user_guide/indexing.html#returning-a-view-versus-a-copy
  df2.replace(to_replace=r"\)", value='', regex=True, inplace=True)
/home/praghuram23/miniconda3/envs/toxin_hemo/lib/python3.10/site-packages/toxinpred3/python_scripts/toxinpred3.py:210: SettingWithCopyWarning: 
A value is trying to be set on a copy of a slice from a DataFrame

See the caveats in the documentation: https://pandas.pydata.org/pandas-docs/stable/user_guide/indexing.html#returning-a-view-versus-a-copy
  df2.replace(to_replace=r'motifs match', value='', regex=True, inplace=True)
/home/praghuram23/miniconda3/envs/toxin_hemo/lib/python3.10/site-packages/toxinpred3/python_scripts/toxinpred3.py:211: SettingWithCopyWarning: 
A value is trying to be set on a copy of a slice from a DataFrame

See the caveats in the documentation: https://pandas.pydata.org/pandas-docs/stable/user_guide/indexing.html#returning-a-view-versus-a-copy
  df2.replace(to_replace=r' $', value='', regex=True,inplace=True)
127.0.0.1 - - [26/Jul/2026 10:29:24] "POST /score HTTP/1.1" 200 -
/home/praghuram23/miniconda3/envs/toxin_hemo/lib/python3.10/site-packages/sklearn/base.py:439: UserWarning: X does not have valid feature names, but ExtraTreesClassifier was fitted with feature names
  warnings.warn(

This is the MERCI (Motif - EmeRging and with Classes - Identification) motif locator program.

   * Loading hierarchy NONE
   * Reading data
       input file Sequence_1 read -> 200 sequences found
   * Motif locations written to merci_p.txt

This is the MERCI (Motif - EmeRging and with Classes - Identification) motif locator program.

   * Loading hierarchy NONE
   * Reading data
       input file Sequence_1 read -> 200 sequences found
   * Motif locations written to merci_n.txt
/home/praghuram23/miniconda3/envs/toxin_hemo/lib/python3.10/site-packages/toxinpred3/python_scripts/toxinpred3.py:209: SettingWithCopyWarning: 
A value is trying to be set on a copy of a slice from a DataFrame

See the caveats in the documentation: https://pandas.pydata.org/pandas-docs/stable/user_guide/indexing.html#returning-a-view-versus-a-copy
  df2.replace(to_replace=r"\)", value='', regex=True, inplace=True)
/home/praghuram23/miniconda3/envs/toxin_hemo/lib/python3.10/site-packages/toxinpred3/python_scripts/toxinpred3.py:210: SettingWithCopyWarning: 
A value is trying to be set on a copy of a slice from a DataFrame

See the caveats in the documentation: https://pandas.pydata.org/pandas-docs/stable/user_guide/indexing.html#returning-a-view-versus-a-copy
  df2.replace(to_replace=r'motifs match', value='', regex=True, inplace=True)
/home/praghuram23/miniconda3/envs/toxin_hemo/lib/python3.10/site-packages/toxinpred3/python_scripts/toxinpred3.py:211: SettingWithCopyWarning: 
A value is trying to be set on a copy of a slice from a DataFrame

See the caveats in the documentation: https://pandas.pydata.org/pandas-docs/stable/user_guide/indexing.html#returning-a-view-versus-a-copy
  df2.replace(to_replace=r' $', value='', regex=True,inplace=True)
127.0.0.1 - - [26/Jul/2026 10:29:33] "POST /score HTTP/1.1" 200 -
/home/praghuram23/miniconda3/envs/toxin_hemo/lib/python3.10/site-packages/sklearn/base.py:439: UserWarning: X does not have valid feature names, but ExtraTreesClassifier was fitted with feature names
  warnings.warn(

This is the MERCI (Motif - EmeRging and with Classes - Identification) motif locator program.

   * Loading hierarchy NONE
   * Reading data
       input file Sequence_1 read -> 200 sequences found
   * Motif locations written to merci_p.txt

This is the MERCI (Motif - EmeRging and with Classes - Identification) motif locator program.

   * Loading hierarchy NONE
   * Reading data
       input file Sequence_1 read -> 200 sequences found
   * Motif locations written to merci_n.txt
/home/praghuram23/miniconda3/envs/toxin_hemo/lib/python3.10/site-packages/toxinpred3/python_scripts/toxinpred3.py:209: SettingWithCopyWarning: 
A value is trying to be set on a copy of a slice from a DataFrame

See the caveats in the documentation: https://pandas.pydata.org/pandas-docs/stable/user_guide/indexing.html#returning-a-view-versus-a-copy
  df2.replace(to_replace=r"\)", value='', regex=True, inplace=True)
/home/praghuram23/miniconda3/envs/toxin_hemo/lib/python3.10/site-packages/toxinpred3/python_scripts/toxinpred3.py:210: SettingWithCopyWarning: 
A value is trying to be set on a copy of a slice from a DataFrame

See the caveats in the documentation: https://pandas.pydata.org/pandas-docs/stable/user_guide/indexing.html#returning-a-view-versus-a-copy
  df2.replace(to_replace=r'motifs match', value='', regex=True, inplace=True)
/home/praghuram23/miniconda3/envs/toxin_hemo/lib/python3.10/site-packages/toxinpred3/python_scripts/toxinpred3.py:211: SettingWithCopyWarning: 
A value is trying to be set on a copy of a slice from a DataFrame

See the caveats in the documentation: https://pandas.pydata.org/pandas-docs/stable/user_guide/indexing.html#returning-a-view-versus-a-copy
  df2.replace(to_replace=r' $', value='', regex=True,inplace=True)
127.0.0.1 - - [26/Jul/2026 10:29:41] "POST /score HTTP/1.1" 200 -
/home/praghuram23/miniconda3/envs/toxin_hemo/lib/python3.10/site-packages/sklearn/base.py:439: UserWarning: X does not have valid feature names, but ExtraTreesClassifier was fitted with feature names
  warnings.warn(

This is the MERCI (Motif - EmeRging and with Classes - Identification) motif locator program.

   * Loading hierarchy NONE
   * Reading data
       input file Sequence_1 read -> 200 sequences found
   * Motif locations written to merci_p.txt

This is the MERCI (Motif - EmeRging and with Classes - Identification) motif locator program.

   * Loading hierarchy NONE
   * Reading data
       input file Sequence_1 read -> 200 sequences found
   * Motif locations written to merci_n.txt
/home/praghuram23/miniconda3/envs/toxin_hemo/lib/python3.10/site-packages/toxinpred3/python_scripts/toxinpred3.py:209: SettingWithCopyWarning: 
A value is trying to be set on a copy of a slice from a DataFrame

See the caveats in the documentation: https://pandas.pydata.org/pandas-docs/stable/user_guide/indexing.html#returning-a-view-versus-a-copy
  df2.replace(to_replace=r"\)", value='', regex=True, inplace=True)
/home/praghuram23/miniconda3/envs/toxin_hemo/lib/python3.10/site-packages/toxinpred3/python_scripts/toxinpred3.py:210: SettingWithCopyWarning: 
A value is trying to be set on a copy of a slice from a DataFrame

See the caveats in the documentation: https://pandas.pydata.org/pandas-docs/stable/user_guide/indexing.html#returning-a-view-versus-a-copy
  df2.replace(to_replace=r'motifs match', value='', regex=True, inplace=True)
/home/praghuram23/miniconda3/envs/toxin_hemo/lib/python3.10/site-packages/toxinpred3/python_scripts/toxinpred3.py:211: SettingWithCopyWarning: 
A value is trying to be set on a copy of a slice from a DataFrame

See the caveats in the documentation: https://pandas.pydata.org/pandas-docs/stable/user_guide/indexing.html#returning-a-view-versus-a-copy
  df2.replace(to_replace=r' $', value='', regex=True,inplace=True)
127.0.0.1 - - [26/Jul/2026 10:29:50] "POST /score HTTP/1.1" 200 -
/home/praghuram23/miniconda3/envs/toxin_hemo/lib/python3.10/site-packages/sklearn/base.py:439: UserWarning: X does not have valid feature names, but ExtraTreesClassifier was fitted with feature names
  warnings.warn(

This is the MERCI (Motif - EmeRging and with Classes - Identification) motif locator program.

   * Loading hierarchy NONE
   * Reading data
       input file Sequence_1 read -> 200 sequences found
   * Motif locations written to merci_p.txt

This is the MERCI (Motif - EmeRging and with Classes - Identification) motif locator program.

   * Loading hierarchy NONE
   * Reading data
       input file Sequence_1 read -> 200 sequences found
   * Motif locations written to merci_n.txt
/home/praghuram23/miniconda3/envs/toxin_hemo/lib/python3.10/site-packages/toxinpred3/python_scripts/toxinpred3.py:209: SettingWithCopyWarning: 
A value is trying to be set on a copy of a slice from a DataFrame

See the caveats in the documentation: https://pandas.pydata.org/pandas-docs/stable/user_guide/indexing.html#returning-a-view-versus-a-copy
  df2.replace(to_replace=r"\)", value='', regex=True, inplace=True)
/home/praghuram23/miniconda3/envs/toxin_hemo/lib/python3.10/site-packages/toxinpred3/python_scripts/toxinpred3.py:210: SettingWithCopyWarning: 
A value is trying to be set on a copy of a slice from a DataFrame

See the caveats in the documentation: https://pandas.pydata.org/pandas-docs/stable/user_guide/indexing.html#returning-a-view-versus-a-copy
  df2.replace(to_replace=r'motifs match', value='', regex=True, inplace=True)
/home/praghuram23/miniconda3/envs/toxin_hemo/lib/python3.10/site-packages/toxinpred3/python_scripts/toxinpred3.py:211: SettingWithCopyWarning: 
A value is trying to be set on a copy of a slice from a DataFrame

See the caveats in the documentation: https://pandas.pydata.org/pandas-docs/stable/user_guide/indexing.html#returning-a-view-versus-a-copy
  df2.replace(to_replace=r' $', value='', regex=True,inplace=True)
127.0.0.1 - - [26/Jul/2026 10:29:59] "POST /score HTTP/1.1" 200 -
/home/praghuram23/miniconda3/envs/toxin_hemo/lib/python3.10/site-packages/sklearn/base.py:439: UserWarning: X does not have valid feature names, but ExtraTreesClassifier was fitted with feature names
  warnings.warn(

This is the MERCI (Motif - EmeRging and with Classes - Identification) motif locator program.

   * Loading hierarchy NONE
   * Reading data
       input file Sequence_1 read -> 197 sequences found
   * Motif locations written to merci_p.txt

This is the MERCI (Motif - EmeRging and with Classes - Identification) motif locator program.

   * Loading hierarchy NONE
   * Reading data
       input file Sequence_1 read -> 197 sequences found
   * Motif locations written to merci_n.txt
/home/praghuram23/miniconda3/envs/toxin_hemo/lib/python3.10/site-packages/toxinpred3/python_scripts/toxinpred3.py:209: SettingWithCopyWarning: 
A value is trying to be set on a copy of a slice from a DataFrame

See the caveats in the documentation: https://pandas.pydata.org/pandas-docs/stable/user_guide/indexing.html#returning-a-view-versus-a-copy
  df2.replace(to_replace=r"\)", value='', regex=True, inplace=True)
/home/praghuram23/miniconda3/envs/toxin_hemo/lib/python3.10/site-packages/toxinpred3/python_scripts/toxinpred3.py:210: SettingWithCopyWarning: 
A value is trying to be set on a copy of a slice from a DataFrame

See the caveats in the documentation: https://pandas.pydata.org/pandas-docs/stable/user_guide/indexing.html#returning-a-view-versus-a-copy
  df2.replace(to_replace=r'motifs match', value='', regex=True, inplace=True)
/home/praghuram23/miniconda3/envs/toxin_hemo/lib/python3.10/site-packages/toxinpred3/python_scripts/toxinpred3.py:211: SettingWithCopyWarning: 
A value is trying to be set on a copy of a slice from a DataFrame

See the caveats in the documentation: https://pandas.pydata.org/pandas-docs/stable/user_guide/indexing.html#returning-a-view-versus-a-copy
  df2.replace(to_replace=r' $', value='', regex=True,inplace=True)
127.0.0.1 - - [26/Jul/2026 10:30:07] "POST /score HTTP/1.1" 200 -
